date,home_team,away_team,home_win_rate,away_win_rate,home_avg_goals_scored,away_avg_goals_scored,home_avg_goals_conceded,away_avg_goals_conceded,home_goal_diff,away_goal_diff,home_elo,away_elo,elo_difference,neutral,result
2024-01-01,China,Hong Kong,0.4,0.2,1.3,1.8,1.0,1.4,0.30000000000000004,0.40000000000000013,1593.055222725456,1239.401836838606,353.65338588684995,1,2
2024-01-01,Japan,Thailand,0.7,0.3,3.5,1.3,0.9,2.2,2.6,-0.9000000000000001,1994.237192900292,1520.876571419168,473.3606214811241,0,0
2024-01-02,Indonesia,Libya,0.4,0.4,2.1,1.2,1.3,1.3,0.8,-0.10000000000000009,1436.172372026078,1475.1924950866212,-39.020123060543256,1,2
2024-01-04,Tajikistan,Hong Kong,0.2,0.3,1.3,1.9,1.1,1.4,0.19999999999999996,0.5,1502.5529222025634,1257.0919196938503,245.46100250871314,1,0
2024-01-04,Saudi Arabia,Lebanon,0.2,0.4,1.3,1.3,1.7,0.9,-0.3999999999999999,0.4,1701.357217218369,1442.8429451155127,258.51427210285624,1,0
2024-01-05,Indonesia,Libya,0.4,0.4,2.1,1.4,1.5,1.2,0.6000000000000001,0.19999999999999996,1419.5193554694567,1491.8455116432424,-72.32615617378565,1,2
2024-01-05,Iran,Burkina Faso,0.7,0.4,2.6,1.1,0.7,0.8,1.9000000000000001,0.30000000000000004,1892.581153317285,1674.659396159747,217.92175715753797,0,0
2024-01-05,Kyrgyzstan,Syria,0.2,0.3,1.0,0.9,1.9,1.5,-0.8999999999999999,-0.6,1412.2275528664602,1550.7955327871848,-138.5679799207246,1,1
2024-01-05,Qatar,Jordan,0.4,0.4,1.8,1.4,1.2,1.8,0.6000000000000001,-0.40000000000000013,1665.2117423154475,1636.6145009250754,28.59724139037212,0,2
2024-01-05,Togo,Algeria,0.3,0.7,1.2,1.8,1.1,0.6,0.09999999999999987,1.2000000000000002,1508.5580542132534,1833.285451220622,-324.7273970073686,0,2
2024-01-06,Ivory Coast,Sierra Leone,0.6,0.2,2.4,1.0,0.8,1.7,1.5999999999999999,-0.7,1755.301798703094,1441.478454511515,313.8233441915788,0,0
2024-01-06,Tunisia,Mauritania,0.7,0.5,1.7,1.3,0.7,1.0,1.0,0.30000000000000004,1850.0508595990475,1497.4096459311472,352.6412136679003,0,1
2024-01-06,Mali,Guinea-Bissau,0.7,0.4,1.8,0.9,0.5,0.9,1.3,0.0,1735.940184368064,1521.838458609442,214.10172575862202,0,0
2024-01-06,United Arab Emirates,Oman,0.6,0.5,1.7,1.3,0.6,1.3,1.1,0.0,1659.4585661163724,1664.8649475293405,-5.4063814129681305,0,2
2024-01-06,Bahrain,Australia,0.4,0.5,1.0,1.8,1.0,1.0,0.0,0.8,1573.7829381593842,1886.9538969958776,-313.17095883649336,1,2
2024-01-06,Iraq,South Korea,0.5,0.5,2.0,2.3,1.1,0.6,0.8999999999999999,1.6999999999999997,1729.0694121487518,1895.1104165221664,-166.04100437341458,1,2
2024-01-06,DR Congo,Angola,0.5,0.2,1.2,0.8,0.5,1.0,0.7,-0.19999999999999996,1612.9961928490857,1501.5057256254254,111.49046722366029,1,1
2024-01-06,Mozambique,Lesotho,0.4,0.2,1.4,0.7,1.3,1.1,0.09999999999999987,-0.40000000000000013,1478.8776723254853,1348.0280923598857,130.84957996559956,1,0
2024-01-07,Uzbekistan,Palestine,0.6,0.4,2.2,1.3,1.2,0.8,1.0000000000000002,0.5,1750.6296823334608,1540.6933420951043,209.93634023835648,1,0
2024-01-07,Egypt,Tanzania,0.8,0.4,2.3,0.6,0.5,0.8,1.7999999999999998,-0.20000000000000007,1793.0761727178008,1465.0921078663994,327.9840648514014,0,0
2024-01-08,Ghana,Namibia,0.4,0.3,0.8,1.2,1.2,0.9,-0.3999999999999999,0.29999999999999993,1659.2208116546904,1572.5128487279812,86.70796292670911,0,1
2024-01-08,Syria,Malaysia,0.3,0.7,0.9,2.6,1.4,1.0,-0.4999999999999999,1.6,1547.0060525385331,1493.9517250961972,53.05432744233599,1,1
2024-01-08,Senegal,Niger,0.5,0.2,1.7,1.0,0.9,1.5,0.7999999999999999,-0.5,1843.341793222927,1361.1276887291538,482.2141044937732,0,0
2024-01-08,Nigeria,Guinea,0.4,0.4,1.7,1.4,1.5,1.6,0.19999999999999996,-0.20000000000000018,1690.2694745836027,1542.6279543297835,147.64152025381918,1,2
2024-01-08,Botswana,Mozambique,0.4,0.5,1.0,1.5,1.4,1.2,-0.3999999999999999,0.30000000000000004,1445.2935425508808,1488.4812047857745,-43.18766223489365,1,1
2024-01-09,Japan,Jordan,0.8,0.4,3.9,1.4,0.8,1.9,3.0999999999999996,-0.5,1995.659314668753,1650.1555779547027,345.5037367140503,1,0
2024-01-09,Kyrgyzstan,Vietnam,0.2,0.4,1.0,0.8,1.8,1.4,-0.8,-0.5999999999999999,1416.017033115112,1535.380136070458,-119.363102955346,1,0
2024-01-09,Zambia,Cameroon,0.6,0.3,1.8,1.5,1.1,1.1,0.7,0.3999999999999999,1608.3706728887223,1724.414230796418,-116.04355790769569,1,1
2024-01-09,Equatorial Guinea,Djibouti,0.4,0.2,1.1,1.0,1.1,3.1,0.0,-2.1,1516.4036235755216,1080.3005362757265,436.1030872997951,0,1
2024-01-09,Saudi Arabia,Palestine,0.3,0.3,1.4,1.2,1.5,0.9,-0.10000000000000009,0.29999999999999993,1705.0412753129042,1536.0939778988077,168.9472974140965,1,1
2024-01-09,Burundi,Algeria,0.3,0.7,1.3,1.9,2.1,0.5,-0.8,1.4,1451.9013094896636,1840.8187883659075,-388.9174788762439,1,2
2024-01-09,Indonesia,Iran,0.3,0.8,1.9,2.8,1.6,0.7,0.2999999999999998,2.0999999999999996,1411.571511251164,1895.3456692234129,-483.77415797224876,1,2
2024-01-10,Saudi Arabia,Hong Kong,0.3,0.3,1.3,2.0,1.3,1.4,0.0,0.6000000000000001,1700.528770324838,1253.1766529405077,447.3521173843303,1,0
2024-01-10,Bahrain,Angola,0.4,0.1,0.9,0.6,1.1,0.9,-0.20000000000000007,-0.30000000000000004,1569.5374643383054,1504.608888484728,64.92857585357751,1,2
2024-01-10,Tunisia,Cape Verde,0.6,0.4,1.6,1.2,0.7,1.2,0.9000000000000001,0.0,1841.4264215180435,1591.4638923914852,249.96252912655837,0,0
2024-01-10,South Africa,Lesotho,0.4,0.2,0.9,0.7,0.8,1.1,0.09999999999999998,-0.40000000000000013,1605.5528092895831,1338.4245598995965,267.12824938998665,0,1
2024-01-10,DR Congo,Burkina Faso,0.4,0.3,0.9,1.0,0.4,0.9,0.5,0.09999999999999998,1609.893029989783,1671.8948802536197,-62.001850263836786,1,2
2024-01-11,Morocco,Sierra Leone,0.4,0.2,1.1,1.1,0.8,1.8,0.30000000000000004,-0.7,1930.0100114063864,1438.308079082185,491.7019323242014,1,0
2024-01-12,Qatar,Lebanon,0.3,0.3,1.7,1.1,1.3,1.0,0.3999999999999999,0.10000000000000009,1651.6706652858202,1439.1588870209775,212.51177826484263,0,0
2024-01-12,Kuwait,Libya,0.5,0.4,1.7,1.3,0.9,1.1,0.7999999999999999,0.19999999999999996,1471.7210796092122,1499.7933558615352,-28.072276252323036,1,2
2024-01-12,Sweden,Estonia,0.5,0.0,2.1,0.3,1.4,2.4,0.7000000000000002,-2.1,1749.6714152045226,1426.478995924135,323.19241928038764,1,0
2024-01-13,China,Tajikistan,0.4,0.3,1.4,1.5,1.2,1.2,0.19999999999999996,0.30000000000000004,1575.3651398702118,1506.468188955906,68.89695091430576,1,1
2024-01-13,Australia,India,0.5,0.4,1.9,1.3,1.0,0.8,0.8999999999999999,0.5,1891.1993708169564,1412.5702107360985,478.6291600808579,1,0
2024-01-13,Uzbekistan,Syria,0.6,0.3,2.0,1.1,1.2,1.5,0.8,-0.3999999999999999,1755.2290465297576,1545.4907856877091,209.73826084204848,1,1
2024-01-13,Ivory Coast,Guinea-Bissau,0.6,0.4,2.5,0.9,0.9,1.3,1.6,-0.4,1758.472174132424,1516.5559793310076,241.9161948014164,0,0
2024-01-13,Guatemala,Iceland,0.3,0.3,0.9,1.7,1.0,1.6,-0.09999999999999998,0.09999999999999987,1638.6968593637562,1534.946411413266,103.75044795049007,1,2
2024-01-14,Ghana,Cape Verde,0.4,0.3,0.8,1.0,1.0,1.3,-0.19999999999999996,-0.30000000000000004,1654.3107238777384,1587.9333694458965,66.37735443184192,1,2
2024-01-14,Egypt,Mozambique,0.8,0.4,2.3,1.4,0.5,1.3,1.7999999999999998,0.09999999999999987,1795.4295018956357,1487.2445269050045,308.1849749906312,1,1
2024-01-14,Nigeria,Equatorial Guinea,0.4,0.3,1.7,1.0,1.5,1.2,0.19999999999999996,-0.19999999999999996,1669.2531342666118,1507.2773445644411,161.9757897021707,1,1
2024-01-14,Iran,Palestine,0.9,0.2,3.2,0.7,0.6,0.9,2.6,-0.20000000000000007,1897.6716522144472,1540.6064828868737,357.0651693275736,1,0
2024-01-14,United Arab Emirates,Hong Kong,0.6,0.3,1.6,2.0,0.5,1.5,1.1,0.5,1646.8012794126737,1251.05403562189,395.7472437907836,1,0
2024-01-14,Japan,Vietnam,0.9,0.4,4.4,0.7,0.8,1.4,3.6000000000000005,-0.7,2000.474333413961,1522.0736649175567,478.40066849640425,1,0
2024-01-15,Indonesia,Iraq,0.3,0.4,1.7,1.5,1.9,1.2,-0.19999999999999996,0.30000000000000004,1409.2455282601293,1723.5150498208886,-314.26952156075936,1,2
2024-01-15,South Korea,Bahrain,0.6,0.4,2.2,0.9,0.4,1.3,1.8000000000000003,-0.4,1900.6647788500295,1548.8046209294043,351.86015792062517,1,0
2024-01-15,Malaysia,Jordan,0.6,0.3,2.7,1.4,1.2,2.5,1.5000000000000002,-1.1,1495.4669919470211,1645.3405592094948,-149.87356726247367,1,2
2024-01-15,Senegal,Gambia,0.6,0.3,1.8,1.0,0.6,1.3,1.2000000000000002,-0.30000000000000004,1844.018718862446,1516.30674983765,327.71196902479596,1,0
2024-01-15,Cameroon,Guinea,0.3,0.5,1.3,1.5,0.9,1.3,0.4,0.19999999999999996,1721.1931253063858,1563.6442946467744,157.54883065961144,1,1
2024-01-15,Algeria,Angola,0.7,0.2,2.2,0.8,0.5,0.8,1.7000000000000002,0.0,1844.430822184332,1525.3417318936292,319.08909029070287,1,1
2024-01-16,Mali,South Africa,0.7,0.3,2.3,0.7,0.7,0.7,1.5999999999999999,0.0,1741.2226636464984,1597.7089104309098,143.51375321558862,1,0
2024-01-16,Tunisia,Namibia,0.6,0.3,1.5,1.2,0.7,0.8,0.8,0.3999999999999999,1844.956944463632,1577.4229365049332,267.5340079586988,1,2
2024-01-16,Burkina Faso,Mauritania,0.3,0.4,1.1,1.2,1.0,1.0,0.10000000000000009,0.19999999999999996,1680.129029222043,1506.0340840121514,174.09494520989165,1,0
2024-01-16,Saudi Arabia,Oman,0.4,0.6,1.4,1.2,1.1,1.0,0.2999999999999998,0.19999999999999996,1702.6513876434558,1677.5222342330392,25.12915341041662,1,0
2024-01-16,Thailand,Kyrgyzstan,0.3,0.3,1.2,1.1,2.4,1.8,-1.2,-0.7,1519.4544496507067,1429.323504268013,90.13094538269365,1,0
2024-01-17,Lebanon,China,0.2,0.4,0.7,1.3,1.2,1.0,-0.5,0.30000000000000004,1426.7358629815924,1570.471582040063,-143.73571905847052,1,1
2024-01-17,Qatar,Tajikistan,0.4,0.3,1.9,1.5,1.1,1.2,0.7999999999999998,0.30000000000000004,1664.093689325205,1511.3617467860552,152.73194253914994,0,0
2024-01-17,Morocco,Tanzania,0.5,0.4,1.4,0.6,0.7,0.8,0.7,-0.20000000000000007,1931.6810112745045,1462.7387786885645,468.94223258594,1,0
2024-01-17,DR Congo,Zambia,0.4,0.6,0.9,1.9,0.5,1.1,0.4,0.7999999999999998,1601.658881021359,1611.5917783787547,-9.932897357395632,1,1
2024-01-17,Honduras,Iceland,0.4,0.4,1.3,1.8,0.9,1.3,0.4,0.5,1647.1510012352394,1547.8468833684997,99.30411786673972,1,2
2024-01-18,Egypt,Ghana,0.7,0.3,2.1,0.8,0.7,1.2,1.4000000000000001,-0.3999999999999999,1777.6814386201834,1624.591763870982,153.08967474920132,1,1
2024-01-18,Ivory Coast,Nigeria,0.7,0.4,2.6,1.8,0.7,1.2,1.9000000000000001,0.6000000000000001,1767.6656263141824,1658.3749602993537,109.29066601482873,0,2
2024-01-18,Equatorial Guinea,Guinea-Bissau,0.3,0.4,1.1,0.8,1.3,1.2,-0.19999999999999996,-0.3999999999999999,1518.1555185316993,1507.3625271492492,10.792991382450055,1,0
2024-01-18,India,Uzbekistan,0.3,0.5,1.1,1.8,1.0,1.2,0.10000000000000009,0.6000000000000001,1408.085733443036,1741.7375559457537,-333.6518225027178,1,2
2024-01-18,Syria,Australia,0.2,0.6,0.8,2.0,1.4,0.8,-0.5999999999999999,1.2,1558.982276271713,1895.6838481100187,-336.70157183830565,1,2
2024-01-18,Palestine,United Arab Emirates,0.1,0.7,0.4,1.9,1.3,0.5,-0.9,1.4,1530.6748283485022,1653.7727292360526,-123.0979008875504,1,1
2024-01-19,Hong Kong,Iran,0.3,0.9,2.1,3.4,1.7,0.6,0.40000000000000013,2.8,1244.082585798511,1907.6033067528188,-663.5207209543078,1,2
2024-01-19,Iraq,Japan,0.4,1.0,1.6,4.7,1.2,0.8,0.40000000000000013,3.9000000000000004,1734.0712441274002,2004.9643596807848,-270.89311555338463,1,0
2024-01-19,Vietnam,Indonesia,0.4,0.3,0.9,1.8,1.7,2.2,-0.7999999999999999,-0.40000000000000013,1517.583638650733,1398.6893339536175,118.89430469711556,1,2
2024-01-19,Cape Verde,Mozambique,0.4,0.4,1.2,1.5,1.4,1.4,-0.19999999999999996,0.10000000000000009,1617.6523294526528,1504.9925901804568,112.65973927219602,1,0
2024-01-19,Senegal,Cameroon,0.6,0.2,1.6,1.3,0.5,1.0,1.1,0.30000000000000004,1855.5379561896304,1710.5746102992407,144.96334589038975,1,0
2024-01-19,Guinea,Gambia,0.4,0.3,1.4,0.9,1.4,1.5,0.0,-0.6,1574.2628096539197,1504.7875125104654,69.47529714345433,1,0
2024-01-19,Kuwait,Uganda,0.4,0.3,1.4,0.6,1.2,1.1,0.19999999999999996,-0.5000000000000001,1457.9304266445338,1486.1724650910094,-28.24203844647559,1,2
2024-01-20,United States,Slovenia,0.6,0.7,3.1,2.0,0.8,0.9,2.3,1.1,1875.5775037995943,1756.5845716182162,118.99293218137814,0,2
2024-01-20,Tunisia,Mali,0.5,0.8,1.4,2.4,0.8,0.6,0.5999999999999999,1.7999999999999998,1803.7833480783056,1764.057437373838,39.72591070446765,1,1
2024-01-20,Mauritania,Angola,0.3,0.2,1.0,0.9,1.1,0.8,-0.10000000000000009,0.09999999999999998,1492.6083450888088,1543.4703673168265,-50.86202222801762,1,2
2024-01-20,Bahrain,Malaysia,0.4,0.6,0.9,2.7,1.4,1.3,-0.4999999999999999,1.4000000000000001,1540.0630276953525,1467.6450984156525,72.41792927970005,1,0
2024-01-20,Jordan,South Korea,0.4,0.7,1.7,2.4,2.2,0.3,-0.5000000000000002,2.1,1673.1624527408635,1909.4063720840816,-236.24391934321807,1,1
2024-01-20,Algeria,Burkina Faso,0.6,0.4,2.1,1.1,0.5,0.9,1.6,0.20000000000000007,1826.3021867611349,1693.5547681453857,132.7474186157492,1,1
2024-01-21,Oman,Thailand,0.5,0.4,1.1,1.4,1.2,2.2,-0.09999999999999987,-0.8000000000000003,1654.327275716034,1547.4387938883558,106.8884818276781,1,1
2024-01-21,Kyrgyzstan,Saudi Arabia,0.3,0.5,1.1,1.5,1.8,1.0,-0.7,0.5,1401.339160030364,1725.846346160461,-324.5071861300971,1,2
2024-01-21,South Africa,Namibia,0.2,0.4,0.5,1.2,0.8,0.7,-0.30000000000000004,0.5,1574.8741367035702,1618.5965328902596,-43.722396186689366,1,0
2024-01-21,Morocco,DR Congo,0.6,0.3,1.6,0.9,0.5,0.6,1.1,0.30000000000000004,1937.194028181357,1602.3734157774022,334.8206124039548,1,1
2024-01-21,Zambia,Tanzania,0.5,0.3,1.8,0.5,1.1,1.1,0.7,-0.6000000000000001,1610.8772436227118,1457.2257617817118,153.65148184100008,1,1
2024-01-22,Ivory Coast,Equatorial Guinea,0.6,0.4,2.3,1.3,0.7,1.3,1.5999999999999999,0.0,1729.1969788995234,1554.4909658745876,174.70601302493583,0,2
2024-01-22,Mozambique,Ghana,0.4,0.3,1.5,0.9,1.6,1.3,-0.10000000000000009,-0.4,1474.9518477351278,1634.9458749682162,-159.99402723308845,1,1
2024-01-22,Cape Verde,Egypt,0.4,0.6,1.4,2.1,1.4,0.8,0.0,1.3,1647.6930718979818,1767.3273275229492,-119.63425562496741,1,1
2024-01-22,Guinea-Bissau,Nigeria,0.4,0.5,1.0,1.9,1.6,1.1,-0.6000000000000001,0.7999999999999998,1471.027079806361,1696.8436077140127,-225.8165279076518,1,2
2024-01-22,Tajikistan,Lebanon,0.3,0.1,1.5,0.6,1.3,1.2,0.19999999999999996,-0.6,1501.8988720602167,1436.526206160238,65.37266589997876,1,0
2024-01-22,Qatar,China,0.5,0.3,1.9,0.9,1.0,1.0,0.8999999999999999,-0.09999999999999998,1673.5565640510438,1560.6812388614171,112.87532518962666,0,0
2024-01-23,Australia,Uzbekistan,0.6,0.5,1.8,1.6,0.7,1.1,1.1,0.5,1901.976079762121,1752.9190604720636,149.05701929005727,1,1
2024-01-23,Syria,India,0.2,0.2,0.8,0.7,1.4,1.3,-0.5999999999999999,-0.6000000000000001,1552.6900446196112,1396.9042289167255,155.78581570288566,1,0
2024-01-23,Hong Kong,Palestine,0.3,0.0,2.0,0.3,1.7,1.3,0.30000000000000004,-1.0,1243.009230193337,1539.179508930471,-296.1702787371339,1,2
2024-01-23,Iran,United Arab Emirates,0.9,0.7,2.9,1.9,0.5,0.5,2.4,1.4,1908.6766623579929,1645.2680486540835,263.4086137039094,1,0
2024-01-23,Gambia,Cameroon,0.2,0.2,0.8,1.3,1.6,1.2,-0.8,0.10000000000000009,1484.721078129543,1687.8721511417116,-203.15107301216858,1,2
2024-01-23,Guinea,Senegal,0.4,0.6,1.2,1.8,1.2,0.6,0.0,1.2000000000000002,1594.3292440348418,1878.24041534716,-283.9111713123182,1,2
2024-01-23,Angola,Burkina Faso,0.2,0.4,0.8,1.2,0.8,0.8,0.0,0.3999999999999999,1564.8364727162812,1702.6675317392692,-137.83105902298803,1,0
2024-01-23,Mauritania,Algeria,0.3,0.6,1.1,2.2,1.1,0.6,0.0,1.6,1471.2422396893542,1817.1894231672516,-345.9471834778974,1,0
2024-01-24,Tanzania,DR Congo,0.3,0.2,0.5,0.8,1.0,0.7,-0.5,0.10000000000000009,1467.6133414704864,1621.0213860509,-153.40804458041362,1,1
2024-01-24,South Africa,Tunisia,0.3,0.5,0.8,1.5,0.6,0.8,0.20000000000000007,0.7,1627.617092084244,1800.9372313350243,-173.32013925078036,1,1
2024-01-24,Zambia,Morocco,0.4,0.5,1.5,1.5,1.0,0.5,0.5,1.0,1600.4896639339372,1918.5460579078592,-318.056393973922,1,2
2024-01-24,Japan,Indonesia,0.9,0.4,4.2,1.9,1.0,2.0,3.2,-0.10000000000000009,1963.6510972733784,1431.9254536148133,531.7256436585651,1,0
2024-01-24,Iraq,Vietnam,0.4,0.3,1.5,0.8,1.1,1.8,0.3999999999999999,-1.0,1775.3845065348062,1484.3475189895375,291.03698754526863,1,0
2024-01-24,Namibia,Mali,0.3,0.7,1.0,2.3,1.0,0.7,0.0,1.5999999999999999,1565.853577509586,1766.9035541171193,-201.04997660753315,1,1
2024-01-25,Jordan,Bahrain,0.3,0.4,1.5,0.9,2.4,1.4,-0.8999999999999999,-0.4999999999999999,1687.949863226541,1559.9263130788104,128.0235501477307,1,2
2024-01-25,South Korea,Malaysia,0.7,0.5,2.6,2.6,0.4,1.4,2.2,1.2000000000000002,1894.618961598404,1447.7818130321948,446.8371485662092,1,1
2024-01-25,Kyrgyzstan,Oman,0.3,0.5,1.0,1.1,1.5,0.9,-0.5,0.20000000000000007,1391.3062793956317,1646.8698380175274,-255.5635586218957,1,1
2024-01-25,Saudi Arabia,Thailand,0.6,0.4,1.6,1.2,0.7,2.0,0.9000000000000001,-0.8,1735.8792267951933,1554.8962315868623,180.98299520833098,1,1
2024-01-27,Angola,Namibia,0.3,0.3,1.0,0.8,0.8,0.7,0.19999999999999996,0.10000000000000009,1616.4788522439587,1578.8959996177634,37.58285262619529,1,0
2024-01-27,Nigeria,Cameroon,0.5,0.3,1.9,1.5,1.1,1.2,0.7999999999999998,0.30000000000000004,1707.552662820472,1699.7200383453398,7.8326244751322065,1,0
2024-01-28,Australia,Indonesia,0.6,0.3,1.8,1.8,0.6,2.3,1.2000000000000002,-0.4999999999999998,1891.8635178825389,1428.569130548065,463.29438733447387,1,0
2024-01-28,Tajikistan,United Arab Emirates,0.4,0.7,1.6,2.0,1.2,0.7,0.40000000000000013,1.3,1522.2496672994837,1636.2677119649636,-114.01804466547992,1,1
2024-01-28,Egypt,DR Congo,0.5,0.1,2.0,0.6,1.0,0.7,1.0,-0.09999999999999998,1759.0437762139393,1610.6483031620432,148.39547305189603,1,1
2024-01-28,Equatorial Guinea,Guinea,0.4,0.4,1.5,1.1,1.3,1.2,0.19999999999999996,-0.09999999999999987,1632.2466058459777,1582.0863290278314,50.16027681814626,1,2
2024-01-29,Cape Verde,Mauritania,0.4,0.4,1.6,1.1,1.6,1.0,0.0,0.10000000000000009,1655.9766232069917,1515.2369677455451,140.73965546144655,1,0
2024-01-29,Ivory Coast,Senegal,0.5,0.7,2.1,1.9,1.1,0.5,1.0,1.4,1651.4413389281333,1890.48333035417,-239.0419914260367,0,1
2024-01-29,Iraq,Jordan,0.5,0.3,1.8,1.3,1.1,2.2,0.7,-0.9000000000000001,1783.2701586145276,1654.133295902331,129.13686271219672,1,2
2024-01-29,Qatar,Palestine,0.5,0.1,1.9,0.6,1.0,1.3,0.8999999999999999,-0.7000000000000001,1684.9058635420936,1552.6393949390244,132.26646860306914,0,0
2024-01-30,Saudi Arabia,South Korea,0.6,0.7,1.6,2.8,0.6,0.6,1.0,2.1999999999999997,1723.919157616398,1873.166414672564,-149.24725705616606,1,1
2024-01-30,Uzbekistan,Thailand,0.5,0.3,1.7,1.1,1.1,2.0,0.5999999999999999,-0.8999999999999999,1763.0316223516456,1566.8563007656576,196.17532158598806,1,0
2024-01-30,Mali,Burkina Faso,0.7,0.4,2.3,1.2,0.6,1.0,1.6999999999999997,0.19999999999999996,1753.8611320089417,1651.0251522115916,102.83597979735009,1,0
2024-01-30,Morocco,South Africa,0.6,0.3,1.6,0.8,0.5,0.6,1.1,0.20000000000000007,1925.4527329001223,1639.1475061184492,286.3052267816731,1,2
2024-01-31,Bahrain,Japan,0.5,0.9,0.9,4.1,1.1,1.0,-0.20000000000000007,3.0999999999999996,1593.7428804030203,1967.0074203401268,-373.2645399371065,1,2
2024-01-31,Iran,Syria,0.9,0.3,2.6,0.9,0.5,1.3,2.1,-0.4,1917.6769990471128,1567.175726449492,350.50127259762075,1,1
2024-02-02,Nigeria,Angola,0.5,0.4,1.8,1.3,0.9,0.4,0.9,0.9,1744.207402058969,1655.514693685771,88.692708373198,1,0
2024-02-02,DR Congo,Guinea,0.1,0.5,0.7,1.1,0.7,0.8,0.0,0.30000000000000004,1620.7210210826602,1610.670781404873,10.050239677787204,1,0
2024-02-02,Tajikistan,Jordan,0.4,0.3,1.6,1.4,1.2,2.3,0.40000000000000013,-0.8999999999999999,1530.1715614081245,1688.0199298166265,-157.84836840850198,1,2
2024-02-02,Australia,South Korea,0.7,0.7,2.2,2.9,0.4,0.7,1.8000000000000003,2.2,1897.9528387953292,1863.0424063988664,34.91043239646274,1,2
2024-02-03,Iran,Japan,0.8,0.9,2.6,4.0,0.6,1.0,2.0,3.0,1898.5451221569056,1974.8414941342328,-76.29637197732723,1,0
2024-02-03,Qatar,Uzbekistan,0.6,0.6,2.1,1.9,0.7,0.9,1.4000000000000001,0.9999999999999999,1695.3057815169304,1775.2463598830243,-79.94057836609386,0,1
2024-02-03,Cape Verde,South Africa,0.4,0.4,1.4,1.0,1.5,0.6,-0.10000000000000009,0.4,1671.36941578784,1702.0451176985157,-30.675701910675798,1,1
2024-02-03,Ivory Coast,Mali,0.5,0.7,2.2,2.3,0.9,0.7,1.3000000000000003,1.5999999999999999,1660.9442343625344,1771.6702636091509,-110.72602924661646,0,0
2024-02-03,Costa Rica,El Salvador,0.2,0.0,1.3,0.8,2.3,1.3,-0.9999999999999998,-0.5,1695.0661642163936,1539.6160378597026,155.45012635669104,0,0
2024-02-06,Jordan,South Korea,0.4,0.7,1.5,3.0,1.7,0.8,-0.19999999999999996,2.2,1702.3837561518935,1890.5459939534255,-188.162237801532,1,0
2024-02-07,Nigeria,South Africa,0.5,0.3,1.3,0.9,0.9,0.6,0.4,0.30000000000000004,1762.9605586500636,1699.8435412916206,63.117017358443036,1,1
2024-02-07,Qatar,Iran,0.6,0.8,2.1,2.7,0.6,0.7,1.5,2.0,1693.8639917711923,1928.9485085660224,-235.08451679483005,0,0
2024-02-07,Ivory Coast,DR Congo,0.5,0.2,2.3,0.9,1.0,0.7,1.2999999999999998,0.20000000000000007,1686.71578910563,1657.1365642293554,29.579224876274566,0,0
2024-02-10,Qatar,Jordan,0.7,0.5,2.3,1.6,0.7,1.5,1.5999999999999999,0.10000000000000009,1728.1222201303558,1758.415462844993,-30.293242714637245,0,0
2024-02-10,South Africa,DR Congo,0.3,0.2,1.0,0.9,0.7,0.8,0.30000000000000004,0.09999999999999998,1704.335865136742,1641.0509941003463,63.28487103639577,1,1
2024-02-11,Ivory Coast,Nigeria,0.6,0.5,2.3,1.2,0.9,0.8,1.4,0.3999999999999999,1702.8013592346388,1758.4682348049423,-55.666875570303546,0,0
2024-03-01,Trinidad and Tobago,Jamaica,0.5,0.6,1.6,2.0,2.3,1.2,-0.6999999999999997,0.8,1585.055642698883,1740.9205441417998,-155.8649014429168,0,2
2024-03-03,Trinidad and Tobago,Jamaica,0.5,0.6,1.6,1.6,2.4,1.2,-0.7999999999999998,0.40000000000000013,1576.649848516719,1749.326338323964,-172.67648980724493,0,1
2024-03-14,Kazakhstan,Turkmenistan,0.6,0.1,1.6,0.7,1.2,1.6,0.40000000000000013,-0.9000000000000001,1530.917294711384,1368.822260983919,162.09503372746508,1,0
2024-03-18,Solomon Islands,Fiji,0.7,0.4,2.5,1.9,0.8,1.1,1.7,0.7999999999999998,1602.440844220997,1521.0211747448286,81.41966947616834,0,0
2024-03-20,Djibouti,Liberia,0.2,0.1,1.1,0.9,2.8,1.9,-1.6999999999999997,-0.9999999999999999,1089.426815286807,1417.7265046622404,-328.29968937543345,1,2
2024-03-20,Bonaire,El Salvador,0.5,0.0,1.8,0.7,1.7,1.4,0.10000000000000009,-0.7,1176.6848175383411,1534.009989470499,-357.3251719321579,1,1
2024-03-20,San Marino,Saint Kitts and Nevis,0.0,0.1,0.3,0.5,3.1,2.7,-2.8000000000000003,-2.2,863.040518162295,1296.8255508059267,-433.78503264363167,0,2
2024-03-20,Somalia,Eswatini,0.1,0.1,0.5,0.4,2.0,1.2,-1.5,-0.7999999999999999,1012.7346766990132,1361.244042081417,-348.50936538240387,1,2
2024-03-20,Tonga,Samoa,0.1,0.3,1.2,1.6,5.1,3.9,-3.8999999999999995,-2.3,1071.0623456516582,1224.3164200395404,-153.25407438788216,0,2
2024-03-21,United Arab Emirates,Yemen,0.6,0.2,1.9,0.8,0.8,2.0,1.0999999999999999,-1.2,1628.3458178563226,1261.5458653141454,366.79995254217715,0,0
2024-03-21,Bahrain,Nepal,0.5,0.2,0.9,0.4,1.3,1.4,-0.4,-0.9999999999999999,1585.908806608914,1101.8332436531157,484.0755629557982,0,0
2024-03-21,Saudi Arabia,Tajikistan,0.6,0.4,1.5,1.5,0.5,1.2,1.0,0.30000000000000004,1734.0431658900957,1515.8077350728572,218.23543081723847,0,0
2024-03-21,Hong Kong,Uzbekistan,0.2,0.6,1.0,1.7,2.0,0.7,-1.0,1.0,1229.5493441847836,1776.6881496287624,-547.1388054439788,0,2
2024-03-21,Iraq,Philippines,0.5,0.3,2.0,0.8,1.3,1.5,0.7,-0.7,1749.383524700232,1245.3444189377826,504.0391057624495,0,0
2024-03-21,Indonesia,Vietnam,0.2,0.2,1.2,0.9,2.7,2.1,-1.5000000000000002,-1.2000000000000002,1422.4798096352745,1476.461866909816,-53.9820572745416,0,0
2024-03-21,Australia,Lebanon,0.7,0.1,2.1,0.7,0.4,1.4,1.7000000000000002,-0.7,1870.44925124077,1416.1754109209712,454.27384031979886,0,0
2024-03-21,Pakistan,Jordan,0.1,0.5,0.3,1.6,2.6,1.7,-2.3000000000000003,-0.09999999999999987,1029.050855150642,1728.3398175428074,-699.2889623921653,0,2
2024-03-21,Palestine,Bangladesh,0.1,0.3,0.7,1.1,1.3,1.6,-0.6000000000000001,-0.5,1542.2394769641876,1137.7098112276324,404.5296657365552,1,0
2024-03-21,Venezuela,Italy,0.5,0.5,1.1,2.0,0.5,1.3,0.6000000000000001,0.7,1836.911419210056,1992.3027917436932,-155.3913725336372,1,2
2024-03-21,Cyprus,Latvia,0.1,0.1,0.6,0.7,3.0,2.4,-2.4,-1.7,1370.9511952097243,1405.3141638478678,-34.36296863814346,0,1
2024-03-21,Ecuador,Guatemala,0.6,0.2,1.2,0.8,0.8,1.1,0.3999999999999999,-0.30000000000000004,1960.269007633574,1625.7963874085226,334.4726202250513,1,0
2024-03-21,Ethiopia,Lesotho,0.3,0.2,0.9,0.7,1.1,1.0,-0.20000000000000007,-0.30000000000000004,1429.183203132768,1346.2684587582696,82.91474437449847,0,2
2024-03-21,Malta,Slovenia,0.2,0.7,0.4,1.9,2.0,0.8,-1.6,1.0999999999999999,1304.456022216541,1772.1672440089176,-467.7112217923766,0,1
2024-03-21,Montenegro,Belarus,0.4,0.3,1.3,0.9,1.7,1.4,-0.3999999999999999,-0.4999999999999999,1596.8779031667784,1524.837371682746,72.0405314840325,1,0
2024-03-21,Portugal,Sweden,1.0,0.6,3.6,2.3,0.2,1.2,3.4,1.0999999999999999,2087.5557542198185,1752.3644387720617,335.1913154477568,0,0
2024-03-21,Solomon Islands,Fiji,0.7,0.3,2.5,1.9,0.9,1.3,1.6,0.5999999999999999,1607.6471304245722,1515.8148885412534,91.83224188331883,0,2
2024-03-21,Belize,Puerto Rico,0.2,0.6,0.7,3.0,1.3,1.4,-0.6000000000000001,1.6,1264.4469359042216,1352.858114104598,-88.4111782003763,0,1
2024-03-21,Iran,Turkmenistan,0.7,0.0,2.5,0.5,1.0,1.7,1.5,-1.2,1894.690280206859,1360.353338186566,534.336942020293,0,0
2024-03-21,Guinea,Vanuatu,0.5,0.3,1.0,1.2,0.9,1.5,0.09999999999999998,-0.30000000000000004,1574.2552382581778,1443.8878194113972,130.36741884678054,1,0
2024-03-21,Taiwan,Kyrgyzstan,0.4,0.3,1.5,1.1,1.5,1.5,0.0,-0.3999999999999999,1123.7997139406373,1406.9678252801905,-283.1681113395532,0,2
2024-03-21,South Africa,Andorra,0.3,0.0,0.9,0.3,0.6,2.0,0.30000000000000004,-1.7,1699.8318542587688,1161.4790696469297,538.3527846118391,1,1
2024-03-21,Oman,Malaysia,0.5,0.4,1.1,2.7,0.9,1.7,0.20000000000000007,1.0000000000000002,1631.2082921329688,1469.2343599580347,161.97393217493413,0,0
2024-03-21,Panama,Mexico,0.7,0.5,2.2,1.9,0.6,1.2,1.6,0.7,1880.090037445183,1907.5079481882724,-27.41791074308935,1,2
2024-03-21,United States,Jamaica,0.5,0.5,2.5,1.5,0.9,1.2,1.6,0.30000000000000004,1859.994831408893,1747.2645257783763,112.7303056305168,0,0
2024-03-21,Gibraltar,Lithuania,0.0,0.1,0.0,0.8,4.6,1.5,-4.6,-0.7,1161.7977906696617,1374.610892767356,-212.81310209769435,1,2
2024-03-21,Poland,Estonia,0.5,0.0,1.3,0.4,1.0,2.5,0.30000000000000004,-2.1,1766.5195874952185,1423.785972356596,342.73361513862255,0,0
2024-03-21,Wales,Finland,0.4,0.6,1.4,1.8,1.0,1.0,0.3999999999999999,0.8,1753.9975954878248,1690.814751835003,63.1828436528217,0,0
2024-03-21,Israel,Iceland,0.4,0.4,1.1,1.3,1.1,1.3,0.0,0.0,1649.0576824096158,1567.021131819819,82.03655058979689,1,2
2024-03-21,Cape Verde,Guyana,0.4,0.6,1.2,2.3,1.2,1.0,0.0,1.2999999999999998,1673.570992194735,1465.4014782141428,208.16951398059223,1,0
2024-03-21,Georgia,Luxembourg,0.4,0.5,2.6,1.3,1.9,2.0,0.7000000000000002,-0.7,1688.9376432693086,1566.2398701630254,122.6977731062832,0,0
2024-03-21,Greece,Kazakhstan,0.5,0.7,1.6,1.7,0.8,1.0,0.8,0.7,1786.886567845242,1539.386217508737,247.5003503365051,0,0
2024-03-21,Qatar,Kuwait,0.8,0.4,2.6,1.3,0.8,1.3,1.8,0.0,1758.1978654325414,1444.1470549749097,314.05081045763177,0,0
2024-03-21,Afghanistan,India,0.2,0.1,0.9,0.5,2.5,1.4,-1.6,-0.8999999999999999,1257.3811609062984,1382.418547086845,-125.03738618054649,1,1
2024-03-21,Myanmar,Syria,0.3,0.3,1.0,0.8,1.8,1.2,-0.8,-0.3999999999999999,1100.8317230983585,1586.3076033396992,-485.47588024134075,0,1
2024-03-21,Japan,North Korea,0.8,0.6,3.7,1.7,1.0,0.7,2.7,1.0,1944.4381077251164,1501.8010293053608,442.63707841975565,0,0
2024-03-21,South Korea,Thailand,0.6,0.2,2.6,1.0,1.0,2.1,1.6,-1.1,1834.5142872603265,1554.641563234279,279.87272402604754,0,1
2024-03-21,Singapore,China,0.4,0.2,1.2,0.7,1.6,1.1,-0.40000000000000013,-0.40000000000000013,1284.7722996076343,1549.3319393703673,-264.559639762733,0,1
2024-03-21,Bosnia and Herzegovina,Ukraine,0.3,0.4,0.9,1.4,2.0,1.1,-1.1,0.2999999999999998,1536.3885646830822,1897.2839032455345,-360.89533856245225,0,2
2024-03-22,Mauritania,Mali,0.3,0.6,0.8,2.0,1.1,0.9,-0.30000000000000004,1.1,1499.844175164697,1745.8987088660551,-246.0545337013582,1,2
2024-03-22,Morocco,Angola,0.6,0.4,1.6,1.2,0.7,0.4,0.9000000000000001,0.7999999999999999,1862.555121320056,1636.7615370946762,225.79358422537985,0,0
2024-03-22,Netherlands,Scotland,0.6,0.5,2.1,1.9,1.4,1.5,0.7000000000000002,0.3999999999999999,2044.952341536129,1842.5718755586024,202.38046597752668,0,0
2024-03-22,Niger,Togo,0.2,0.3,0.8,1.2,1.3,1.2,-0.5,0.0,1360.4507630896348,1501.024717067968,-140.57395397833307,1,2
2024-03-22,Nigeria,Ghana,0.4,0.3,1.0,1.1,0.8,1.5,0.19999999999999996,-0.3999999999999999,1736.6410582167127,1624.1835875411066,112.45747067560615,1,0
2024-03-22,North Macedonia,Moldova,0.4,0.2,1.4,0.9,2.1,1.4,-0.7000000000000002,-0.4999999999999999,1630.0333850167967,1385.4707367467263,244.56264827007044,1,1
2024-03-22,Senegal,Gabon,0.6,0.5,1.6,1.3,0.4,1.0,1.2000000000000002,0.30000000000000004,1880.9804349197689,1552.6368374920226,328.3435974277463,1,0
2024-03-22,Peru,Nicaragua,0.1,0.5,0.3,2.1,1.4,1.1,-1.0999999999999999,1.0,1816.0551953348256,1508.5949778207844,307.46021751404123,0,0
2024-03-22,Romania,Northern Ireland,0.6,0.3,1.6,0.9,0.5,1.3,1.1,-0.4,1732.406457048084,1547.1173192099634,185.2891378381205,0,1
2024-03-22,Spain,Colombia,0.8,0.7,2.7,1.4,0.6,0.6,2.1,0.7999999999999999,2081.844222678786,2051.6620158907426,30.18220678804346,1,2
2024-03-22,Chad,Mauritius,0.0,0.4,0.4,0.7,2.0,0.9,-1.6,-0.20000000000000007,1267.7294771663944,1229.900421571114,37.82905559528035,1,0
2024-03-22,Liechtenstein,Faroe Islands,0.0,0.0,0.1,0.2,2.8,1.6,-2.6999999999999997,-1.4000000000000001,1028.6686636220386,1306.3788443181545,-277.7101806961159,1,2
2024-03-22,Norway,Czech Republic,0.5,0.5,2.2,1.7,1.2,0.8,1.0000000000000002,0.8999999999999999,1794.63791506578,1807.9971415890564,-13.359226523276448,0,2
2024-03-22,Hungary,Turkey,0.6,0.6,1.8,1.9,0.8,1.3,1.0,0.5999999999999999,1874.4204895103223,1819.4018731895253,55.01861632079704,0,0
2024-03-22,São Tomé and Príncipe,South Sudan,0.0,0.2,0.6,0.6,3.8,2.0,-3.1999999999999997,-1.4,1169.8329823877289,1297.168425759714,-127.3354433719851,1,1
2024-03-22,Burkina Faso,Libya,0.4,0.5,1.3,1.6,1.1,0.9,0.19999999999999996,0.7000000000000001,1633.2160206113826,1513.5840088262137,119.63201178516897,1,2
2024-03-22,Comoros,Uganda,0.3,0.4,1.2,0.8,1.5,1.0,-0.30000000000000004,-0.19999999999999996,1417.5373397617975,1499.9558367606337,-82.41849699883619,1,0
2024-03-22,Algeria,Bolivia,0.6,0.2,2.2,0.7,0.7,1.8,1.5000000000000002,-1.1,1773.1946951110604,1681.2276048614517,91.96709024960865,0,0
2024-03-22,Azerbaijan,Mongolia,0.4,0.2,1.2,0.4,1.9,2.5,-0.7,-2.1,1543.827851174192,1075.4006974185024,468.42715375568946,0,0
2024-03-22,Bulgaria,Tanzania,0.0,0.2,0.7,0.4,1.7,1.0,-1.0,-0.6,1513.7099360324346,1477.9864243593431,35.72351167309148,1,0
2024-03-22,Egypt,New Zealand,0.4,0.1,2.0,0.5,1.1,1.5,0.8999999999999999,-1.0,1748.9710582933224,1694.6032085163422,54.367849776980165,0,0
2024-03-22,Brunei,Bermuda,0.2,0.2,0.9,1.2,4.7,1.9,-3.8000000000000003,-0.7,849.2116614630573,1357.3094446272696,-508.0977831642123,1,2
2024-03-22,Equatorial Guinea,Cambodia,0.3,0.3,1.2,1.5,1.2,1.5,0.0,0.0,1603.662153468936,1052.1411349434118,551.5210185255241,1,0
2024-03-22,Sri Lanka,Papua New Guinea,0.1,0.3,1.0,1.2,2.0,2.2,-1.0,-1.0000000000000002,937.328160828433,1461.5711850541256,-524.2430242256926,0,1
2024-03-22,Anguilla,Turks and Caicos Islands,0.0,0.3,0.2,1.3,4.0,2.6,-3.8,-1.3,860.4795555431998,1034.59904701178,-174.11949146858012,0,1
2024-03-22,United States Virgin Islands,British Virgin Islands,0.1,0.1,1.0,1.0,2.1,3.0,-1.1,-2.0,932.591947092508,960.4058339468976,-27.81388685438958,0,1
2024-03-22,Albania,Chile,0.6,0.4,1.6,1.4,0.4,0.9,1.2000000000000002,0.4999999999999999,1682.9088726961654,1776.0870460900717,-93.17817339390626,1,2
2024-03-22,Argentina,El Salvador,0.9,0.0,2.1,0.7,0.2,1.3,1.9000000000000001,-0.6000000000000001,2200.796344264145,1526.2770716890443,674.5192725751006,1,0
2024-03-22,Armenia,Kosovo,0.2,0.2,1.2,1.0,1.6,1.0,-0.40000000000000013,0.0,1525.5492124084062,1558.1470348419405,-32.59782243353425,0,2
2024-03-22,Central African Republic,Bhutan,0.2,0.2,1.3,0.8,1.5,2.2,-0.19999999999999996,-1.4000000000000001,1421.5990396576174,890.4771858526822,531.1218538049352,1,0
2024-03-23,Ivory Coast,Benin,0.7,0.0,2.4,0.9,0.9,1.5,1.5,-0.6,1724.6285358228683,1460.49098818255,264.1375476403184,1,1
2024-03-23,Samoa,Cook Islands,0.4,0.3,2.0,0.7,3.6,3.1,-1.6,-2.4000000000000004,1253.9933276598429,1170.6380356654442,83.35529199439861,1,0
2024-03-23,Slovakia,Austria,0.7,0.7,1.7,2.0,0.8,0.8,0.8999999999999999,1.2,1720.791145832218,1881.654692033564,-160.86354620134603,0,2
2024-03-23,Republic of Ireland,Belgium,0.3,0.8,1.3,2.6,1.3,0.6,0.0,2.0,1666.8352078046782,2053.285179356261,-386.4499715515826,0,1
2024-03-23,France,Germany,0.8,0.2,3.4,1.5,0.6,2.2,2.8,-0.7000000000000002,2170.3151293688297,1950.2423451674117,220.07278420141802,0,2
2024-03-23,Dominican Republic,Aruba,0.4,0.6,1.8,2.2,1.3,1.7,0.5,0.5000000000000002,1403.494044078774,1236.8263927117714,166.6676513670027,0,0
2024-03-23,Denmark,Switzerland,0.7,0.4,1.9,2.2,1.0,1.1,0.8999999999999999,1.1,1875.871064005349,1849.0769164835428,26.794147521806053,0,1
2024-03-23,Costa Rica,Honduras,0.3,0.4,1.5,1.3,2.2,0.7,-0.7000000000000002,0.6000000000000001,1700.6722126055972,1627.97675278392,72.69545982167733,1,0
2024-03-23,Canada,Trinidad and Tobago,0.4,0.4,1.9,1.3,1.7,2.4,0.19999999999999996,-1.0999999999999999,1817.0856220661371,1578.7116610623066,238.37396100383057,1,0
2024-03-23,Tunisia,Croatia,0.5,0.6,1.4,1.7,0.7,0.6,0.7,1.1,1789.406817300819,1999.594469598867,-210.18765229804785,1,1
2024-03-23,England,Brazil,0.8,0.3,2.6,1.6,0.5,1.5,2.1,0.10000000000000009,2083.892212670663,2077.647581286072,6.244631384590775,0,2
2024-03-24,Ethiopia,Lesotho,0.2,0.2,0.8,0.7,1.3,1.1,-0.5,-0.40000000000000013,1414.3564146084188,1361.0952472826189,53.26116732579999,0,0
2024-03-24,Jamaica,Panama,0.5,0.6,1.6,1.8,1.2,0.9,0.40000000000000013,0.9,1735.3400695307987,1851.876807668517,-116.5367381377182,1,0
2024-03-24,United States,Mexico,0.5,0.5,2.2,2.0,1.0,1.2,1.2000000000000002,0.8,1871.9192876564707,1935.7211779649383,-63.80189030846759,0,0
2024-03-24,Belize,Puerto Rico,0.2,0.5,0.7,2.8,1.3,1.4,-0.6000000000000001,1.4,1264.1135064463217,1353.191543562498,-89.07803711617635,0,0
2024-03-24,Ecuador,Italy,0.7,0.6,1.3,2.1,0.5,1.2,0.8,0.9000000000000001,1964.0868951870564,1998.10641379027,-34.019518603213555,1,2
2024-03-24,Guatemala,Venezuela,0.2,0.4,0.8,1.0,1.3,0.6,-0.5,0.4,1621.97849985504,1831.107797163479,-209.12929730843916,1,1
2024-03-24,San Marino,Saint Kitts and Nevis,0.0,0.2,0.4,0.7,3.2,2.7,-2.8000000000000003,-2.0,859.2094227957784,1300.6566461724433,-441.44722337666485,0,1
2024-03-24,Suriname,Martinique,0.2,0.5,1.0,1.5,1.3,1.5,-0.30000000000000004,0.0,1475.3817615445512,1570.1885532946444,-94.80679175009323,1,1
2024-03-25,Cyprus,Serbia,0.1,0.5,0.7,1.8,2.8,1.2,-2.0999999999999996,0.6000000000000001,1369.0841684491809,1853.6433276748648,-484.55915922568397,0,2
2024-03-25,Gabon,Congo,0.5,0.2,1.3,1.1,1.3,2.1,0.0,-1.0,1548.043670865169,1387.274432987332,160.76923787783699,1,1
2024-03-25,Comoros,Angola,0.4,0.4,1.5,1.2,1.3,0.5,0.19999999999999996,0.7,1440.6536098906208,1634.10321736648,-193.44960747585924,1,1
2024-03-25,Sweden,Albania,0.5,0.5,2.0,1.4,1.7,0.7,0.30000000000000004,0.7,1749.7220418505308,1669.9927925941718,79.72924925635903,0,0
2024-03-25,Montenegro,North Macedonia,0.4,0.3,1.4,1.3,1.7,2.1,-0.30000000000000004,-0.8,1608.8114835758058,1623.96496092257,-15.153477346764248,1,0
2024-03-25,Sri Lanka,Bhutan,0.1,0.2,1.0,0.7,1.9,2.4,-0.8999999999999999,-1.7,949.9277017961684,887.6148242636951,62.312877532473294,0,0
2024-03-25,Tanzania,Mongolia,0.2,0.2,0.4,0.4,1.0,1.2,-0.6,-0.7999999999999999,1464.5233200976847,1074.3045040785253,390.2188160191595,1,0
2024-03-25,Bermuda,Guinea,0.3,0.5,1.3,1.5,1.7,0.9,-0.3999999999999999,0.6,1359.6016958921052,1594.701273771686,-235.0995778795807,1,2
2024-03-25,Cape Verde,Equatorial Guinea,0.5,0.3,1.2,1.3,0.7,1.2,0.5,0.10000000000000009,1680.5242183508135,1605.46776685129,75.05645149952352,1,0
2024-03-25,Azerbaijan,Bulgaria,0.4,0.1,1.0,0.8,1.8,1.6,-0.8,-0.8,1544.924044514169,1527.173040294093,17.751004220076084,0,1
2024-03-25,Bolivia,Andorra,0.1,0.0,0.7,0.4,2.0,1.9,-1.3,-1.5,1673.7637665304685,1175.1846235512262,498.5791429792423,1,0
2024-03-25,Central African Republic,Papua New Guinea,0.3,0.2,1.8,1.1,1.2,2.2,0.6000000000000001,-1.1,1424.4614012466045,1448.9716440863904,-24.51024283978586,1,0
2024-03-26,Malta,Belarus,0.2,0.3,0.5,0.9,2.0,1.1,-1.5,-0.20000000000000007,1312.306368123929,1512.9037912737183,-200.5974231497894,0,1
2024-03-26,Latvia,Liechtenstein,0.1,0.0,0.6,0.1,2.2,2.8,-1.6,-2.6999999999999997,1407.1811906084113,1022.36216054466,384.81903006375126,1,1
2024-03-26,Ivory Coast,Uruguay,0.6,0.7,1.7,2.2,1.1,0.8,0.5999999999999999,1.4000000000000001,1718.216299933948,2079.2256331465974,-361.0093332126494,1,0
2024-03-26,Hungary,Kosovo,0.6,0.3,1.8,1.0,0.8,0.9,1.0,0.09999999999999998,1880.232955026208,1570.0630487515473,310.16990627466066,0,0
2024-03-26,Germany,Netherlands,0.3,0.7,1.5,2.5,1.9,1.0,-0.3999999999999999,1.5,1976.1396226118843,2050.548519852088,-74.40889724020349,0,0
2024-03-26,England,Belgium,0.7,0.7,2.4,2.3,0.5,0.6,1.9,1.6999999999999997,2070.9261294556304,2046.510228442689,24.415901012941504,0,1
2024-03-26,El Salvador,Honduras,0.0,0.4,0.7,1.3,1.6,0.9,-0.9000000000000001,0.4,1525.5708880739917,1604.163758773084,-78.59287069909237,1,1
2024-03-26,Denmark,Faroe Islands,0.6,0.1,1.6,0.5,0.9,1.5,0.7000000000000001,-1.0,1872.3754598380324,1312.685347395533,559.6901124424994,0,0
2024-03-26,Czech Republic,Armenia,0.5,0.2,1.6,1.1,0.8,1.5,0.8,-0.3999999999999999,1820.4404258161555,1513.6331984987994,306.80722731735614,0,0
2024-03-26,Colombia,Romania,0.7,0.5,1.3,1.5,0.5,0.6,0.8,0.9,2062.528550921377,1725.649622700074,336.8789282213029,1,0
2024-03-26,France,Chile,0.7,0.4,3.0,1.4,0.8,0.7,2.2,0.7,2144.4178519243565,1789.003126192065,355.41472573229134,0,0
2024-03-26,Morocco,Mauritania,0.7,0.2,1.6,0.6,0.5,1.2,1.1,-0.6,1865.213441048252,1493.9873957424668,371.2260453057852,0,1
2024-03-26,Peru,Dominican Republic,0.2,0.5,0.5,1.9,1.2,1.2,-0.7,0.7,1818.677848243082,1408.8116701901124,409.86617805296964,0,0
2024-03-26,Norway,Slovakia,0.5,0.7,2.3,1.7,1.1,1.0,1.1999999999999997,0.7,1782.1946308386812,1708.3922828911648,73.80234794751641,0,1
2024-03-26,Republic of Ireland,Switzerland,0.2,0.3,1.0,1.7,1.1,1.1,-0.10000000000000009,0.5999999999999999,1673.6101587182502,1852.57252065086,-178.96236193260984,0,2
2024-03-26,Scotland,Northern Ireland,0.4,0.2,1.6,0.8,1.9,1.4,-0.2999999999999998,-0.5999999999999999,1836.9756972426444,1553.8741535579732,283.10154368467124,0,2
2024-03-26,Slovenia,Portugal,0.6,1.0,1.9,3.7,1.0,0.4,0.8999999999999999,3.3000000000000003,1764.3168981015297,2090.198151141349,-325.8812530398195,0,0
2024-03-26,Spain,Brazil,0.7,0.4,2.4,1.6,0.7,1.4,1.7,0.20000000000000018,2070.977687648152,2090.6136645011047,-19.63597685295281,0,1
2024-03-26,Finland,Estonia,0.6,0.0,1.8,0.4,1.1,2.8,0.7,-2.4,1671.1426200264334,1418.3468246042355,252.7957954221979,0,0
2024-03-26,Liberia,Djibouti,0.2,0.2,1.1,1.1,1.7,2.8,-0.5999999999999999,-1.6999999999999997,1425.6022337688223,1081.551086180225,344.05114758859736,0,1
2024-03-26,Eswatini,Somalia,0.2,0.0,0.7,0.4,1.1,2.3,-0.40000000000000013,-1.9,1369.542924593481,1004.4357941869496,365.1071304065315,1,1
2024-03-26,Mauritius,Chad,0.3,0.1,0.6,0.5,1.0,1.8,-0.4,-1.3,1212.069472442455,1285.5604262950535,-73.49095385259852,0,2
2024-03-26,South Sudan,São Tomé and Príncipe,0.2,0.0,0.7,0.7,2.0,3.6,-1.3,-2.9000000000000004,1290.1498802972703,1176.8515278501725,113.29835244709784,1,1
2024-03-26,Tonga,Cook Islands,0.1,0.2,1.1,0.4,5.1,3.2,-3.9999999999999996,-2.8000000000000003,1041.3854380313558,1155.346360317888,-113.9609222865322,0,2
2024-03-26,Austria,Turkey,0.7,0.5,1.8,1.7,0.7,1.3,1.1,0.3999999999999999,1894.053554974617,1813.58940767364,80.46414730097717,0,0
2024-03-26,Nicaragua,Cuba,0.5,0.1,2.0,0.4,1.2,2.6,0.8,-2.2,1505.9723249125282,1432.867507746142,73.10481716638606,0,2
2024-03-26,Argentina,Costa Rica,0.9,0.4,2.2,1.7,0.2,2.0,2.0,-0.30000000000000004,2201.502527879198,1724.4852066164333,477.0173212627649,1,0
2024-03-26,Senegal,Benin,0.7,0.0,1.8,1.1,0.3,1.6,1.5,-0.5,1885.5736015466225,1466.9032240714705,418.670377475152,1,0
2024-03-26,British Virgin Islands,United States Virgin Islands,0.1,0.1,1.1,1.0,2.6,2.1,-1.5,-1.1,964.5024228456896,928.495358193716,36.007064651973565,0,1
2024-03-26,Algeria,South Africa,0.6,0.2,2.4,0.8,0.9,0.6,1.5,0.20000000000000007,1780.6585334420438,1686.126300354472,94.53223308757174,0,1
2024-03-26,Egypt,Croatia,0.5,0.6,2.0,1.6,0.8,0.5,1.2,1.1,1757.7129438447578,1991.4858334910632,-233.77288964630543,0,2
2024-03-26,New Zealand,Tunisia,0.1,0.4,0.5,1.1,1.5,0.7,-1.0,0.40000000000000013,1685.8613229649068,1797.5154534086223,-111.65413044371553,1,1
2024-03-26,Cambodia,Guyana,0.3,0.5,1.5,2.1,1.3,1.1,0.19999999999999996,1.0,1050.335521561058,1458.4482520580643,-408.1127304970064,1,2
2024-03-26,Brunei,Vanuatu,0.1,0.3,0.8,1.2,4.9,2.0,-4.1000000000000005,-0.8,846.9194101982217,1423.4417838978889,-576.5223736996671,1,0
2024-03-26,Lithuania,Gibraltar,0.2,0.0,0.9,0.0,1.3,4.4,-0.4,-4.4,1382.557602317545,1153.8510811194726,228.70652119807232,0,0
2024-03-26,Wales,Poland,0.5,0.6,1.7,1.7,1.0,0.8,0.7,0.8999999999999999,1773.6697272963945,1771.958735247579,1.7109920488155694,0,1
2024-03-26,Ukraine,Iceland,0.5,0.5,1.6,1.6,1.2,1.2,0.40000000000000013,0.40000000000000013,1904.569987437004,1610.1351033516412,294.4348840853629,1,0
2024-03-26,Turks and Caicos Islands,Anguilla,0.3,0.0,1.2,0.2,2.2,3.7,-1.0000000000000002,-3.5,1030.395955762368,864.6826467926116,165.71330896975633,0,1
2024-03-26,Georgia,Greece,0.4,0.5,2.2,1.8,1.8,0.8,0.40000000000000013,1.0,1701.97073706077,1796.4196705864715,-94.44893352570148,0,1
2024-03-26,India,Afghanistan,0.1,0.2,0.4,0.8,1.3,2.3,-0.9,-1.4999999999999998,1375.5162654871972,1264.283442505946,111.23282298125127,0,2
2024-03-26,Kuwait,Qatar,0.3,0.8,1.2,2.1,1.6,0.7,-0.40000000000000013,1.4000000000000001,1438.2361109292822,1764.1088094781687,-325.87269854888655,0,2
2024-03-26,Syria,Myanmar,0.2,0.3,0.8,1.1,1.3,1.8,-0.5,-0.7,1570.229971230663,1116.9093552073946,453.3206160232685,1,0
2024-03-26,Thailand,South Korea,0.2,0.5,0.9,2.1,2.0,1.1,-1.1,1.0,1570.6035990782625,1818.5522514163429,-247.94865233808036,0,2
2024-03-26,China,Singapore,0.2,0.4,0.8,1.3,1.2,1.7,-0.3999999999999999,-0.3999999999999999,1540.509214416532,1293.59502456147,246.91418985506198,0,0
2024-03-26,Kyrgyzstan,Taiwan,0.3,0.4,1.0,1.5,1.4,1.4,-0.3999999999999999,0.10000000000000009,1422.4706851388305,1108.2968540819973,314.17383105683325,0,0
2024-03-26,Malaysia,Oman,0.3,0.5,2.3,1.1,1.8,0.9,0.4999999999999998,0.20000000000000007,1458.3606214441886,1642.082030646815,-183.72140920262632,0,2
2024-03-26,Uzbekistan,Hong Kong,0.6,0.1,1.7,0.6,0.7,2.2,1.0,-1.6,1780.9382308106544,1225.2992630028916,555.6389678077628,0,0
2024-03-26,Turkmenistan,Iran,0.0,0.7,0.5,2.6,2.1,1.0,-1.6,1.6,1358.3297556486768,1896.713862744748,-538.3841070960711,0,2
2024-03-26,Philippines,Iraq,0.3,0.6,0.8,1.9,1.4,1.1,-0.5999999999999999,0.7999999999999998,1244.145617174588,1750.5823264634269,-506.43670928883876,0,2
2024-03-26,Vietnam,Indonesia,0.1,0.2,0.7,0.7,2.2,2.7,-1.5000000000000002,-2.0,1459.0954899959652,1439.8461865491254,19.249303446839804,0,2
2024-03-26,Tajikistan,Saudi Arabia,0.4,0.7,1.4,1.5,0.8,0.2,0.5999999999999999,1.3,1510.2873011648555,1739.5635997980974,-229.27629863324182,0,1
2024-03-26,Jordan,Pakistan,0.6,0.1,1.9,0.3,1.5,2.6,0.3999999999999999,-2.3000000000000003,1730.49408744737,1026.8965852460794,703.5975022012906,0,0
2024-03-26,Bahrain,Nepal,0.5,0.2,1.2,0.4,1.3,1.8,-0.10000000000000009,-1.4,1588.588616619429,1099.1534336426005,489.4351829768286,0,0
2024-03-26,Yemen,United Arab Emirates,0.2,0.6,0.9,1.7,2.2,0.8,-1.3000000000000003,0.8999999999999999,1258.9963503496094,1630.8953328208586,-371.89898247124916,1,2
2024-03-26,Bangladesh,Palestine,0.3,0.2,1.1,1.1,1.9,1.1,-0.7999999999999998,0.0,1130.607650575182,1549.341637616638,-418.733987041456,0,2
2024-03-26,Australia,Lebanon,0.8,0.1,2.3,0.6,0.3,1.4,1.9999999999999998,-0.7999999999999999,1872.820381963294,1413.8042801984473,459.0161017648468,0,0
2024-04-06,Northern Mariana Islands,Guam,0.1,0.0,0.7,0.3,4.9,3.3,-4.2,-3.0,960.4887161631788,969.1213995222784,-8.632683359099588,0,1
2024-04-07,Northern Mariana Islands,Guam,0.1,0.0,0.9,0.5,4.6,2.8,-3.6999999999999997,-2.3,956.6325576962694,972.9775579891876,-16.345000292918257,0,0
2024-04-14,Trinidad and Tobago,Guyana,0.4,0.6,1.2,2.5,2.2,1.2,-1.0000000000000002,1.3,1566.5756940645565,1463.0221866505624,103.55350741399411,0,0
2024-04-16,Trinidad and Tobago,Guyana,0.5,0.6,1.4,2.5,1.7,1.3,-0.30000000000000004,1.2,1571.3064768243414,1458.2914038907777,113.01507293356372,0,0
2024-04-26,Grenada,Saint Vincent and the Grenadines,0.1,0.4,1.0,1.9,2.6,2.5,-1.6,-0.6000000000000001,1265.0519234366689,1251.0809914553736,13.97093198129528,0,2
2024-04-26,Guatemala,Nicaragua,0.1,0.5,0.5,1.8,1.1,1.0,-0.6000000000000001,0.8,1627.3626615029823,1491.365039831247,135.99762167173526,1,1
2024-05-21,Galicia,Panama,0.4,0.6,1.7,1.7,2.0,0.9,-0.30000000000000004,0.7999999999999999,1534.972677317454,1828.7176196168111,-293.74494229935704,0,2
2024-05-21,Basque Country,Uruguay,0.6,0.7,2.4,2.2,0.9,0.9,1.5,1.3000000000000003,1788.57663910911,2061.4504339982827,-272.8737948891728,0,1
2024-05-31,Bolivia,Mexico,0.2,0.4,0.8,1.7,1.9,1.4,-1.0999999999999999,0.30000000000000004,1675.3733864898616,1912.1962216633249,-236.82283517346332,1,2
2024-05-31,Costa Rica,Uruguay,0.4,0.6,1.7,2.1,2.1,0.9,-0.40000000000000013,1.2000000000000002,1722.675703138972,2056.848388413255,-334.17268527428314,0,1
2024-06-01,Greenland,Turkmenistan,0.5,0.0,1.6,0.5,1.8,2.1,-0.19999999999999996,-1.6,1492.875310799361,1355.3607874531515,137.51452334620944,1,2
2024-06-02,Indonesia,Tanzania,0.3,0.2,0.9,0.6,2.2,1.0,-1.3000000000000003,-0.4,1486.4086238574178,1469.546038232017,16.862585625400698,0,1
2024-06-03,Albania,Liechtenstein,0.5,0.0,1.4,0.2,0.7,2.2,0.7,-2.0,1664.7489454634474,1030.3942780861892,634.3546673772582,1,0
2024-06-03,Croatia,North Macedonia,0.6,0.2,1.8,1.2,0.7,2.2,1.1,-1.0000000000000002,2005.7268223186688,1613.5290851363834,392.19773718228544,0,0
2024-06-03,England,Bosnia and Herzegovina,0.6,0.2,2.4,0.7,0.7,2.2,1.7,-1.5000000000000002,2067.49075565209,1529.1024804916128,538.388275160477,0,0
2024-06-03,Germany,Ukraine,0.4,0.6,1.4,1.8,1.7,1.1,-0.30000000000000004,0.7,1985.4043806379905,1910.775270568697,74.62911006929357,0,1
2024-06-03,Gibraltar,Scotland,0.0,0.3,0.0,1.4,4.2,2.0,-4.2,-0.6000000000000001,1149.26624462393,1818.961190909248,-669.6949462853179,1,2
2024-06-04,Switzerland,Estonia,0.3,0.0,1.5,0.4,1.1,2.9,0.3999999999999999,-2.5,1860.3381398371575,1416.0268019972773,444.31133783988025,0,0
2024-06-04,Slovenia,Armenia,0.7,0.2,2.1,1.0,0.8,1.5,1.3,-0.5,1787.8933461176462,1511.878756255292,276.0145898623541,0,0
2024-06-04,Romania,Bulgaria,0.4,0.1,1.5,0.9,0.8,1.4,0.7,-0.4999999999999999,1723.1349754196992,1532.0706615039885,191.06431391571073,0,1
2024-06-04,Austria,Serbia,0.7,0.5,2.2,1.7,0.7,1.2,1.5000000000000002,0.5,1904.5085476648924,1855.6138659007893,48.8946817641031,0,0
2024-06-04,Portugal,Finland,0.9,0.6,3.1,1.9,0.6,1.2,2.5,0.7,2066.6217031252327,1673.4626426333916,393.15906049184105,0,0
2024-06-04,Italy,Turkey,0.6,0.5,2.1,1.8,1.2,1.7,0.9000000000000001,0.10000000000000009,2011.6423490519949,1803.1344149833649,208.50793406863,0,1
2024-06-04,Republic of Ireland,Hungary,0.2,0.6,1.0,1.7,1.1,0.8,-0.10000000000000009,0.8999999999999999,1665.844539531952,1882.8185149871963,-216.97397545524427,0,0
2024-06-05,Tunisia,Equatorial Guinea,0.3,0.3,0.8,1.2,0.6,1.2,0.20000000000000007,0.0,1792.8543245644055,1593.6587285581024,199.19559600630305,0,0
2024-06-05,Guatemala,Dominica,0.1,0.5,0.6,1.5,1.1,0.9,-0.5000000000000001,0.6,1623.6367152997386,1238.2899970606095,385.34671823912913,0,0
2024-06-05,Nicaragua,Montserrat,0.5,0.4,1.8,1.4,0.7,2.3,1.1,-0.8999999999999999,1495.090986034491,1298.481053854025,196.60993218046588,0,0
2024-06-05,Curaçao,Barbados,0.1,0.1,0.9,1.2,1.9,3.1,-0.9999999999999999,-1.9000000000000001,1502.7116976501968,1146.566338257163,356.1453593930339,0,0
2024-06-05,Trinidad and Tobago,Grenada,0.5,0.1,1.5,0.9,1.7,2.8,-0.19999999999999996,-1.9,1578.1118228901482,1242.008732397791,336.1030904923573,0,1
2024-06-05,Suriname,Saint Vincent and the Grenadines,0.2,0.4,1.0,1.9,1.3,2.4,-0.30000000000000004,-0.5,1478.044749688313,1274.1241824942515,203.9205671940615,0,0
2024-06-05,Antigua and Barbuda,Bermuda,0.2,0.3,1.2,1.2,3.2,1.9,-2.0,-0.7,1231.4761009059537,1348.0521905434257,-116.57608963747202,0,1
2024-06-05,Central African Republic,Chad,0.4,0.2,2.2,0.7,1.2,1.8,1.0000000000000002,-1.1,1454.567226767084,1307.0834553337995,147.48377143328457,1,0
2024-06-05,Namibia,Liberia,0.3,0.2,0.7,1.1,0.9,1.7,-0.20000000000000007,-0.5999999999999999,1539.8601581759513,1408.4827729706751,131.37738520527614,1,1
2024-06-05,Norway,Kosovo,0.5,0.3,2.3,0.9,1.1,1.0,1.1999999999999997,-0.09999999999999998,1777.5715455083064,1567.4774887905587,210.09405671774766,0,0
2024-06-05,Sierra Leone,Djibouti,0.2,0.2,1.2,1.1,1.8,2.4,-0.6000000000000001,-1.2999999999999998,1436.6370792140672,1098.670546978372,337.96653223569524,1,0
2024-06-05,Belgium,Montenegro,0.6,0.5,2.2,1.5,0.6,1.5,1.6,0.0,2049.9456022462296,1619.2473593619925,430.69824288423706,0,0
2024-06-05,Denmark,Sweden,0.7,0.5,1.6,1.7,0.6,1.6,1.0,0.09999999999999987,1873.033516948808,1754.9658889812551,118.06762796755288,0,0
2024-06-05,France,Luxembourg,0.7,0.5,3.2,1.3,1.0,1.6,2.2,-0.30000000000000004,2145.773102896503,1553.206776371564,592.5663265249391,0,0
2024-06-05,Togo,South Sudan,0.4,0.2,1.3,0.6,1.1,1.7,0.19999999999999996,-1.1,1507.1858998030611,1283.8496583727172,223.336241430344,0,1
2024-06-05,San Marino,Slovakia,0.0,0.6,0.4,1.6,3.0,1.1,-2.6,0.5,866.7520225551425,1713.0153682215396,-846.2633456663971,1,2
2024-06-05,Spain,Andorra,0.7,0.0,2.7,0.3,0.8,1.9,1.9000000000000001,-1.5999999999999999,2068.7050126183653,1173.575003591833,895.1300090265324,0,0
2024-06-05,Mexico,Uruguay,0.4,0.5,1.7,1.7,1.4,0.8,0.30000000000000004,0.8999999999999999,1916.270435296944,2050.972318466078,-134.7018831691339,1,2
2024-06-06,Uzbekistan,Turkmenistan,0.6,0.1,1.8,0.9,0.6,2.0,1.2000000000000002,-1.1,1782.5091126672094,1382.88775479916,399.6213578680495,0,0
2024-06-06,Hong Kong,Iran,0.1,0.8,0.6,2.5,2.3,0.8,-1.6999999999999997,1.7,1223.7283811463367,1899.682830940273,-675.9544497939364,0,2
2024-06-06,Indonesia,Iraq,0.3,0.7,0.8,2.2,2.1,0.9,-1.3,1.3000000000000003,1483.1664067990796,1757.613762436108,-274.4473556370283,0,2
2024-06-06,Vietnam,Philippines,0.1,0.3,0.7,0.8,2.3,1.5,-1.5999999999999999,-0.7,1412.5330526876728,1237.1141812019066,175.4188714857662,0,0
2024-06-06,Jordan,Tajikistan,0.6,0.3,2.4,1.3,1.4,0.9,1.0,0.4,1731.367090013891,1517.4036196694246,213.96347034446626,0,0
2024-06-06,Pakistan,Saudi Arabia,0.1,0.6,0.3,1.2,3.2,0.3,-2.9000000000000004,0.8999999999999999,1026.0235826795588,1732.4472812935282,-706.4236986139695,0,2
2024-06-06,Nepal,United Arab Emirates,0.2,0.6,0.3,1.8,1.8,0.7,-1.5,1.1,1096.8775229495648,1638.2587681130624,-541.3812451634976,1,2
2024-06-06,Bangladesh,Australia,0.2,0.8,0.8,2.6,1.9,0.3,-1.0999999999999999,2.3000000000000003,1125.1008591561636,1875.9000294761483,-750.7991703199848,0,2
2024-06-06,Palestine,Lebanon,0.3,0.0,1.2,0.5,0.9,1.9,0.29999999999999993,-1.4,1554.8484290356564,1410.724632685593,144.12379635006346,1,1
2024-06-06,Kyrgyzstan,Malaysia,0.4,0.2,1.5,1.3,1.3,2.0,0.19999999999999996,-0.7,1428.7997344878445,1435.4529620834153,-6.653227595570797,0,1
2024-06-06,Costa Rica,Saint Kitts and Nevis,0.4,0.2,1.7,0.7,2.1,2.4,-0.40000000000000013,-1.7,1728.5517730861495,1293.1140464130792,435.4377266730703,0,0
2024-06-06,Haiti,Saint Lucia,0.3,0.5,1.6,1.6,1.3,1.3,0.30000000000000004,0.30000000000000004,1645.6377410908776,1339.511074770428,306.12666632044966,1,0
2024-06-06,Panama,Guyana,0.7,0.6,1.9,2.5,0.8,1.3,1.0999999999999999,1.2,1836.1242240439267,1451.4860578249709,384.6381662189558,0,0
2024-06-06,Jamaica,Dominican Republic,0.5,0.5,1.6,1.9,1.2,1.5,0.40000000000000013,0.3999999999999999,1758.4992575825047,1407.045954077201,351.45330350530367,0,0
2024-06-06,El Salvador,Puerto Rico,0.0,0.4,0.6,2.3,1.5,1.6,-0.9,0.6999999999999997,1527.795162615961,1336.2414913010125,191.5536713149486,0,1
2024-06-06,Bahrain,Yemen,0.5,0.2,1.4,0.9,1.3,2.0,0.09999999999999987,-1.1,1590.864527312465,1251.6329150574056,339.2316122550594,0,1
2024-06-06,Honduras,Cuba,0.3,0.2,1.2,0.5,0.9,2.3,0.29999999999999993,-1.7999999999999998,1601.9394842311144,1447.474792827423,154.4646914036914,0,0
2024-06-06,Taiwan,Oman,0.3,0.5,1.5,1.2,1.9,0.9,-0.3999999999999999,0.29999999999999993,1101.9678047329833,1664.9896900075885,-563.0218852746052,0,2
2024-06-06,China,Thailand,0.3,0.2,1.2,0.9,1.2,1.5,0.0,-0.6,1548.8755030855114,1549.6676797930638,-0.7921767075524713,0,1
2024-06-06,Gibraltar,Wales,0.0,0.4,0.0,1.6,4.1,1.0,-4.1,0.6000000000000001,1148.6442523712412,1767.9764894488976,-619.3322370776564,1,1
2024-06-06,Netherlands,Canada,0.6,0.4,2.3,1.7,1.2,1.6,1.0999999999999999,0.09999999999999987,2041.2837618259812,1829.2215890638877,212.0621727620935,0,0
2024-06-06,Guinea-Bissau,Ethiopia,0.3,0.3,0.9,0.8,1.7,1.2,-0.7999999999999999,-0.3999999999999999,1460.3180246999016,1420.2106817273589,40.10734297254271,0,1
2024-06-06,Singapore,South Korea,0.3,0.5,1.3,1.9,2.1,1.1,-0.8,0.7999999999999998,1285.2287358924905,1839.488170701541,-554.2594348090506,0,2
2024-06-06,Mauritania,Sudan,0.1,0.3,0.4,0.5,1.1,0.9,-0.7000000000000001,-0.4,1502.742711297272,1440.24401030356,62.49870099371219,0,2
2024-06-06,Senegal,DR Congo,0.8,0.1,1.9,0.7,0.2,0.8,1.7,-0.10000000000000009,1887.2217765228709,1645.5550049783196,241.66677154455124,0,1
2024-06-06,Benin,Rwanda,0.0,0.2,1.0,0.6,1.4,0.6,-0.3999999999999999,0.0,1465.255049095222,1432.4018399237962,32.85320917142576,1,0
2024-06-06,Egypt,Burkina Faso,0.4,0.4,2.1,1.4,1.2,1.3,0.9000000000000001,0.09999999999999987,1743.4719550171524,1619.9026575804037,123.56929743674868,0,0
2024-06-06,Algeria,Guinea,0.5,0.6,2.2,1.9,1.1,0.9,1.1,0.9999999999999999,1773.0398872734718,1606.250779120366,166.78910815310587,0,2
2024-06-06,Malawi,São Tomé and Príncipe,0.4,0.0,1.0,0.4,0.5,3.3,0.5,-2.9,1472.3014831568437,1183.1517497747257,289.14973338211803,0,0
2024-06-06,Mali,Ghana,0.6,0.2,2.1,1.0,0.9,1.6,1.2000000000000002,-0.6000000000000001,1751.7554882882853,1617.3118810538494,134.44360723443583,0,2
2024-06-06,Afghanistan,Qatar,0.3,0.8,0.8,2.0,2.2,0.8,-1.4000000000000001,1.2,1295.137471409403,1772.673876913594,-477.5364055041912,1,1
2024-06-06,India,Kuwait,0.1,0.3,0.5,1.2,1.5,1.7,-1.0,-0.5,1344.6622365837404,1429.671043493857,-85.00880691011662,0,1
2024-06-06,Myanmar,Japan,0.3,0.8,1.0,3.4,2.4,0.9,-1.4,2.5,1110.7418324632572,1946.123762785906,-835.3819303226487,0,2
2024-06-06,North Korea,Syria,0.5,0.3,1.2,1.4,0.6,1.1,0.6,0.2999999999999998,1500.115374244571,1576.3974939748005,-76.2821197302294,1,0
2024-06-06,Libya,Mauritius,0.6,0.3,1.8,0.7,0.9,1.0,0.9,-0.30000000000000004,1526.8973718571926,1190.5464434037087,336.3509284534839,0,0
2024-06-07,Nigeria,South Africa,0.5,0.2,1.1,1.1,0.8,0.7,0.30000000000000004,0.40000000000000013,1743.51276470397,1693.744946523044,49.76781818092604,0,1
2024-06-07,Angola,Eswatini,0.4,0.2,1.2,0.9,0.5,1.1,0.7,-0.20000000000000007,1629.047278429671,1353.9000932385356,275.14718519113535,0,0
2024-06-07,Morocco,Zambia,0.6,0.3,1.5,1.3,0.5,1.0,1.0,0.30000000000000004,1856.4581254934471,1593.582988941674,262.87513655177304,0,0
2024-06-07,Madagascar,Comoros,0.5,0.4,1.3,1.5,0.7,1.1,0.6000000000000001,0.3999999999999999,1428.5301344785482,1445.70954882743,-17.179414348881664,1,0
2024-06-07,Mozambique,Somalia,0.3,0.0,1.6,0.5,1.8,2.2,-0.19999999999999996,-1.7000000000000002,1485.7141351622374,1020.0786255418948,465.63550962034265,0,0
2024-06-07,Uganda,Botswana,0.4,0.4,0.8,1.1,1.3,1.3,-0.5,-0.19999999999999996,1476.8395666318106,1446.5302204316508,30.30934620015978,0,0
2024-06-07,Zimbabwe,Lesotho,0.1,0.1,0.6,0.7,1.1,1.3,-0.5000000000000001,-0.6000000000000001,1456.003697567346,1355.2409801636788,100.76271740366724,1,2
2024-06-07,Ivory Coast,Gabon,0.6,0.4,1.7,1.1,1.2,1.3,0.5,-0.19999999999999996,1735.9914990822626,1543.7205960027682,192.27090307949447,0,0
2024-06-07,Scotland,Finland,0.3,0.5,1.4,1.9,1.9,1.6,-0.5,0.2999999999999998,1819.583183161937,1671.8048290310437,147.77835413089338,0,1
2024-06-07,Kenya,Burundi,0.4,0.2,1.5,1.1,1.1,2.4,0.3999999999999999,-1.2999999999999998,1475.214557424344,1448.289275671239,26.925281753105082,1,1
2024-06-07,Poland,Ukraine,0.5,0.6,1.6,1.5,0.8,0.8,0.8,0.7,1777.6519730950758,1915.4170455031467,-137.76507240807086,0,0
2024-06-07,Peru,Paraguay,0.3,0.2,0.9,0.5,1.3,0.9,-0.4,-0.4,1820.4435643559932,1777.4350956606283,43.008468695364854,0,1
2024-06-07,Germany,Greece,0.4,0.5,1.4,1.8,1.6,0.8,-0.20000000000000018,1.0,1980.7626057035409,1796.7391884717256,184.0234172318153,0,0
2024-06-07,England,Iceland,0.6,0.5,2.3,1.7,0.7,1.3,1.5999999999999999,0.3999999999999999,2068.356169720875,1603.9298202199482,464.426349500927,0,2
2024-06-07,Czech Republic,Malta,0.6,0.2,1.8,0.5,0.9,1.8,0.9,-1.3,1822.194868059663,1315.1235063383713,507.0713617212916,1,0
2024-06-07,Romania,Liechtenstein,0.4,0.0,1.5,0.2,0.8,2.3,0.7,-2.0999999999999996,1716.2888183519983,1029.5090487703003,686.779769581698,0,1
2024-06-07,Cambodia,Mongolia,0.2,0.1,1.3,0.3,1.5,1.5,-0.19999999999999996,-1.2,1045.76158696856,1069.281785944193,-23.520198975632866,0,0
2024-06-07,Belarus,Russia,0.3,0.4,0.8,1.7,0.9,0.6,-0.09999999999999998,1.1,1510.0866530592762,1820.5789629702651,-310.492309910989,0,2
2024-06-07,Armenia,Kazakhstan,0.1,0.6,0.7,1.4,1.5,1.3,-0.8,0.09999999999999987,1509.8191019559663,1529.8531147675071,-20.034012811540833,0,0
2024-06-07,Albania,Azerbaijan,0.5,0.4,1.5,1.0,0.7,1.5,0.8,-0.5,1665.6341747793365,1540.0264233042735,125.60775147506297,1,0
2024-06-08,United States,Colombia,0.6,0.7,2.2,1.5,0.8,0.7,1.4000000000000001,0.8,1895.444243958084,2065.043198201752,-169.59895424366823,0,2
2024-06-08,Cameroon,Cape Verde,0.3,0.6,1.3,1.2,1.2,0.5,0.10000000000000009,0.7,1663.065299106843,1692.333256644001,-29.267957537158054,0,0
2024-06-08,Gambia,Seychelles,0.2,0.1,1.0,0.3,1.8,2.6,-0.8,-2.3000000000000003,1472.8731909259147,1043.1089712056194,429.7642197202954,1,0
2024-06-08,Cayman Islands,Antigua and Barbuda,0.1,0.2,1.1,1.2,2.4,3.0,-1.2999999999999998,-1.8,1059.072313992375,1232.4295739977867,-173.35726000541172,0,0
2024-06-08,Anguilla,Suriname,0.0,0.3,0.3,1.3,2.5,1.1,-2.2,0.19999999999999996,877.5603751919285,1488.4124033274866,-610.852028135558,0,2
2024-06-08,Aruba,Curaçao,0.5,0.2,1.9,1.3,1.8,1.8,0.09999999999999987,-0.5,1231.5087666004329,1507.4365116811728,-275.9277450807399,0,2
2024-06-08,Belize,Nicaragua,0.3,0.6,1.0,2.2,1.2,0.6,-0.19999999999999996,1.6,1281.0635587078075,1505.8358551839945,-224.77229647618697,0,2
2024-06-08,British Virgin Islands,Guatemala,0.1,0.2,1.1,1.2,1.8,1.1,-0.7,0.09999999999999987,957.050062325977,1628.537455787326,-671.487393461349,0,2
2024-06-08,Switzerland,Austria,0.3,0.8,1.7,2.3,1.0,0.7,0.7,1.5999999999999999,1861.9039168533045,1910.4674315843856,-48.56351473108111,0,1
2024-06-08,Bahamas,Trinidad and Tobago,0.0,0.4,0.8,1.4,3.2,1.7,-2.4000000000000004,-0.30000000000000004,1090.9337000361768,1561.1170841846265,-470.1833841484497,1,2
2024-06-08,Sweden,Serbia,0.5,0.4,1.8,1.6,1.6,1.4,0.19999999999999996,0.20000000000000018,1750.5302020366985,1849.6549819812965,-99.124779944598,0,2
2024-06-08,Slovenia,Bulgaria,0.8,0.1,2.2,0.8,0.8,1.3,1.4000000000000001,-0.5,1789.9530004169717,1538.9168185716892,251.0361818452825,0,1
2024-06-08,Latvia,Lithuania,0.1,0.3,0.7,1.0,2.2,1.3,-1.5000000000000002,-0.30000000000000004,1399.1490730668822,1387.1424388130874,12.0066342537948,0,2
2024-06-08,Portugal,Croatia,0.9,0.6,3.2,1.7,0.8,0.5,2.4000000000000004,1.2,2068.279516727581,2007.6710747063212,60.608442021259634,0,2
2024-06-08,Moldova,Cyprus,0.2,0.1,0.9,0.5,1.4,2.7,-0.4999999999999999,-2.2,1391.5391608409532,1367.1136302232562,24.42553061769695,0,0
2024-06-08,Mexico,Brazil,0.4,0.4,1.5,1.8,1.6,1.5,-0.10000000000000009,0.30000000000000004,1904.4462817286517,2092.8863395308917,-188.44005780224006,1,2
2024-06-08,Hungary,Israel,0.6,0.4,1.8,1.1,1.0,1.4,0.8,-0.2999999999999998,1869.573429189932,1605.9437108777936,263.6297183121385,0,0
2024-06-08,Denmark,Norway,0.7,0.6,1.7,2.5,0.7,0.9,1.0,1.6,1877.4692038933645,1782.6003913807,94.86881251266436,0,0
2024-06-08,Belgium,Luxembourg,0.7,0.5,2.3,1.3,0.5,1.8,1.7999999999999998,-0.5,2051.295736583877,1552.5690042991068,498.72673228477015,0,0
2024-06-08,Estonia,Faroe Islands,0.0,0.1,0.4,0.5,3.0,1.6,-2.6,-1.1,1414.4610249811303,1312.0272902847576,102.43373469637277,0,0
2024-06-08,Spain,Northern Ireland,0.7,0.3,3.0,0.9,0.7,1.3,2.3,-0.4,2068.834678242659,1571.8886598913691,496.9460183512897,0,0
2024-06-08,Brunei,Sri Lanka,0.1,0.2,0.5,0.8,4.9,1.5,-4.4,-0.7,875.871383758433,962.6196559918344,-86.7482722334014,0,0
2024-06-09,Grenada,Costa Rica,0.1,0.4,0.9,1.5,2.8,1.7,-1.9,-0.19999999999999996,1259.003471103313,1731.840248788078,-472.83677768476514,0,2
2024-06-09,Barbados,Haiti,0.1,0.3,1.2,1.4,3.4,1.4,-2.2,0.0,1141.8415242261867,1651.498308123205,-509.6567838970184,0,2
2024-06-09,Bermuda,Honduras,0.3,0.4,1.3,1.5,1.8,1.0,-0.5,0.5,1347.0987174515924,1613.2033896680734,-266.10467221648105,0,2
2024-06-09,Dominica,Jamaica,0.4,0.6,1.3,1.5,1.4,1.0,-0.09999999999999987,0.5,1233.3892565730223,1761.2679518931627,-527.8786953201404,0,2
2024-06-09,Saint Vincent and the Grenadines,El Salvador,0.4,0.0,1.9,0.6,2.3,1.3,-0.3999999999999999,-0.7000000000000001,1263.756528855078,1514.0878963217615,-250.33136746668356,1,2
2024-06-09,Montserrat,Panama,0.4,0.7,1.3,1.9,2.4,0.7,-1.0999999999999999,1.2,1287.7361847045215,1839.5968905919872,-551.8607058874657,1,2
2024-06-09,São Tomé and Príncipe,Liberia,0.0,0.2,0.4,1.2,3.1,1.5,-2.7,-0.30000000000000004,1177.3794743162682,1415.7044989916346,-238.32502467536642,1,2
2024-06-09,Namibia,Tunisia,0.3,0.4,0.7,0.9,0.8,0.2,-0.10000000000000009,0.7,1532.638432154992,1798.9172877303504,-266.2788555753584,1,1
2024-06-09,Mauritania,Senegal,0.1,0.7,0.3,1.9,1.1,0.3,-0.8,1.5999999999999999,1459.652323564498,1872.1311313712345,-412.47880780673654,0,2
2024-06-09,DR Congo,Togo,0.1,0.4,0.8,1.2,0.8,1.0,0.0,0.19999999999999996,1660.6456501299565,1492.568089389042,168.07756074091458,0,0
2024-06-09,Djibouti,Ethiopia,0.2,0.2,1.0,0.7,1.9,1.2,-0.8999999999999999,-0.5,1093.668716184963,1427.8654024401478,-334.1966862551849,1,1
2024-06-09,Slovakia,Wales,0.6,0.4,1.8,1.4,1.0,0.6,0.8,0.7999999999999999,1713.3005081434226,1758.5267682564468,-45.22626011302418,0,0
2024-06-09,Montenegro,Georgia,0.5,0.4,1.5,2.1,1.7,1.7,-0.19999999999999996,0.40000000000000013,1617.8972250243448,1701.6512191755162,-83.75399415117136,0,2
2024-06-09,Italy,Bosnia and Herzegovina,0.6,0.2,2.0,0.7,1.0,2.3,1.0,-1.5999999999999999,2004.538516118096,1528.2370664228272,476.30144969526873,0,0
2024-06-09,France,Canada,0.7,0.3,3.2,1.5,1.0,2.0,2.2,-0.5,2146.4108749689603,1823.8856017031849,322.52527326577547,0,1
2024-06-09,Argentina,Ecuador,0.9,0.6,1.8,1.1,0.3,0.6,1.5,0.5000000000000001,2203.31203135666,1950.5509599253317,252.76107143132845,1,0
2024-06-10,Ghana,Central African Republic,0.2,0.5,0.9,2.2,1.6,1.0,-0.7000000000000001,1.2000000000000002,1649.0742269387968,1466.553060972383,182.52116596641372,0,0
2024-06-10,Equatorial Guinea,Malawi,0.3,0.5,1.2,1.2,1.3,0.5,-0.10000000000000009,0.7,1587.5957653921575,1478.0737586153011,109.52200677685641,0,0
2024-06-10,Guinea,Mozambique,0.6,0.3,1.9,1.5,0.9,1.7,0.9999999999999999,-0.19999999999999996,1639.1646885443377,1487.1985251178032,151.96616342653442,1,2
2024-06-10,Uganda,Algeria,0.4,0.5,0.8,2.2,1.3,1.2,-0.5,1.0000000000000002,1489.6713649901756,1740.1259778495,-250.45461285932447,0,2
2024-06-10,Benin,Nigeria,0.1,0.5,1.0,1.1,1.3,0.8,-0.30000000000000004,0.30000000000000004,1483.3694828920368,1735.3885215826067,-252.01903869056991,1,0
2024-06-10,Somalia,Botswana,0.0,0.4,0.6,0.9,2.3,1.1,-1.6999999999999997,-0.20000000000000007,1018.594235586329,1433.698422073286,-415.10418648695713,1,2
2024-06-10,Guinea-Bissau,Egypt,0.3,0.5,0.9,2.2,1.6,1.2,-0.7000000000000001,1.0000000000000002,1452.6633039871126,1752.1266108032028,-299.46330681609015,0,1
2024-06-10,Poland,Turkey,0.5,0.4,1.8,1.5,0.9,1.5,0.9,0.0,1794.2760313087863,1810.238247917264,-15.962216608477775,0,0
2024-06-10,Netherlands,Iceland,0.7,0.6,2.5,1.7,0.8,1.0,1.7,0.7,2046.619749186684,1623.1826348567956,423.43711432988835,0,0
2024-06-10,Czech Republic,North Macedonia,0.6,0.2,2.2,1.0,1.0,2.2,1.2000000000000002,-1.2000000000000002,1824.371944167992,1611.5848327487306,212.78711141926146,0,0
2024-06-10,Burkina Faso,Sierra Leone,0.3,0.3,1.3,1.2,1.4,1.7,-0.09999999999999987,-0.5,1611.2480017943533,1441.6389100074762,169.60909178687712,1,1
2024-06-11,Indonesia,Philippines,0.3,0.2,0.8,0.9,1.9,1.8,-1.0999999999999999,-0.9,1467.0794161016413,1230.313115581001,236.76630052064024,0,0
2024-06-11,Japan,Syria,0.8,0.2,3.4,1.3,0.9,1.2,2.5,0.10000000000000009,1947.2676430765,1552.0755669539471,395.19207612255286,0,0
2024-06-11,North Korea,Myanmar,0.5,0.3,1.2,1.0,0.6,2.5,0.6,-1.5,1524.4373012654244,1109.5979521726638,414.8393490927606,1,0
2024-06-11,Qatar,India,0.8,0.1,1.9,0.4,0.6,1.4,1.2999999999999998,-0.9999999999999999,1755.0797826741457,1343.7998092849602,411.27997338918544,0,0
2024-06-11,Thailand,Singapore,0.2,0.3,0.9,1.1,1.5,2.6,-0.6,-1.5,1555.2282301102505,1279.092187730618,276.1360423796325,0,0
2024-06-11,South Korea,China,0.5,0.2,2.3,1.1,1.1,1.3,1.1999999999999997,-0.19999999999999996,1845.624718863414,1543.314952768325,302.3097660950891,0,0
2024-06-11,Oman,Kyrgyzstan,0.5,0.4,1.3,1.6,0.8,1.3,0.5,0.30000000000000004,1669.543056415739,1423.5519305999392,245.99112581579993,0,1
2024-06-11,Malaysia,Taiwan,0.2,0.3,1.2,1.3,1.9,2.0,-0.7,-0.7,1440.7007659713204,1097.4144383248322,343.2863276464882,0,0
2024-06-11,Turkmenistan,Hong Kong,0.1,0.1,1.0,0.8,2.1,2.3,-1.1,-1.4999999999999998,1379.6867434902456,1221.6257051041016,158.061038386144,0,1
2024-06-11,Iran,Uzbekistan,0.8,0.6,2.7,1.8,0.9,0.6,1.8000000000000003,1.2000000000000002,1901.785506982508,1785.7101239761237,116.0753830063843,0,1
2024-06-11,Iraq,Vietnam,0.8,0.2,2.4,1.0,0.9,2.3,1.5,-1.2999999999999998,1773.7007531335464,1419.3341183085784,354.36663482496806,0,0
2024-06-11,Saint Lucia,Aruba,0.5,0.5,1.7,1.9,1.3,1.3,0.3999999999999999,0.5999999999999999,1333.6505077381005,1215.5219114941658,118.12859624393468,1,1
2024-06-11,Saudi Arabia,Jordan,0.6,0.7,1.3,2.6,0.3,0.8,1.0,1.8,1734.5174294161015,1741.2344621529776,-6.717032736876035,0,2
2024-06-11,United Arab Emirates,Bahrain,0.6,0.4,2.1,1.2,0.7,1.3,1.4000000000000001,-0.10000000000000009,1641.4413295675504,1573.8201139286596,67.62121563889082,0,1
2024-06-11,Yemen,Nepal,0.2,0.2,0.9,0.3,1.8,2.0,-0.9,-1.7,1268.677328441211,1093.6949614950768,174.98236694613433,1,1
2024-06-11,Puerto Rico,Anguilla,0.4,0.0,2.3,0.3,1.6,2.9,0.6999999999999997,-2.6,1349.948757595212,873.7970350103388,476.15172258487326,0,0
2024-06-11,Australia,Palestine,0.8,0.3,2.1,1.2,0.3,0.9,1.8,0.29999999999999993,1877.283662664076,1546.9972492643203,330.2864133997557,0,0
2024-06-11,Cuba,Cayman Islands,0.2,0.2,0.6,1.1,2.4,2.1,-1.7999999999999998,-1.0,1436.210887390464,1083.2334462439028,352.9774411465612,0,0
2024-06-11,Saint Kitts and Nevis,Bahamas,0.2,0.0,0.7,0.9,2.2,3.8,-1.5000000000000002,-2.9,1289.8255707111507,1085.6139385028202,204.21163220833046,0,0
2024-06-11,Guyana,Belize,0.6,0.3,2.5,0.9,1.3,1.4,1.2,-0.4999999999999999,1448.0133912769102,1256.480125775748,191.53326550116208,1,0
2024-06-11,Dominican Republic,British Virgin Islands,0.4,0.1,1.7,1.0,1.6,2.0,0.09999999999999987,-1.0,1404.277259766543,954.5353371083876,449.74192265815543,0,0
2024-06-11,Kuwait,Afghanistan,0.2,0.3,0.9,0.7,1.6,1.6,-0.7000000000000001,-0.9000000000000001,1430.5334707926372,1312.7315656488513,117.80190514378592,0,0
2024-06-11,Tajikistan,Pakistan,0.3,0.1,1.2,0.2,1.1,3.2,0.09999999999999987,-3.0,1507.5362475303375,1023.9534345569854,483.58281297335213,0,0
2024-06-11,Chad,Comoros,0.2,0.4,0.6,1.6,1.8,1.3,-1.2000000000000002,0.30000000000000004,1295.0976211285008,1424.7214274105663,-129.62380628206552,1,2
2024-06-11,Lebanon,Bangladesh,0.0,0.1,0.3,0.5,1.6,2.0,-1.3,-1.5,1418.575812456929,1123.7172259682363,294.8585864886927,1,0
2024-06-11,Seychelles,Burundi,0.1,0.2,0.4,1.1,3.1,2.4,-2.7,-1.2999999999999998,1037.2809682301895,1449.836124025367,-412.5551557951776,1,2
2024-06-11,Latvia,Faroe Islands,0.1,0.1,0.5,0.6,2.1,1.7,-1.6,-1.1,1369.6367623937572,1299.5477686404602,70.08899375329702,0,0
2024-06-11,Lithuania,Estonia,0.4,0.1,1.1,0.8,1.2,2.6,-0.09999999999999987,-1.8,1416.6547494862125,1426.940546625428,-10.285797139215447,0,1
2024-06-11,Brunei,Sri Lanka,0.2,0.2,0.6,0.8,4.8,1.5,-4.2,-0.7,885.4901532238248,953.0008865264424,-67.51073330261761,0,0
2024-06-11,Andorra,Northern Ireland,0.0,0.3,0.2,1.0,2.2,1.7,-2.0,-0.7,1173.4453379675394,1570.7194048339518,-397.27406686641234,1,2
2024-06-11,Azerbaijan,Kazakhstan,0.4,0.5,1.1,1.2,1.3,1.5,-0.19999999999999996,-0.30000000000000004,1530.2248139636313,1522.114922305484,8.109891658147262,1,0
2024-06-11,Chile,Paraguay,0.3,0.2,1.3,0.5,1.0,0.8,0.30000000000000004,-0.30000000000000004,1787.647875219919,1781.333496622055,6.314378597863879,0,0
2024-06-11,Greece,Malta,0.4,0.1,1.7,0.5,0.9,2.5,0.7999999999999999,-2.0,1793.476175901273,1312.946430230042,480.529745671231,1,0
2024-06-11,Israel,Belarus,0.4,0.3,1.1,0.7,1.4,1.1,-0.2999999999999998,-0.40000000000000013,1602.1021997837584,1501.4840795423572,100.61812024140113,1,0
2024-06-11,Moldova,Ukraine,0.3,0.5,1.2,1.3,1.6,0.9,-0.40000000000000013,0.4,1398.1035425875575,1898.792987289436,-500.68944470187853,0,2
2024-06-11,Mongolia,Cambodia,0.1,0.3,0.3,1.4,1.6,1.3,-1.3,0.09999999999999987,1057.5313662512126,1057.5120066615402,0.019359589672376387,0,0
2024-06-11,Portugal,Republic of Ireland,0.8,0.3,3.2,1.1,1.0,1.0,2.2,0.10000000000000009,2053.960205754581,1679.0896253292167,374.8705804253641,0,0
2024-06-11,Madagascar,Mali,0.6,0.5,1.5,1.9,0.8,1.0,0.7,0.8999999999999999,1449.5182558954116,1719.993142403338,-270.4748865079264,1,1
2024-06-11,South Sudan,Sudan,0.1,0.4,0.5,0.7,1.7,0.9,-1.2,-0.20000000000000007,1298.4674687867362,1483.3343980363338,-184.86692924959766,0,2
2024-06-11,Lesotho,Rwanda,0.2,0.2,0.7,0.6,0.9,0.7,-0.20000000000000007,-0.09999999999999998,1393.705532982365,1414.2874061269813,-20.58187314461634,1,2
2024-06-11,South Africa,Zimbabwe,0.2,0.1,1.2,0.5,0.8,1.0,0.3999999999999999,-0.5,1701.8691896444072,1417.5391447486595,284.33004489574773,0,0
2024-06-11,Cape Verde,Libya,0.6,0.7,1.3,2.0,0.9,0.9,0.4,1.1,1664.361832915352,1529.8986701660576,134.46316274929427,0,0
2024-06-11,Mauritius,Eswatini,0.2,0.2,0.7,0.9,1.2,1.1,-0.5,-0.20000000000000007,1187.5451450948435,1349.7622977658884,-162.21715267104491,0,0
2024-06-11,Angola,Cameroon,0.5,0.3,1.3,1.4,0.5,1.3,0.8,0.09999999999999987,1633.1850739023182,1691.036722835492,-57.85164893317369,0,1
2024-06-11,Zambia,Tanzania,0.2,0.2,1.3,0.6,1.2,1.0,0.10000000000000009,-0.4,1589.17568461415,1472.7882552903552,116.38742932379478,0,2
2024-06-11,Morocco,Congo,0.7,0.2,1.6,1.1,0.5,2.0,1.1,-0.8999999999999999,1860.865429820971,1391.597507849733,469.26792197123814,0,0
2024-06-11,Kenya,Ivory Coast,0.4,0.6,1.5,1.3,1.1,1.1,0.3999999999999999,0.19999999999999996,1473.6677090702156,1742.2623701044504,-268.59466103423483,1,1
2024-06-11,Gabon,Gambia,0.3,0.3,0.8,1.5,1.3,1.9,-0.5,-0.3999999999999999,1537.4497249805804,1478.7011939013446,58.74853107923582,0,0
2024-06-11,San Marino,Cyprus,0.0,0.1,0.4,0.6,3.1,2.8,-2.7,-2.1999999999999997,866.4668826332596,1360.549248476652,-494.0823658433925,0,2
2024-06-12,Ecuador,Bolivia,0.5,0.2,1.0,0.8,0.7,2.0,0.30000000000000004,-1.2,1946.7663245796384,1671.2991728562422,275.4671517233962,1,0
2024-06-12,United States,Brazil,0.6,0.4,2.2,1.7,1.2,1.6,1.0000000000000002,0.09999999999999987,1880.4008312154376,2097.93850996434,-217.5376787489024,0,1
2024-06-14,Argentina,Guatemala,0.9,0.2,1.7,1.3,0.3,1.1,1.4,0.19999999999999996,2207.096666702352,1631.0521810049156,576.0444856974366,1,0
2024-06-14,El Salvador,Peru,0.1,0.2,0.7,0.8,1.1,1.3,-0.40000000000000013,-0.5,1525.5711134481548,1816.5451633945668,-290.9740499464119,1,2
2024-06-14,Germany,Scotland,0.5,0.2,1.6,1.4,1.5,2.1,0.10000000000000009,-0.7000000000000002,1984.025618273993,1813.456616102164,170.56900217182897,0,0
2024-06-15,Hungary,Switzerland,0.6,0.3,1.9,1.6,1.0,0.9,0.8999999999999999,0.7000000000000001,1873.4149402839669,1860.4341778846303,12.980762399336527,1,2
2024-06-15,Spain,Croatia,0.8,0.7,3.5,1.9,0.8,0.6,2.7,1.2999999999999998,2070.0039333000764,2021.9903856793208,48.01354762075562,1,0
2024-06-15,Italy,Albania,0.6,0.5,1.8,1.5,0.8,0.7,1.0,0.8,2005.2380584233256,1675.4357841199785,329.8022743033471,1,0
2024-06-15,Colombia,Bolivia,0.7,0.2,1.8,0.8,0.8,2.1,1.0,-1.3,2080.086610944398,1666.1995501289607,413.8870608154375,1,0
2024-06-15,Vanuatu,Solomon Islands,0.2,0.7,1.2,2.4,2.2,0.7,-1.0000000000000002,1.7,1394.4898103376777,1585.1153219390956,-190.62551160141788,0,0
2024-06-16,Slovenia,Denmark,0.7,0.8,1.9,1.9,0.7,0.7,1.2,1.2,1782.2938778089945,1884.8397804026447,-102.54590259365023,1,1
2024-06-16,Ecuador,Honduras,0.5,0.5,1.0,2.1,0.7,1.0,0.30000000000000004,1.1,1951.86594730692,1635.4149581123518,316.45098919456814,1,0
2024-06-16,Serbia,England,0.4,0.5,1.6,1.6,1.2,0.8,0.40000000000000013,0.8,1867.199065889824,2049.1033550840275,-181.90428919420356,1,2
2024-06-16,Poland,Netherlands,0.6,0.8,1.8,2.7,0.7,0.5,1.1,2.2,1801.9033225702285,2048.3760800980854,-246.47275752785686,1,2
2024-06-16,Panama,Paraguay,0.7,0.2,1.9,0.5,0.8,0.9,1.0999999999999999,-0.4,1841.999860464255,1769.0273460880478,72.9725143762073,0,2
2024-06-16,Tahiti,Samoa,0.6,0.5,2.4,2.1,0.9,2.9,1.5,-0.7999999999999998,1523.9694497277735,1269.2850030073992,254.68444672037435,1,0
2024-06-16,Fiji,Papua New Guinea,0.4,0.2,1.9,0.9,1.1,2.4,0.7999999999999998,-1.5,1538.34669702673,1418.8658185659106,119.48087846081944,0,0
2024-06-17,Belgium,Slovakia,0.7,0.6,2.3,2.1,0.5,1.0,1.7999999999999998,1.1,2052.376255487012,1729.1187907366798,323.257464750332,1,2
2024-06-17,Romania,Ukraine,0.4,0.5,1.3,1.6,0.6,0.9,0.7000000000000001,0.7000000000000001,1706.5023288945056,1902.1897982676528,-195.68746937314722,1,0
2024-06-17,Austria,France,0.7,0.6,2.2,3.1,0.8,1.0,1.4000000000000001,2.1,1911.93717055306,2138.0257995074244,-226.08862895436437,1,2
2024-06-18,Turkey,Georgia,0.3,0.4,1.4,2.2,1.7,1.7,-0.30000000000000004,0.5000000000000002,1802.6109566558216,1717.3521048809753,85.25885177484633,1,0
2024-06-18,Portugal,Czech Republic,0.8,0.6,3.4,2.0,1.0,1.0,2.4,1.0,2056.095941253016,1827.2076331559124,228.88830809710362,1,0
2024-06-18,New Zealand,Solomon Islands,0.1,0.7,0.5,2.3,1.4,0.7,-0.8999999999999999,1.5999999999999999,1690.5224518091238,1553.7382679974553,136.78418381166853,1,0
2024-06-19,Germany,Hungary,0.6,0.5,2.0,1.8,1.2,1.2,0.8,0.6000000000000001,2000.338375587438,1834.514530424208,165.82384516322986,0,0
2024-06-19,Scotland,Switzerland,0.1,0.4,1.2,1.7,2.6,0.8,-1.4000000000000001,0.8999999999999999,1797.1438587887187,1899.3345877443887,-102.19072895567001,1,1
2024-06-19,Croatia,Albania,0.6,0.5,1.4,1.5,0.9,0.8,0.4999999999999999,0.7,1984.2481812607823,1668.9218360187544,315.32634524202786,1,1
2024-06-19,Papua New Guinea,Tahiti,0.2,0.7,1.0,2.5,1.9,0.6,-0.8999999999999999,1.9,1398.2048747162564,1538.034869735977,-139.82999501972063,1,1
2024-06-19,Fiji,Samoa,0.5,0.5,2.4,2.1,1.1,2.3,1.2999999999999998,-0.19999999999999973,1559.007640876384,1255.2195829991958,303.78805787718807,0,0
2024-06-20,Spain,Italy,0.8,0.7,3.1,1.9,0.7,0.8,2.4000000000000004,1.0999999999999999,2107.7461377186155,2011.7520065245496,95.99413119406586,1,0
2024-06-20,Slovenia,Serbia,0.6,0.4,1.6,1.5,0.8,1.2,0.8,0.30000000000000004,1789.465595760883,1854.210190316318,-64.74459455543501,1,1
2024-06-20,Denmark,England,0.7,0.6,1.6,1.6,0.8,0.7,0.8,0.9000000000000001,1877.668062450757,2062.092230657534,-184.42416820677704,1,1
2024-06-20,Argentina,Canada,0.9,0.3,1.9,1.5,0.4,1.8,1.5,-0.30000000000000004,2208.322614440819,1832.2706771647208,376.0519372760982,1,0
2024-06-21,Peru,Chile,0.3,0.3,0.8,1.1,0.9,1.0,-0.09999999999999998,0.10000000000000009,1819.700386896376,1799.954025753926,19.746361142449814,1,1
2024-06-21,Vanuatu,New Zealand,0.3,0.2,1.3,0.8,2.0,1.2,-0.7,-0.3999999999999999,1425.8668642793175,1717.8862134660187,-292.0193491867012,0,2
2024-06-21,Slovakia,Ukraine,0.7,0.5,2.2,1.5,0.9,1.1,1.3000000000000003,0.3999999999999999,1772.3884129637,1836.110986275992,-63.72257331229207,1,2
2024-06-21,Poland,Austria,0.5,0.7,1.7,2.1,0.9,0.8,0.7999999999999999,1.3,1792.1609220308517,1901.241290884478,-109.0803688536264,1,2
2024-06-21,Netherlands,France,0.8,0.6,2.6,3.0,0.6,1.0,2.0,2.0,2058.118480637462,2148.721679176006,-90.6031985385439,1,1
2024-06-22,Belgium,Romania,0.6,0.5,2.2,1.5,0.6,0.5,1.6,1.0,2009.1066332599917,1772.581140886166,236.52549237382573,1,0
2024-06-22,Georgia,Czech Republic,0.4,0.6,2.3,2.0,1.8,1.1,0.4999999999999998,0.8999999999999999,1688.8740332192156,1816.6466315880111,-127.77259836879557,1,1
2024-06-22,Turkey,Portugal,0.4,0.8,1.6,2.7,1.7,1.1,-0.09999999999999987,1.6,1831.0890283175816,2066.6569428209173,-235.56791450333571,1,2
2024-06-22,Samoa,Papua New Guinea,0.5,0.2,2.2,1.0,2.6,1.7,-0.3999999999999999,-0.7,1244.6362313128695,1407.7562370233582,-163.1200057104886,1,2
2024-06-22,Fiji,Tahiti,0.5,0.7,3.2,2.6,1.2,0.6,2.0,2.0,1569.5909925627104,1528.483507428875,41.107485133835326,0,0
2024-06-22,Ecuador,Venezuela,0.6,0.4,1.2,0.9,0.7,0.5,0.5,0.4,1954.6506953658336,1825.723635515537,128.9270598502967,1,2
2024-06-22,Mexico,Jamaica,0.4,0.6,1.4,1.4,1.6,1.1,-0.20000000000000018,0.2999999999999998,1899.3941112952025,1764.407478514838,134.98663278036452,1,0
2024-06-23,United States,Bolivia,0.5,0.2,2.0,0.7,1.3,1.9,0.7,-1.2,1883.660425492464,1663.2415264693068,220.4188990231571,0,0
2024-06-23,Uruguay,Panama,0.5,0.7,1.9,1.8,0.8,0.8,1.0999999999999999,1.0,2062.7964720343707,1827.3955755667123,235.4008964676584,1,0
2024-06-23,Germany,Switzerland,0.6,0.3,2.0,1.5,1.1,0.9,0.8999999999999999,0.6,2013.685651986582,1892.186330299487,121.49932168709483,0,1
2024-06-23,Scotland,Hungary,0.1,0.5,1.2,1.7,2.4,1.3,-1.2,0.3999999999999999,1804.2921162336208,1821.167254025064,-16.875137791443194,1,2
2024-06-24,Albania,Spain,0.4,0.8,1.5,2.6,1.0,0.7,0.5,1.9000000000000001,1686.9210798022348,2126.009362593992,-439.08828279175736,1,2
2024-06-24,Croatia,Italy,0.5,0.6,1.5,1.7,1.1,0.8,0.3999999999999999,0.8999999999999999,1966.248937477302,1993.4887816491732,-27.239844171871255,1,1
2024-06-24,Colombia,Paraguay,0.7,0.3,2.0,0.4,0.8,0.6,1.2,-0.19999999999999996,2083.044634604052,1783.6316309855906,299.4130036184615,1,0
2024-06-24,Brazil,Costa Rica,0.4,0.5,1.6,1.8,1.3,1.5,0.30000000000000004,0.30000000000000004,2094.6789156873137,1739.1681906164515,355.51072507086224,1,1
2024-06-25,England,Slovenia,0.5,0.5,1.4,1.4,0.7,0.9,0.7,0.4999999999999999,2049.942126671343,1794.0711555053838,255.8709711659592,1,1
2024-06-25,Denmark,Serbia,0.6,0.4,1.6,1.5,0.9,1.1,0.7000000000000001,0.3999999999999999,1889.818166436948,1849.604630571817,40.21353586513101,1,1
2024-06-25,Netherlands,Austria,0.7,0.7,2.4,2.1,0.5,0.8,1.9,1.3,2064.4940334690064,1927.3400146771048,137.15401879190154,1,2
2024-06-25,France,Poland,0.6,0.5,2.9,1.8,0.8,1.0,2.0999999999999996,0.8,2142.346126344462,1766.0621982382247,376.2839281062372,1,1
2024-06-25,Peru,Canada,0.3,0.3,0.8,1.3,0.9,1.8,-0.09999999999999998,-0.5,1818.281049901024,1824.548462922441,-6.267413021417042,1,2
2024-06-25,Chile,Argentina,0.3,0.9,1.1,2.0,1.0,0.4,0.10000000000000009,1.6,1801.3733627492782,2216.0448286830983,-414.6714659338202,1,2
2024-06-26,Ecuador,Jamaica,0.5,0.5,1.1,1.1,0.8,1.0,0.30000000000000004,0.10000000000000009,1920.7772532796955,1748.6596288658804,172.11762441381507,1,0
2024-06-26,Czech Republic,Turkey,0.6,0.4,2.0,1.4,1.1,1.6,0.8999999999999999,-0.20000000000000018,1807.845879901335,1813.1615909408767,-5.3157110395418385,1,2
2024-06-26,Venezuela,Mexico,0.4,0.4,1.0,1.3,0.6,1.6,0.4,-0.30000000000000004,1859.5970776016748,1915.14196094416,-55.544883342485264,1,0
2024-06-26,Ukraine,Belgium,0.6,0.6,1.6,1.9,1.0,0.6,0.6000000000000001,1.2999999999999998,1856.576509383135,2024.4057687035336,-167.82925932039848,1,1
2024-06-26,Slovakia,Romania,0.6,0.4,2.0,1.3,1.1,0.7,0.8999999999999999,0.6000000000000001,1751.9228898565573,1757.2820054426236,-5.359115586066309,1,1
2024-06-26,Georgia,Portugal,0.4,0.8,2.3,2.7,1.2,0.9,1.0999999999999999,1.8000000000000003,1697.6747849058918,2084.5843801976216,-386.90959529172983,1,0
2024-06-27,Vanuatu,Fiji,0.3,0.6,1.3,3.2,2.0,1.0,-0.7,2.2,1402.547640026195,1584.961235503733,-182.4135954775379,0,0
2024-06-27,New Zealand,Tahiti,0.3,0.7,1.2,2.6,1.2,0.5,0.0,2.1,1741.2054377191414,1513.1132644878528,228.0921732312886,1,0
2024-06-27,United States,Panama,0.5,0.6,1.8,1.7,1.3,1.0,0.5,0.7,1893.899603738135,1812.0174505159584,81.88215322217661,0,2
2024-06-27,Uruguay,Bolivia,0.5,0.2,1.9,0.7,0.8,1.8,1.0999999999999999,-1.1,2078.174597085125,1653.0023482236356,425.17224886148915,1,0
2024-06-28,Colombia,Costa Rica,0.8,0.4,2.2,1.5,0.9,1.4,1.3000000000000003,0.10000000000000009,2090.615294971525,1758.4477850363655,332.1675099351596,1,0
2024-06-28,Paraguay,Brazil,0.2,0.3,0.3,1.1,0.8,1.2,-0.5,-0.09999999999999987,1776.0609706181176,2075.3993212673995,-299.3383506492819,1,2
2024-06-29,Switzerland,Italy,0.3,0.5,1.3,1.4,0.7,0.9,0.6000000000000001,0.4999999999999999,1906.266652355951,1991.5327235992224,-85.26607124327143,1,0
2024-06-29,Germany,Denmark,0.5,0.5,1.8,1.3,1.1,0.8,0.7,0.5,1999.6053299301184,1886.9374225530687,112.66790737704969,0,0
2024-06-29,Argentina,Peru,0.9,0.3,1.8,0.8,0.4,0.9,1.4,-0.09999999999999998,2220.2531411952605,1793.7319776088646,426.5211635863959,1,0
2024-06-29,Canada,Chile,0.4,0.3,1.4,1.0,1.8,0.8,-0.40000000000000013,0.19999999999999996,1849.0975352146008,1797.165050237116,51.93248497748482,1,1
2024-06-30,Jamaica,Venezuela,0.5,0.4,1.2,1.0,1.3,0.6,-0.10000000000000009,0.4,1728.3529045170717,1888.5601469366989,-160.20724241962716,1,2
2024-06-30,Mexico,Ecuador,0.4,0.5,1.1,1.2,1.5,0.8,-0.3999999999999999,0.3999999999999999,1886.178891609136,1941.0839776285045,-54.90508601936858,1,1
2024-06-30,Vanuatu,New Zealand,0.4,0.3,1.5,1.5,2.0,1.1,-0.5,0.3999999999999999,1433.368999962997,1762.4038961741662,-329.0348962111693,0,2
2024-06-30,Tahiti,Fiji,0.6,0.6,2.4,3.3,0.9,1.0,1.5,2.3,1491.914806032828,1554.139875566931,-62.22506953410311,1,0
2024-06-30,England,Slovakia,0.4,0.6,1.3,1.9,0.7,0.9,0.6000000000000001,0.9999999999999999,2034.267149260116,1752.3084786411878,281.9586706189282,1,0
2024-06-30,Spain,Georgia,0.8,0.5,2.5,2.4,0.7,1.0,1.8,1.4,2129.7066698356384,1765.3749090134293,364.33176082220916,1,0
2024-07-01,France,Belgium,0.5,0.5,2.8,1.6,0.8,0.4,1.9999999999999998,1.2000000000000002,2122.4881052489527,2013.188666835796,109.29943841315662,1,0
2024-07-01,Portugal,Slovenia,0.7,0.4,2.2,1.3,1.1,0.9,1.1,0.4,2016.884256090084,1809.7461329166103,207.13812317347356,1,1
2024-07-01,United States,Uruguay,0.5,0.6,1.8,2.3,1.2,0.6,0.6000000000000001,1.6999999999999997,1856.8897044959328,2086.136839685666,-229.24713518973317,0,2
2024-07-01,Bolivia,Panama,0.2,0.6,0.6,1.6,2.1,1.1,-1.5,0.5,1645.0401056230944,1849.0273497581609,-203.98724413506648,1,2
2024-07-02,Romania,Netherlands,0.4,0.7,1.4,2.5,0.8,0.6,0.5999999999999999,1.9,1756.896416657993,2030.1075992177807,-273.21118255978763,1,2
2024-07-02,Austria,Turkey,0.8,0.4,2.2,1.5,0.7,1.7,1.5000000000000002,-0.19999999999999996,1961.7264489283305,1837.7791246274608,123.9473243008697,1,2
2024-07-02,Brazil,Colombia,0.3,0.9,1.4,2.3,1.3,0.7,0.09999999999999987,1.5999999999999999,2088.6528090105403,2101.880395170842,-13.227586160301598,1,1
2024-07-02,Costa Rica,Paraguay,0.4,0.2,1.4,0.4,1.3,1.2,0.09999999999999987,-0.7999999999999999,1747.1826848370488,1762.8074828749768,-15.62479803792803,1,0
2024-07-04,Argentina,Ecuador,0.9,0.5,1.9,1.2,0.4,0.8,1.5,0.3999999999999999,2226.1822843304176,1937.165801577582,289.0164827528356,1,1
2024-07-05,Venezuela,Canada,0.5,0.3,1.3,1.0,0.5,1.6,0.8,-0.6000000000000001,1913.4542767676332,1845.3882760462252,68.06600072140805,1,1
2024-07-05,Germany,Spain,0.6,0.8,1.8,2.8,0.9,0.8,0.9,1.9999999999999998,2016.6449969381415,2139.2759503121874,-122.63095337404593,0,2
2024-07-05,Portugal,France,0.6,0.5,2.0,2.5,1.1,0.7,0.8999999999999999,1.8,2003.5259075563429,2139.872950975363,-136.3470434190201,1,1
2024-07-06,Uruguay,Brazil,0.7,0.3,2.2,1.4,0.4,1.3,1.8000000000000003,0.09999999999999987,2102.243274410332,2089.604150738942,12.63912367139028,1,1
2024-07-06,Colombia,Panama,0.9,0.6,2.4,1.6,0.8,1.2,1.5999999999999999,0.40000000000000013,2100.9290534424404,1866.7339905215704,234.19506292087,1,0
2024-07-06,England,Switzerland,0.4,0.4,1.2,1.4,0.7,0.6,0.5,0.7999999999999999,2042.506144668831,1952.7893148120183,89.71682985681264,1,1
2024-07-06,Netherlands,Turkey,0.7,0.4,2.7,1.3,0.6,1.8,2.1,-0.5,2045.1425105595415,1871.3378077527664,173.80470280677514,1,0
2024-07-09,Spain,France,0.8,0.4,2.7,1.1,0.8,0.7,1.9000000000000001,0.40000000000000013,2162.649821469582,2130.5364411786886,32.113380290893474,1,0
2024-07-09,Argentina,Canada,0.8,0.3,1.8,0.9,0.5,1.5,1.3,-0.6,2209.1454969434817,1850.2243063029,358.9211906405817,1,0
2024-07-10,Netherlands,England,0.7,0.3,2.8,1.1,0.7,0.8,2.0999999999999996,0.30000000000000004,2058.5846640037776,2036.190261911292,22.394402092485507,1,2
2024-07-10,Uruguay,Colombia,0.6,0.9,2.0,2.7,0.4,0.7,1.6,2.0,2101.334217330161,2121.546595330989,-20.21237800082781,1,2
2024-07-13,Canada,Uruguay,0.3,0.5,0.8,1.8,1.3,0.5,-0.5,1.3,1841.791755972548,2077.7869762856026,-235.9952203130547,1,1
2024-07-14,Spain,England,0.8,0.4,2.6,1.2,0.8,0.8,1.8,0.3999999999999999,2185.345636023771,2062.7994407875717,122.54619523619931,1,0
2024-07-14,Argentina,Colombia,0.9,0.9,2.0,2.7,0.3,0.7,1.7,2.0,2217.5780472738334,2145.093836375548,72.48421089828526,1,0
2024-07-27,Jordan,North Korea,0.7,0.5,2.4,1.5,0.9,0.7,1.5,0.8,1766.478845832327,1530.3237263436952,236.15511948863173,0,1
2024-07-27,Guatemala,El Salvador,0.2,0.1,1.3,0.7,1.4,1.1,-0.09999999999999987,-0.40000000000000013,1629.8262332664488,1522.4158899463455,107.41034332010327,1,2
2024-08-29,Jordan,North Korea,0.7,0.4,2.2,1.3,0.7,0.7,1.5000000000000002,0.6000000000000001,1759.00266752259,1537.799904653432,221.20276286915805,0,0
2024-09-01,Guatemala,Uruguay,0.2,0.4,1.1,1.7,1.2,0.7,-0.09999999999999987,1.0,1616.829580479117,2063.011205054867,-446.18162457574977,1,1
2024-09-02,Fiji,Solomon Islands,0.5,0.6,2.4,2.0,1.2,0.9,1.2,1.1,1524.709688685244,1526.3745063405604,-1.664817655316483,0,0
2024-09-02,Fiji,Hong Kong,0.5,0.1,2.4,0.6,1.2,2.1,1.2,-1.5,1524.709688685244,1234.2418934476186,290.4677952376253,0,1
2024-09-03,India,Mauritius,0.1,0.3,0.3,0.9,1.4,1.2,-1.0999999999999999,-0.29999999999999993,1341.79738564855,1211.088853178236,130.70853247031414,0,1
2024-09-04,Cayman Islands,British Virgin Islands,0.2,0.1,1.0,0.9,2.3,2.3,-1.2999999999999998,-1.4,1078.427649701487,951.4962586667268,126.93139103476028,0,0
2024-09-04,Turks and Caicos Islands,Anguilla,0.3,0.0,1.1,0.2,2.0,3.6,-0.8999999999999999,-3.4,1017.5182273630512,870.4714441860124,147.04678317703883,0,2
2024-09-04,United States Virgin Islands,Bahamas,0.0,0.0,0.7,0.9,1.9,3.7,-1.2,-2.8000000000000003,935.9477187134286,1079.6980161466572,-143.75029743322864,0,1
2024-09-04,Tanzania,Ethiopia,0.3,0.2,0.6,0.8,0.9,1.1,-0.30000000000000004,-0.30000000000000004,1503.8499277914968,1412.962980130417,90.88694766107983,0,1
2024-09-04,Sudan,Niger,0.5,0.2,1.0,0.8,0.8,1.2,0.19999999999999996,-0.3999999999999999,1509.951137967264,1354.2895803545416,155.6615576127224,1,0
2024-09-04,Comoros,Gambia,0.5,0.3,1.7,1.7,1.2,2.0,0.5,-0.30000000000000004,1444.020751700558,1467.2525243024766,-23.231772601918465,1,1
2024-09-04,Malaysia,Philippines,0.3,0.2,1.4,0.7,1.9,1.7,-0.5,-1.0,1445.0392611975242,1222.7648966435777,222.2743645539465,0,0
2024-09-04,Lebanon,Tajikistan,0.1,0.3,0.6,0.9,1.4,1.0,-0.7999999999999999,-0.09999999999999998,1430.186762954893,1509.8875181198457,-79.70075516495262,1,0
2024-09-04,Gibraltar,Andorra,0.0,0.0,0.0,0.1,3.8,2.2,-3.8,-2.1,1158.093973563692,1170.6789095680458,-12.584936004353722,0,0
2024-09-04,Libya,Rwanda,0.7,0.3,1.9,0.7,0.9,0.7,0.9999999999999999,0.0,1521.6617523711927,1433.1040022546465,88.55775011654623,0,1
2024-09-05,Serbia,Spain,0.3,0.9,1.2,2.8,1.0,0.8,0.19999999999999996,1.9999999999999998,1852.485374455696,2201.876078606445,-349.3907041507489,0,1
2024-09-05,Azerbaijan,Sweden,0.5,0.4,1.3,1.3,1.4,1.9,-0.09999999999999987,-0.5999999999999999,1539.99143490259,1732.9861181281706,-192.9946832255805,0,2
2024-09-05,Estonia,Slovakia,0.1,0.5,0.9,1.9,2.2,1.1,-1.3000000000000003,0.7999999999999998,1430.729970101978,1744.069483232473,-313.3395131304949,0,2
2024-09-05,Northern Ireland,Luxembourg,0.4,0.4,1.2,1.1,1.6,2.1,-0.40000000000000013,-1.0,1573.4858332334454,1551.488485395972,21.9973478374734,0,0
2024-09-05,Belarus,Bulgaria,0.2,0.1,0.5,0.8,1.4,1.3,-0.8999999999999999,-0.5,1488.0172419891055,1546.5759411796664,-58.5586991905609,1,1
2024-09-05,San Marino,Liechtenstein,0.0,0.0,0.5,0.2,2.9,2.2,-2.4,-2.0,863.1851476348866,1039.2955382277933,-176.1103905929067,0,0
2024-09-05,Bolivia,Venezuela,0.2,0.4,0.7,1.3,2.3,0.6,-1.5999999999999999,0.7000000000000001,1627.333464859685,1908.618246510959,-281.284781651274,0,0
2024-09-05,Argentina,Chile,0.9,0.3,2.0,1.0,0.3,0.8,1.7,0.19999999999999996,2237.436764839647,1800.8743094054912,436.5624554341557,0,0
2024-09-05,Iran,Kyrgyzstan,0.7,0.4,2.2,1.4,0.9,1.0,1.3000000000000003,0.3999999999999999,1890.7363086479256,1438.7487822238963,451.9875264240293,0,0
2024-09-05,Uzbekistan,North Korea,0.6,0.3,1.6,1.3,0.4,0.9,1.2000000000000002,0.4,1796.759322310706,1535.0800782044296,261.6792441062764,0,0
2024-09-05,Iraq,Oman,0.8,0.5,2.2,1.4,0.9,0.5,1.3000000000000003,0.8999999999999999,1777.7894334547354,1654.3462047917822,123.44322866295329,0,0
2024-09-05,South Korea,Palestine,0.5,0.3,2.3,1.2,1.1,1.3,1.1999999999999997,-0.10000000000000009,1849.2173669345952,1540.7979256384688,308.4194412961265,0,1
2024-09-05,Jordan,Kuwait,0.8,0.3,2.4,0.9,0.7,1.3,1.7,-0.4,1761.7224939715925,1439.41540945491,322.3070845166824,0,1
2024-09-05,Japan,China,0.8,0.2,3.4,1.0,0.9,1.2,2.5,-0.19999999999999996,1951.6398550377864,1539.7223046971435,411.91755034064295,0,0
2024-09-05,Australia,Bahrain,0.8,0.4,2.5,1.3,0.3,1.2,2.2,0.10000000000000009,1883.482986289927,1582.7842278649855,300.6987584249416,0,2
2024-09-05,Saudi Arabia,Indonesia,0.5,0.4,1.3,0.9,0.5,1.7,0.8,-0.7999999999999999,1709.2730457367525,1474.627635039065,234.64541069768757,0,1
2024-09-05,Qatar,United Arab Emirates,0.8,0.5,1.8,1.8,0.7,0.8,1.1,1.0,1757.0822063105556,1632.4772156312245,124.6049906793312,0,2
2024-09-05,Denmark,Switzerland,0.4,0.4,1.1,1.4,0.9,0.6,0.20000000000000007,0.7999999999999999,1869.897755545045,1959.1051975695575,-89.2074420245126,0,0
2024-09-05,Guyana,Suriname,0.6,0.4,2.3,1.7,1.3,0.8,0.9999999999999998,0.8999999999999999,1462.9690895591,1492.1757435090765,-29.2066539499765,0,2
2024-09-05,Portugal,Croatia,0.5,0.5,1.8,1.6,1.1,1.1,0.7,0.5,2012.862417353017,1968.204995527253,44.657421825764004,0,0
2024-09-05,Hong Kong,Solomon Islands,0.0,0.5,0.5,1.9,2.1,1.0,-1.6,0.8999999999999999,1246.5335741847468,1515.5101321676332,-268.97655798288633,1,0
2024-09-05,Scotland,Poland,0.1,0.4,1.2,1.7,2.3,1.1,-1.0999999999999999,0.5999999999999999,1780.505426050412,1785.920219333734,-5.414793283321842,0,2
2024-09-05,Vietnam,Russia,0.2,0.5,1.1,2.1,2.0,0.5,-0.8999999999999999,1.6,1415.245437987389,1829.1815364871843,-413.9360984997952,0,2
2024-09-05,Sri Lanka,Cambodia,0.1,0.2,0.6,1.0,1.5,1.4,-0.9,-0.3999999999999999,943.9332866069218,1050.3138201372296,-106.38053353030784,0,1
2024-09-05,Timor-Leste,Mongolia,0.1,0.2,0.5,0.5,3.3,1.7,-2.8,-1.2,833.5349699281525,1064.7295527755232,-231.19458284737073,1,0
2024-09-05,Tunisia,Madagascar,0.3,0.5,0.5,1.4,0.2,0.8,0.3,0.5999999999999999,1786.0205209896028,1462.5550308863387,323.4654901032641,0,0
2024-09-05,Central African Republic,Lesotho,0.5,0.2,2.4,0.6,1.3,0.9,1.0999999999999999,-0.30000000000000004,1459.9796707241778,1374.8889368546998,85.09073386947807,1,0
2024-09-05,Algeria,Equatorial Guinea,0.5,0.4,2.1,1.3,1.2,1.0,0.9000000000000001,0.30000000000000004,1751.9687497945963,1596.8113990406282,155.1573507539681,0,0
2024-09-05,Bhutan,Bangladesh,0.2,0.1,0.7,0.5,2.4,2.3,-1.7,-1.7999999999999998,874.9228700680292,1112.1062754702723,-237.18340540224312,0,2
2024-09-05,Guinea-Bissau,Eswatini,0.2,0.1,0.9,0.8,1.7,1.2,-0.7999999999999999,-0.3999999999999999,1463.0306060416729,1326.218589682496,136.81201635917682,0,0
2024-09-05,Congo,South Sudan,0.2,0.1,1.1,0.5,2.2,1.9,-1.1,-1.4,1388.5060770140276,1271.850728855806,116.65534815822161,0,0
2024-09-05,Malawi,Burundi,0.5,0.3,1.2,1.4,0.6,2.4,0.6,-1.0,1468.8581249668305,1454.9427283355064,13.915396631324029,0,2
2024-09-05,Costa Rica,Guadeloupe,0.5,0.7,1.6,2.6,1.1,0.9,0.5,1.7000000000000002,1773.3062220973636,1530.3739047244592,242.93231737290444,0,0
2024-09-05,Guatemala,Martinique,0.2,0.5,1.2,1.5,1.0,1.4,0.19999999999999996,0.10000000000000009,1625.405616561941,1567.5255651508826,57.8800514110585,0,0
2024-09-05,Montserrat,El Salvador,0.3,0.2,1.1,0.8,2.5,1.1,-1.4,-0.30000000000000004,1285.3332148322536,1535.4125427336771,-250.07932790142354,1,2
2024-09-05,Bonaire,Saint Vincent and the Grenadines,0.4,0.4,1.5,1.9,1.7,2.2,-0.19999999999999996,-0.30000000000000027,1184.4177353197958,1252.2733117286846,-67.85557640888874,0,1
2024-09-05,Ghana,Angola,0.3,0.5,1.3,1.4,1.7,0.6,-0.3999999999999999,0.7999999999999999,1655.647617187002,1630.7706523409422,24.876964846059764,0,2
2024-09-06,Puerto Rico,Haiti,0.5,0.3,3.1,1.4,1.4,1.4,1.7000000000000002,0.0,1353.2743484195385,1656.6834029944216,-303.40905457488316,0,2
2024-09-06,Belgium,Israel,0.5,0.4,1.5,1.3,0.4,1.3,1.1,0.0,1995.8038211093856,1615.5690373370098,380.23478377237575,1,0
2024-09-06,France,Italy,0.4,0.5,1.0,1.3,0.7,0.8,0.30000000000000004,0.5,2107.8406266245,1945.0100611431549,162.83056548134527,0,2
2024-09-06,Kazakhstan,Norway,0.4,0.5,1.3,2.3,1.8,1.1,-0.5,1.1999999999999997,1512.3483013665252,1775.2298148714192,-262.881513504894,0,1
2024-09-06,Slovenia,Austria,0.4,0.7,1.2,2.2,0.7,0.9,0.5,1.3000000000000003,1823.104481450352,1928.1677658030248,-105.06328435267278,0,1
2024-09-06,Iceland,Montenegro,0.5,0.5,1.6,1.5,1.4,1.6,0.20000000000000018,-0.10000000000000009,1621.426303945394,1602.1963393188855,19.22996462650849,0,0
2024-09-06,Samoa,American Samoa,0.4,0.1,2.1,0.6,2.8,6.7,-0.6999999999999997,-6.1000000000000005,1230.5810539412723,990.445774242146,240.1352796991264,0,0
2024-09-06,Kosovo,Romania,0.3,0.3,0.9,1.0,1.3,1.1,-0.4,-0.10000000000000009,1562.4486429181652,1741.861505316232,-179.41286239806686,0,2
2024-09-06,Cook Islands,Tonga,0.2,0.1,0.4,1.1,3.2,4.8,-2.8000000000000003,-3.6999999999999997,1174.543137292064,1022.1886610571796,152.3544762348845,1,2
2024-09-06,Peru,Colombia,0.3,0.8,0.8,2.4,0.9,0.6,-0.09999999999999998,1.7999999999999998,1787.8028344737074,2125.2351188097346,-337.4322843360271,0,1
2024-09-06,Uruguay,Paraguay,0.4,0.2,1.7,0.5,0.6,1.3,1.1,-0.8,2054.435168972043,1736.683945614662,317.7512233573809,0,1
2024-09-06,Brazil,Ecuador,0.3,0.5,1.4,1.3,1.1,0.9,0.2999999999999998,0.4,2090.5132078191127,1954.2025889645176,136.31061885459508,0,0
2024-09-06,Sint Maarten,Aruba,0.4,0.5,1.6,2.1,2.6,1.5,-1.0,0.6000000000000001,1233.7049240498516,1222.0714849403546,11.633439109496976,1,0
2024-09-06,Wales,Turkey,0.4,0.3,1.4,1.1,0.8,1.8,0.5999999999999999,-0.7,1742.7084856631895,1857.8956543085308,-115.18716864534122,0,1
2024-09-06,Grenada,Saint Martin,0.1,0.6,0.8,2.7,2.9,1.1,-2.0999999999999996,1.6,1251.6755292749392,1239.6324119151616,12.043117359777625,0,0
2024-09-06,Lithuania,Cyprus,0.4,0.2,1.2,0.9,1.1,2.6,0.09999999999999987,-1.7000000000000002,1412.8653260096623,1363.830983475025,49.03434253463729,0,2
2024-09-06,Honduras,Trinidad and Tobago,0.4,0.4,1.8,1.8,1.2,1.6,0.6000000000000001,0.19999999999999996,1632.6302100534383,1566.436845717983,66.19336433545527,0,0
2024-09-06,Syria,Mauritius,0.2,0.3,1.3,0.8,1.2,1.1,0.10000000000000009,-0.30000000000000004,1547.7033549926605,1219.804465011228,327.8988899814324,1,0
2024-09-06,Brunei,Macau,0.3,0.2,0.7,0.5,4.3,1.7,-3.5999999999999996,-1.2,894.5577531433455,913.9554119185492,-19.397658775203695,0,0
2024-09-06,Morocco,Gabon,0.7,0.3,1.9,1.0,0.5,1.5,1.4,-0.5,1863.9568606566763,1548.8983945794484,315.0584660772279,0,0
2024-09-06,Togo,Liberia,0.4,0.3,1.2,1.1,1.0,1.3,0.19999999999999996,-0.19999999999999996,1485.5251417432823,1423.7969619531648,61.728179790117565,0,1
2024-09-06,Saint Lucia,Curaçao,0.4,0.3,1.7,1.5,1.4,1.1,0.30000000000000004,0.3999999999999999,1327.1009342919117,1523.4233667874398,-196.32243249552812,1,0
2024-09-06,Sierra Leone,Chad,0.2,0.2,1.2,0.6,1.9,1.7,-0.7,-1.1,1450.694232474794,1275.7982968385095,174.89593563628455,1,1
2024-09-06,Ivory Coast,Zambia,0.5,0.2,1.1,1.2,1.1,1.2,0.0,0.0,1729.2880611817973,1558.1140121130084,171.17404906878892,0,0
2024-09-06,Egypt,Cape Verde,0.4,0.6,1.7,1.2,1.3,0.9,0.3999999999999999,0.29999999999999993,1741.7593087486423,1672.598750710217,69.16055803842528,0,0
2024-09-06,Mali,Mozambique,0.4,0.4,1.6,1.5,0.9,1.6,0.7000000000000001,-0.10000000000000009,1706.9563674124108,1515.4281615758655,191.52820583654534,0,1
2024-09-06,Kenya,Zimbabwe,0.3,0.1,1.3,0.6,1.0,1.2,0.30000000000000004,-0.6,1486.642017992869,1411.62049778057,75.02152021229881,1,1
2024-09-06,South Africa,Uganda,0.3,0.4,1.5,0.9,0.7,1.4,0.8,-0.4999999999999999,1707.787836612497,1477.828593045079,229.95924356741784,0,1
2024-09-06,Senegal,Burkina Faso,0.7,0.3,1.6,1.4,0.3,1.5,1.3,-0.10000000000000009,1877.81115296088,1602.1926793270354,275.6184736338446,0,1
2024-09-06,French Guiana,Nicaragua,0.4,0.6,1.6,2.4,1.3,0.6,0.30000000000000004,1.7999999999999998,1499.3002862749615,1530.4192881160538,-31.119001841092313,0,2
2024-09-06,Jamaica,Cuba,0.5,0.3,1.1,0.9,1.4,2.3,-0.2999999999999998,-1.4,1703.458774686137,1441.0166839328797,262.4420907532574,0,1
2024-09-06,DR Congo,Guinea,0.2,0.6,0.9,1.9,0.8,0.9,0.09999999999999998,0.9999999999999999,1667.688597775716,1610.9350520862754,56.75354568944067,0,0
2024-09-07,Germany,Hungary,0.6,0.5,1.7,1.6,0.8,1.2,0.8999999999999999,0.40000000000000013,1993.2711257807468,1844.9539442082728,148.31718157247406,0,0
2024-09-07,Moldova,Malta,0.3,0.1,1.2,0.5,1.8,2.3,-0.6000000000000001,-1.7999999999999998,1394.706731609341,1311.171002476202,83.53572913313906,0,0
2024-09-07,Armenia,Latvia,0.1,0.2,0.7,0.5,1.5,1.9,-0.8,-1.4,1517.55729441799,1377.8288091582183,139.7284852597718,0,0
2024-09-07,Faroe Islands,North Macedonia,0.1,0.2,0.5,1.1,1.5,1.7,-1.0,-0.5999999999999999,1291.3557218759988,1608.74914376081,-317.39342188481123,0,1
2024-09-07,Greece,Finland,0.5,0.4,1.9,1.5,0.8,1.8,1.0999999999999999,-0.30000000000000004,1795.2516036551135,1677.9313960908169,117.32020756429665,0,0
2024-09-07,Ukraine,Albania,0.5,0.3,1.4,1.2,1.0,1.1,0.3999999999999999,0.09999999999999987,1867.793611250873,1683.2237725605887,184.5698386902843,1,2
2024-09-07,Georgia,Czech Republic,0.4,0.6,1.7,2.1,1.4,1.0,0.30000000000000004,1.1,1755.8056285368802,1783.2283462147514,-27.422717677871105,0,0
2024-09-07,Netherlands,Bosnia and Herzegovina,0.6,0.2,2.3,0.7,0.9,2.1,1.4,-1.4000000000000001,2031.975485127498,1527.5375241175973,504.4379610099006,0,0
2024-09-07,Cayman Islands,Saint Kitts and Nevis,0.3,0.3,1.0,0.8,2.2,1.7,-1.2000000000000002,-0.8999999999999999,1085.886252652445,1295.7414930673135,-209.8552404148686,0,2
2024-09-07,Republic of Ireland,England,0.2,0.4,0.8,1.3,1.3,0.9,-0.5,0.4,1676.953889830782,2046.268998204897,-369.31510837411497,0,2
2024-09-07,Bahamas,Barbados,0.0,0.1,1.2,1.1,3.6,3.5,-2.4000000000000004,-2.4,1077.5059294822945,1136.6564293549704,-59.15049987267594,1,2
2024-09-07,Antigua and Barbuda,Dominica,0.1,0.3,1.1,1.2,3.1,1.6,-2.0,-0.40000000000000013,1208.268441746259,1230.249729951347,-21.98128820508805,0,2
2024-09-07,Bermuda,Dominican Republic,0.3,0.5,1.3,2.1,2.1,1.1,-0.8,1.0,1324.887149007314,1407.3163382082037,-82.4291892008896,1,2
2024-09-07,Cameroon,Namibia,0.3,0.3,1.5,0.7,1.3,0.8,0.19999999999999996,-0.10000000000000009,1693.451144396868,1545.5351988957395,147.91594550112836,0,0
2024-09-07,Nigeria,Benin,0.5,0.2,1.2,1.1,0.8,1.3,0.3999999999999999,-0.19999999999999996,1702.9840408500377,1515.7739636246058,187.21007722543186,0,0
2024-09-07,Mauritania,Botswana,0.1,0.4,0.3,1.1,1.0,1.2,-0.7,-0.09999999999999987,1453.9723019748526,1438.7368885738065,15.235413401046117,0,0
2024-09-07,United States,Canada,0.4,0.2,1.4,0.8,1.3,1.4,0.09999999999999987,-0.5999999999999999,1840.7832697712663,1856.567527203284,-15.78425743201774,0,2
2024-09-07,Mexico,New Zealand,0.4,0.4,1.1,1.7,1.3,0.7,-0.19999999999999996,1.0,1890.0970676600584,1780.8733505455389,109.22371711451956,1,0
2024-09-07,Turks and Caicos Islands,Belize,0.3,0.3,0.9,1.0,1.4,1.5,-0.4999999999999999,-0.5,975.2205596290408,1241.5244274935585,-266.30386786451766,0,2
2024-09-08,Gibraltar,Liechtenstein,0.1,0.0,0.1,0.1,3.7,2.1,-3.6,-2.0,1165.629745288747,1018.0220988713006,147.6076464174464,0,1
2024-09-08,Bulgaria,Northern Ireland,0.1,0.5,0.8,1.2,1.2,1.2,-0.3999999999999999,0.0,1543.6540112578678,1590.8795255984369,-47.225514340569134,0,0
2024-09-08,Luxembourg,Belarus,0.3,0.2,0.9,0.5,2.3,1.4,-1.4,-0.8999999999999999,1534.0947930309808,1490.9391719109044,43.155621120076376,0,2
2024-09-08,Sweden,Estonia,0.5,0.1,1.5,0.9,1.7,2.1,-0.19999999999999996,-1.2000000000000002,1752.373152217666,1422.8018583133876,329.5712939042785,0,0
2024-09-08,Slovakia,Azerbaijan,0.5,0.5,1.6,1.4,0.9,1.6,0.7000000000000001,-0.20000000000000018,1751.9975950210635,1520.6044008130946,231.39319420796892,0,0
2024-09-08,Switzerland,Spain,0.4,0.9,1.4,2.5,0.7,0.5,0.7,2.0,1933.6703517156693,2191.1040008833547,-257.4336491676854,0,2
2024-09-08,Croatia,Poland,0.5,0.5,1.6,1.9,1.1,1.2,0.5,0.7,1957.597500316311,1808.070077282805,149.527423033506,0,0
2024-09-08,Denmark,Serbia,0.4,0.3,1.1,1.1,0.8,0.8,0.30000000000000004,0.30000000000000004,1895.332601398933,1863.2574521787865,32.07514922014661,0,0
2024-09-08,Bonaire,El Salvador,0.4,0.3,1.4,1.1,1.6,1.1,-0.20000000000000018,0.0,1182.803255181696,1547.1487522694083,-364.3454970877124,0,2
2024-09-08,Saint Vincent and the Grenadines,Montserrat,0.4,0.3,1.9,1.2,2.2,2.5,-0.30000000000000027,-1.3,1253.8877918667845,1273.5970052965222,-19.7092134297377,1,0
2024-09-08,Gambia,Tunisia,0.2,0.3,1.7,0.5,2.1,0.2,-0.40000000000000013,0.3,1465.91718552985,1789.2343370235417,-323.31715149369165,1,2
2024-09-08,Malaysia,Lebanon,0.3,0.2,1.2,0.7,1.7,1.4,-0.5,-0.7,1449.097305644976,1448.568607207192,0.5286984377839872,0,0
2024-09-08,Tajikistan,Philippines,0.2,0.2,0.7,0.7,1.0,1.8,-0.30000000000000004,-1.1,1491.5056738675466,1218.7068521961255,272.79882167142114,1,1
2024-09-08,Bhutan,Bangladesh,0.2,0.2,0.6,0.6,2.3,2.3,-1.6999999999999997,-1.6999999999999997,868.678170327083,1118.3509752112184,-249.67280488413542,0,0
2024-09-08,Portugal,Scotland,0.5,0.1,1.5,1.3,1.0,2.2,0.5,-0.9000000000000001,2023.469912563959,1758.355568101341,265.11434446261796,0,0
2024-09-09,Puerto Rico,Aruba,0.4,0.4,2.6,1.8,1.7,1.7,0.9000000000000001,0.10000000000000009,1338.7771265362376,1196.7001045023871,142.07702203385043,0,0
2024-09-09,France,Belgium,0.4,0.5,1.1,1.7,0.8,0.5,0.30000000000000004,1.2,2064.8167932610795,2001.0937265715877,63.723066689491816,0,0
2024-09-09,Israel,Italy,0.3,0.5,1.2,1.1,1.5,0.7,-0.30000000000000004,0.40000000000000013,1610.279131874808,1988.033894506575,-377.7547626317671,1,2
2024-09-09,Norway,Austria,0.4,0.6,1.7,2.1,1.1,1.0,0.5999999999999999,1.1,1767.578152203167,1927.9127510390135,-160.33459883584646,0,0
2024-09-09,Slovenia,Kazakhstan,0.3,0.4,1.1,1.3,0.7,1.7,0.40000000000000013,-0.3999999999999999,1823.3594962143627,1519.9999640347771,303.3595321795856,0,0
2024-09-09,Cyprus,Kosovo,0.3,0.3,1.0,0.8,2.3,1.4,-1.2999999999999998,-0.5999999999999999,1388.4088214493256,1538.7041504598549,-150.29532901052926,0,2
2024-09-09,Turkey,Iceland,0.3,0.6,1.0,1.7,1.7,1.3,-0.7,0.3999999999999999,1857.1311779152916,1639.005777646587,218.12540026870465,0,0
2024-09-09,Romania,Lithuania,0.3,0.4,1.1,1.0,1.0,1.0,0.10000000000000009,0.0,1765.6059977745424,1388.2874880353618,377.3185097391806,0,0
2024-09-09,Samoa,Tonga,0.5,0.2,2.3,1.1,1.7,4.5,0.5999999999999999,-3.4,1238.002229007106,1064.560955407579,173.441273599527,0,0
2024-09-09,Haiti,Sint Maarten,0.4,0.5,1.8,1.7,1.5,2.1,0.30000000000000004,-0.40000000000000013,1671.1806248777225,1259.076304487819,412.1043203899035,1,0
2024-09-09,Montenegro,Wales,0.5,0.4,1.3,1.4,1.6,0.8,-0.30000000000000004,0.5999999999999999,1584.6168656176928,1743.472962056429,-158.85609643873613,0,2
2024-09-09,Grenada,Saint Lucia,0.1,0.4,0.8,1.6,2.9,1.4,-2.0999999999999996,0.20000000000000018,1269.7420115430596,1353.5560886977537,-83.81407715469413,0,2
2024-09-09,India,Syria,0.1,0.3,0.3,1.4,1.3,1.1,-1.0,0.2999999999999998,1333.081773815558,1553.6220011300634,-220.54022731450527,0,2
2024-09-09,Guatemala,Costa Rica,0.3,0.6,1.5,1.8,1.1,0.8,0.3999999999999999,1.0,1640.4856738094902,1780.7757600107473,-140.29008620125705,0,1
2024-09-09,Martinique,Guyana,0.4,0.5,1.3,2.1,1.6,1.4,-0.30000000000000004,0.7000000000000002,1552.4455079033337,1431.443212591994,121.0022953113396,0,1
2024-09-09,Guadeloupe,Suriname,0.6,0.4,2.4,1.8,1.2,0.8,1.2,1.0,1522.9043668110755,1523.7016204761824,-0.7972536651068367,0,0
2024-09-09,Burundi,Senegal,0.4,0.7,1.7,1.7,2.2,0.4,-0.5000000000000002,1.2999999999999998,1481.2749275427625,1861.938894841574,-380.6639672988115,1,2
2024-09-09,Uganda,Congo,0.4,0.2,1.0,1.1,1.4,2.2,-0.3999999999999999,-1.1,1492.621528485343,1397.4337042418797,95.18782424346341,0,0
2024-09-09,Ethiopia,DR Congo,0.2,0.3,0.6,0.9,0.8,0.6,-0.20000000000000007,0.30000000000000004,1422.9646398760356,1679.2313435297815,-256.26670365374594,1,2
2024-09-09,Angola,Sudan,0.5,0.6,1.2,1.1,0.6,0.7,0.6,0.40000000000000013,1657.6647979249778,1521.5455719773888,136.11922594758903,0,0
2024-09-09,Niger,Ghana,0.2,0.3,0.7,1.3,1.1,1.4,-0.40000000000000013,-0.09999999999999987,1342.6951463444168,1628.7534716029663,-286.05832525854953,1,1
2024-09-09,Equatorial Guinea,Togo,0.4,0.4,1.3,1.2,0.9,1.0,0.4,0.19999999999999996,1585.583928949094,1476.8341610173536,108.74976793174028,0,1
2024-09-09,Morocco,Lesotho,0.7,0.2,2.1,0.7,0.6,1.1,1.5,-0.40000000000000013,1869.836488888089,1352.0928016951814,517.7436871929076,0,0
2024-09-09,Madagascar,Comoros,0.5,0.5,1.3,1.6,0.8,0.9,0.5,0.7000000000000001,1459.3412148524,1445.3560904731844,13.985124379215677,1,1
2024-09-09,Curaçao,Saint Martin,0.3,0.5,1.6,2.5,1.3,1.2,0.30000000000000004,1.3,1496.9682123815978,1221.5659296470412,275.4022827345566,1,0
2024-09-10,Andorra,Malta,0.0,0.1,0.1,0.5,2.3,2.4,-2.1999999999999997,-1.9,1163.1431378429909,1297.6272780987351,-134.48414025574425,0,2
2024-09-10,North Macedonia,Armenia,0.2,0.2,1.1,1.0,1.7,1.5,-0.5999999999999999,-0.5,1599.0350660659992,1529.8692127991,69.16585326689915,0,0
2024-09-10,Latvia,Faroe Islands,0.2,0.1,0.6,0.6,1.8,1.4,-1.2000000000000002,-0.7999999999999999,1365.5168907771083,1301.0697995708097,64.44709120629864,0,0
2024-09-10,Republic of Ireland,Greece,0.2,0.6,0.8,2.2,1.3,0.5,-0.5,1.7000000000000002,1667.7641533981323,1808.8814332521977,-141.11727985406537,0,2
2024-09-10,Saint Kitts and Nevis,British Virgin Islands,0.4,0.1,1.1,0.9,1.6,1.8,-0.5,-0.9,1316.99350482016,944.0376557157692,372.95584910439084,1,0
2024-09-10,Czech Republic,Ukraine,0.5,0.4,2.1,1.2,1.4,1.1,0.7000000000000002,0.09999999999999987,1758.9092736607304,1841.7829353856173,-82.87366172488692,0,0
2024-09-10,Albania,Georgia,0.3,0.4,1.2,1.7,1.2,1.5,0.0,0.19999999999999996,1709.2344484258444,1780.1247010909012,-70.89025266505678,0,2
2024-09-10,Netherlands,Germany,0.6,0.7,2.4,2.2,1.1,0.6,1.2999999999999998,1.6,2033.807066371848,2006.7942669046624,27.01279946718546,0,1
2024-09-10,Hungary,Bosnia and Herzegovina,0.5,0.2,1.4,0.9,1.5,2.4,-0.10000000000000009,-1.5,1831.4308030843572,1525.7059428732473,305.7248602111099,0,1
2024-09-10,Colombia,Argentina,0.7,0.9,2.4,2.0,0.7,0.3,1.7,1.7,2113.3608062989124,2240.487064449814,-127.12625815090178,0,0
2024-09-10,England,Finland,0.5,0.3,1.3,1.4,0.7,2.1,0.6000000000000001,-0.7000000000000002,2055.4587346375465,1664.3015664937327,391.1571681438138,0,0
2024-09-10,Ecuador,Peru,0.4,0.3,1.2,0.9,1.0,0.8,0.19999999999999996,0.09999999999999998,1946.0350132725075,1799.6771469845294,146.35786628797814,0,0
2024-09-10,United Arab Emirates,Iran,0.5,0.7,1.9,1.9,0.9,0.8,0.9999999999999999,1.0999999999999999,1679.5557808013568,1892.3371662720615,-212.78138547070466,0,2
2024-09-10,Venezuela,Uruguay,0.4,0.4,1.2,1.6,0.9,0.5,0.29999999999999993,1.1,1853.1530352006364,2037.7475582549307,-184.5945230542943,0,1
2024-09-10,Zimbabwe,Cameroon,0.1,0.4,0.6,1.6,1.1,1.2,-0.5000000000000001,0.40000000000000013,1415.8731935398798,1701.1930639883938,-285.31987044851394,1,1
2024-09-10,North Korea,Qatar,0.3,0.7,1.3,1.8,1.0,1.0,0.30000000000000004,0.8,1530.6457039523334,1710.0036411404233,-179.35793718808986,1,1
2024-09-10,Kyrgyzstan,Uzbekistan,0.3,0.6,1.3,1.6,1.1,0.4,0.19999999999999996,1.2000000000000002,1437.1479245997605,1801.1936965628022,-364.0457719630417,0,2
2024-09-10,Oman,South Korea,0.4,0.4,1.1,2.0,0.6,1.0,0.5000000000000001,1.0,1645.6866261686723,1832.6966567881957,-187.01003061952338,0,2
2024-09-10,Kuwait,Iraq,0.2,0.8,0.8,2.2,1.3,0.9,-0.5,1.3000000000000003,1456.1818292994133,1786.449012077845,-330.2671827784318,0,1
2024-09-10,Palestine,Jordan,0.3,0.7,1.2,2.2,1.2,0.6,0.0,1.6,1557.3186357848683,1744.9560741270889,-187.63743834222055,1,2
2024-09-10,Bahrain,Japan,0.5,0.8,1.4,3.6,1.0,0.9,0.3999999999999999,2.7,1619.161139479556,1956.129626069124,-336.9684865895681,0,2
2024-09-10,Indonesia,Australia,0.4,0.7,1.0,2.3,1.3,0.4,-0.30000000000000004,1.9,1489.54153563032,1847.1060746753565,-357.56453904503655,0,1
2024-09-10,China,Saudi Arabia,0.1,0.5,0.8,1.4,1.8,0.6,-1.0,0.7999999999999999,1535.232533665806,1694.3591451454977,-159.12661147969175,0,2
2024-09-10,Belize,Anguilla,0.4,0.1,1.3,0.4,1.3,3.4,0.0,-3.0,1259.7297666433562,912.7691119200226,346.9606547233336,1,0
2024-09-10,Chile,Bolivia,0.2,0.2,0.8,0.9,1.1,2.3,-0.30000000000000004,-1.4,1797.824009795324,1682.7986761700072,115.02533362531676,0,2
2024-09-10,United States Virgin Islands,Barbados,0.0,0.2,1.0,1.4,2.0,3.6,-1.0,-2.2,938.1398053777914,1151.2055302657996,-213.06572488800816,0,2
2024-09-10,Paraguay,Brazil,0.2,0.4,0.5,1.4,1.2,0.9,-0.7,0.4999999999999999,1753.3715563317742,2098.680783511123,-345.3092271793489,0,0
2024-09-10,Dominican Republic,Dominica,0.6,0.4,2.4,1.4,1.1,1.7,1.2999999999999998,-0.30000000000000004,1420.7406434067234,1251.614711258161,169.12593214856247,1,0
2024-09-10,Antigua and Barbuda,Bermuda,0.1,0.3,1.1,1.5,3.1,2.4,-2.0,-0.8999999999999999,1186.903460439445,1311.4628438087943,-124.55938336934923,0,2
2024-09-10,Mexico,Canada,0.4,0.3,1.2,0.8,1.3,1.2,-0.10000000000000009,-0.3999999999999999,1902.269920025416,1868.945069070921,33.324850954495105,1,1
2024-09-10,United States,New Zealand,0.3,0.4,1.2,1.6,1.5,0.9,-0.30000000000000004,0.7000000000000001,1828.4057279036288,1768.7004981801808,59.70522972344793,0,1
2024-09-10,Vietnam,Thailand,0.1,0.3,0.9,1.1,2.3,1.4,-1.4,-0.2999999999999998,1410.3110840846723,1561.4033190220266,-151.0922349373543,0,2
2024-09-10,Cambodia,Sri Lanka,0.2,0.1,0.9,0.3,1.1,1.2,-0.20000000000000007,-0.8999999999999999,1049.9465683879905,944.3005383561612,105.64603003182935,0,1
2024-09-10,Macau,Brunei,0.1,0.4,0.3,0.9,2.0,3.8,-1.7,-2.9,886.9325386696964,921.5806263921984,-34.64808772250194,0,2
2024-09-10,Mongolia,Timor-Leste,0.2,0.2,0.6,0.9,2.0,3.2,-1.4,-2.3000000000000003,1009.3607183248776,888.903804378798,120.45691394607957,0,0
2024-09-10,Gabon,Central African Republic,0.3,0.5,1.1,2.4,1.8,1.4,-0.7,1.0,1543.0187663480358,1482.7758058836962,60.2429604643396,0,0
2024-09-10,Botswana,Egypt,0.3,0.4,1.0,1.8,1.3,1.3,-0.30000000000000004,0.5,1425.137374577767,1760.9484371752278,-335.8110625974607,0,2
2024-09-10,Cape Verde,Mauritania,0.6,0.2,1.2,0.4,1.0,1.0,0.19999999999999996,-0.6,1653.4096222836315,1467.5718159708915,185.83780631273999,0,0
2024-09-10,Rwanda,Nigeria,0.2,0.6,0.7,1.4,0.8,0.7,-0.10000000000000009,0.7,1443.004776876452,1714.2303487617792,-271.2255718853271,0,1
2024-09-10,Benin,Libya,0.2,0.6,1.0,1.7,1.5,0.8,-0.5,0.8999999999999999,1504.5276557128643,1511.7609777493872,-7.23332203652285,1,0
2024-09-10,Moldova,San Marino,0.3,0.1,1.1,0.6,1.6,2.5,-0.5,-1.9,1408.2504559868078,884.4585869913792,523.7918689954286,0,0
2024-09-10,Zambia,Sierra Leone,0.2,0.2,1.2,1.0,1.3,1.6,-0.10000000000000009,-0.6000000000000001,1547.7038485491416,1441.398636603615,106.30521194552671,0,0
2024-09-10,Liberia,Algeria,0.3,0.5,1.1,2.1,1.2,1.2,-0.09999999999999987,0.9000000000000001,1432.4879426790935,1763.1962198861308,-330.7082772070373,0,2
2024-09-10,Trinidad and Tobago,French Guiana,0.4,0.4,1.5,1.5,1.5,1.3,0.0,0.19999999999999996,1548.2231374205858,1478.3755685388112,69.84756888177458,0,1
2024-09-10,Cuba,Nicaragua,0.3,0.6,0.8,2.0,1.9,0.5,-1.0999999999999999,1.5,1454.651730285743,1551.3440058522042,-96.69227556646115,0,1
2024-09-10,Burkina Faso,Malawi,0.2,0.4,1.2,1.3,1.6,0.9,-0.40000000000000013,0.4,1618.0649374463412,1442.5259257595746,175.53901168676657,1,0
2024-09-10,South Sudan,South Africa,0.1,0.2,0.3,1.3,1.7,0.9,-1.4,0.4,1262.923101627954,1692.9949011722329,-430.07179954427875,0,2
2024-09-10,Honduras,Jamaica,0.5,0.4,2.2,0.8,1.2,1.2,1.0000000000000002,-0.3999999999999999,1650.8439183508356,1689.8237283332735,-38.97980998243793,0,2
2024-09-10,Eswatini,Mali,0.1,0.4,0.7,1.6,1.1,0.9,-0.40000000000000013,0.7000000000000001,1318.0697583159924,1693.249878496214,-375.1801201802216,1,2
2024-09-10,Mozambique,Guinea-Bissau,0.4,0.2,1.4,0.8,1.4,1.6,0.0,-0.8,1529.1346504920623,1471.1794374081765,57.95521308388584,0,0
2024-09-10,Chad,Ivory Coast,0.2,0.6,0.6,1.3,1.4,1.0,-0.7999999999999999,0.30000000000000004,1285.0938927096886,1739.698224745664,-454.6043320359754,1,2
2024-09-10,Guinea,Tanzania,0.5,0.2,1.7,0.5,1.0,0.9,0.7,-0.4,1599.3923063322095,1493.8482680458785,105.54403828633099,1,2
2024-09-10,Namibia,Kenya,0.3,0.3,0.7,1.2,0.9,0.8,-0.20000000000000007,0.3999999999999999,1537.7932793042137,1482.389322233559,55.40395707065477,1,2
2024-10-08,Brunei,Timor-Leste,0.5,0.2,1.0,0.9,3.1,2.7,-2.1,-1.8000000000000003,945.2988368302553,875.738629839172,69.5602069910833,0,2
2024-10-09,Belize,Anguilla,0.4,0.1,1.2,0.3,1.3,3.3,-0.10000000000000009,-3.0,1263.9119259254328,908.5869526379462,355.3249732874866,0,0
2024-10-09,Saint Kitts and Nevis,British Virgin Islands,0.5,0.1,1.3,0.8,1.4,1.7,-0.09999999999999987,-0.8999999999999999,1322.4860893686262,938.5450711673031,383.941018201323,0,0
2024-10-09,Barbados,United States Virgin Islands,0.2,0.0,1.5,1.0,3.5,2.1,-2.0,-1.1,1172.201789721281,917.1435459223098,255.05824379897126,0,0
2024-10-10,Fiji,Solomon Islands,0.6,0.4,2.6,1.8,1.1,1.3,1.5,0.5,1523.282382121043,1472.2146524855025,51.067729635540445,0,0
2024-10-10,Gibraltar,San Marino,0.1,0.1,0.3,0.6,3.4,2.2,-3.1,-1.6,1154.9136255474116,883.9218807268513,270.99174482056026,0,0
2024-10-10,Moldova,Andorra,0.4,0.0,1.1,0.1,1.5,2.1,-0.3999999999999999,-2.0,1408.7871622513355,1147.3743899359808,261.4127723153547,0,0
2024-10-10,Bolivia,Colombia,0.3,0.7,1.1,2.3,2.1,0.6,-1.0,1.6999999999999997,1713.8058074433109,2134.9191540639194,-421.1133466206086,0,0
2024-10-10,Ecuador,Paraguay,0.4,0.2,1.1,0.5,1.0,1.2,0.10000000000000009,-0.7,1953.8330848125847,1785.5355192166546,168.2975655959301,0,1
2024-10-10,Venezuela,Argentina,0.3,0.8,0.9,1.8,0.9,0.4,0.0,1.4,1857.9286854183024,2218.928716684807,-361.0000312665047,0,1
2024-10-10,Papua New Guinea,New Caledonia,0.3,0.6,1.1,2.8,1.5,0.7,-0.3999999999999999,2.0999999999999996,1421.8114143949554,1560.201873706054,-138.39045931109854,1,2
2024-10-10,Qatar,Kyrgyzstan,0.6,0.3,1.9,1.4,1.2,1.3,0.7,0.09999999999999987,1700.5078831374783,1429.9692850303527,270.5385981071256,0,0
2024-10-10,Saudi Arabia,Japan,0.5,0.8,1.4,3.5,0.7,0.8,0.7,2.7,1710.9880250856509,1972.4156029008127,-261.42757781516184,0,2
2024-10-10,United Arab Emirates,North Korea,0.5,0.3,1.9,1.4,0.9,0.9,0.9999999999999999,0.4999999999999999,1665.8291842099045,1540.1414619552784,125.68772225462612,0,1
2024-10-10,Jordan,South Korea,0.7,0.5,2.4,2.1,0.7,0.9,1.7,1.2000000000000002,1760.164982700521,1855.3368310494272,-95.17184834890622,0,2
2024-10-10,Oman,Kuwait,0.4,0.2,1.2,0.8,0.8,1.2,0.3999999999999999,-0.3999999999999999,1623.0464519074408,1467.785803847789,155.26064805965166,0,0
2024-10-10,Iraq,Palestine,0.8,0.3,2.2,1.3,0.8,1.5,1.4000000000000001,-0.19999999999999996,1774.8450375294692,1542.1097272114364,232.73531031803282,0,0
2024-10-10,Bahrain,Indonesia,0.5,0.4,1.4,0.9,1.2,1.0,0.19999999999999996,-0.09999999999999998,1602.8751626478677,1502.1405005465697,100.734662101298,0,1
2024-10-10,Australia,China,0.6,0.1,2.1,0.9,0.4,1.7,1.7000000000000002,-0.7999999999999999,1834.5071097591067,1518.6036537256523,315.9034560334544,0,0
2024-10-10,Faroe Islands,Armenia,0.1,0.2,0.6,1.0,1.4,1.6,-0.7999999999999999,-0.6000000000000001,1291.2851174763648,1515.4776849080988,-224.192567431734,0,1
2024-10-10,Uzbekistan,Iran,0.7,0.7,1.9,1.9,0.6,0.8,1.2999999999999998,1.0999999999999999,1808.37233613221,1906.0637628635145,-97.69142673130455,0,1
2024-10-10,Latvia,North Macedonia,0.3,0.2,0.7,1.1,1.6,1.7,-0.9000000000000001,-0.5999999999999999,1375.3015728715532,1613.4265939570005,-238.12502108544732,0,2
2024-10-10,Chile,Brazil,0.2,0.4,0.9,1.4,1.0,0.9,-0.09999999999999998,0.4999999999999999,1766.8168785220205,2066.5168206262424,-299.6999421042219,0,2
2024-10-10,Austria,Kazakhstan,0.5,0.3,2.0,1.2,1.2,2.0,0.8,-0.8,1907.4039393550177,1514.5289046223509,392.8750347326668,0,0
2024-10-10,Norway,Slovenia,0.4,0.3,1.7,1.3,1.1,0.7,0.5999999999999999,0.6000000000000001,1788.086963887163,1828.8305556267887,-40.7435917396258,0,0
2024-10-10,Myanmar,Sri Lanka,0.2,0.1,0.9,0.5,2.9,1.1,-2.0,-0.6000000000000001,1103.711527094393,954.9257078282496,148.78581926614333,0,0
2024-10-10,Cape Verde,Botswana,0.6,0.3,1.2,0.9,0.9,1.5,0.29999999999999993,-0.6,1663.113400211645,1409.7880938729274,253.3253063387176,0,2
2024-10-10,Algeria,Togo,0.5,0.3,2.1,1.2,1.2,1.2,0.9000000000000001,0.0,1777.859809309049,1487.5869611275089,290.2728481815402,0,0
2024-10-10,Ghana,Sudan,0.2,0.5,1.3,1.1,1.5,0.9,-0.19999999999999996,0.20000000000000007,1615.2157759319446,1513.3708327741303,101.84494315781421,0,1
2024-10-10,DR Congo,Tanzania,0.4,0.3,1.0,0.7,0.5,0.8,0.5,-0.10000000000000009,1690.4006484475487,1519.743631170714,170.65701727683472,0,0
2024-10-10,Namibia,Zimbabwe,0.2,0.1,0.5,0.5,1.1,1.0,-0.6000000000000001,-0.5,1514.630732853113,1429.387823605308,85.24290924780485,1,2
2024-10-10,Burkina Faso,Burundi,0.3,0.4,1.4,1.6,1.5,2.0,-0.10000000000000009,-0.3999999999999999,1634.07804855417,1477.253468673234,156.82457988093597,1,0
2024-10-10,Cuba,Trinidad and Tobago,0.3,0.4,0.7,1.5,1.6,1.2,-0.9000000000000001,0.30000000000000004,1454.485128385426,1540.2901837636691,-85.8050553782432,0,1
2024-10-10,Liechtenstein,Hong Kong,0.0,0.1,0.3,0.7,2.0,1.9,-1.7,-1.2,1028.738218612636,1289.8290538668775,-261.0908352542415,0,0
2024-10-10,Nicaragua,Jamaica,0.5,0.4,1.8,0.9,0.6,1.3,1.2000000000000002,-0.4,1551.5106077525213,1710.366040378582,-158.85543262606075,0,2
2024-10-10,Bonaire,Montserrat,0.3,0.3,1.3,1.2,1.8,2.7,-0.5,-1.5000000000000002,1176.5308331771616,1245.8594990643628,-69.32866588720117,1,2
2024-10-10,Saint Vincent and the Grenadines,El Salvador,0.4,0.4,1.9,1.2,2.1,1.1,-0.20000000000000018,0.09999999999999987,1281.625298098944,1553.4211742739428,-271.79587617499874,0,2
2024-10-10,Israel,France,0.3,0.4,1.2,1.0,1.6,0.6,-0.40000000000000013,0.4,1606.7069960716026,2079.537926895805,-472.83093082420237,1,2
2024-10-10,Italy,Belgium,0.6,0.4,1.3,1.2,0.8,0.7,0.5,0.5,1991.6060303097804,1986.3725929368625,5.233437372917933,0,1
2024-10-10,England,Greece,0.5,0.6,1.2,1.9,0.7,0.5,0.5,1.4,2058.391655899389,1832.0392980557897,226.35235784359952,0,2
2024-10-10,Finland,Republic of Ireland,0.3,0.2,1.4,0.7,2.2,1.3,-0.8000000000000003,-0.6000000000000001,1661.3686452318902,1644.6062885945405,16.76235663734974,0,2
2024-10-10,French Guiana,Honduras,0.4,0.4,1.5,1.9,0.9,1.4,0.6,0.5,1486.3085221957278,1630.301606305527,-143.99308410979916,0,2
2024-10-11,Grenada,Curaçao,0.1,0.4,0.8,1.9,2.4,1.2,-1.5999999999999999,0.7,1251.4273312941216,1508.127095034912,-256.69976374079033,1,1
2024-10-11,Saint Lucia,Saint Martin,0.5,0.5,1.7,2.5,1.2,1.6,0.5,0.8999999999999999,1371.8707689466914,1210.4070469937271,161.4637219529643,0,0
2024-10-11,Sint Maarten,Puerto Rico,0.4,0.4,1.1,2.2,2.6,1.7,-1.5,0.5000000000000002,1252.731196996799,1345.7368211579185,-93.00562416111939,1,0
2024-10-11,Aruba,Haiti,0.4,0.4,1.6,2.2,1.5,1.4,0.10000000000000009,0.8000000000000003,1189.7404098807062,1677.5257323687424,-487.7853224880362,0,2
2024-10-11,Bosnia and Herzegovina,Germany,0.1,0.6,0.7,2.2,2.3,0.8,-1.5999999999999999,1.4000000000000001,1540.1181724877513,2012.921239619096,-472.80306713134473,0,2
2024-10-11,Hungary,Netherlands,0.5,0.6,1.2,2.5,1.3,1.1,-0.10000000000000009,1.4,1817.0185734698532,2027.6800936574143,-210.6615201875611,0,1
2024-10-11,Czech Republic,Albania,0.6,0.3,2.3,1.1,1.5,1.2,0.7999999999999998,-0.09999999999999987,1775.5473343067972,1690.271639441154,85.27569486564312,0,0
2024-10-11,Estonia,Azerbaijan,0.1,0.4,0.8,1.2,2.3,1.7,-1.4999999999999998,-0.5,1418.0374452063195,1513.819048645513,-95.78160343919353,0,0
2024-10-11,Iceland,Wales,0.5,0.4,1.4,1.4,1.6,0.9,-0.20000000000000018,0.4999999999999999,1631.7562513534929,1758.0364722061172,-126.28022085262432,0,1
2024-10-11,Turkey,Montenegro,0.4,0.4,1.3,1.2,1.7,1.7,-0.3999999999999999,-0.5,1864.3807042083852,1570.0533554680046,294.32734874038056,0,0
2024-10-11,Slovakia,Sweden,0.5,0.5,1.6,1.5,0.8,1.6,0.8,-0.10000000000000009,1758.782947188645,1757.137565324734,1.6453818639110978,0,1
2024-10-11,Peru,Uruguay,0.3,0.4,0.9,1.6,0.7,0.5,0.20000000000000007,1.1,1791.8790754444522,2032.9719080372645,-241.09283259281233,0,0
2024-10-11,New Zealand,Tahiti,0.4,0.6,1.7,1.7,0.8,0.9,0.8999999999999999,0.7999999999999999,1772.99863892048,1521.3449929145154,251.65364600596467,1,0
2024-10-11,Syria,Tajikistan,0.4,0.2,1.5,0.7,0.9,1.0,0.6,-0.30000000000000004,1571.1133904894573,1481.6706422080654,89.44274828139191,1,0
2024-10-11,Guyana,Guatemala,0.4,0.3,2.0,1.5,1.5,1.0,0.5,0.5,1441.2823307543374,1642.5059990026948,-201.2236682483574,0,2
2024-10-11,Thailand,Philippines,0.3,0.1,1.0,0.5,1.4,1.7,-0.3999999999999999,-1.2,1569.9432757502748,1228.541883855607,341.40139189466777,0,0
2024-10-11,Ukraine,Georgia,0.4,0.5,1.4,1.6,1.4,1.3,0.0,0.30000000000000004,1825.1448747395505,1799.0875100755918,26.05736466395865,1,0
2024-10-11,Suriname,Costa Rica,0.4,0.5,1.8,1.6,0.7,0.8,1.1,0.8,1511.0668660483332,1778.755434817543,-267.6885687692097,0,1
2024-10-11,Mali,Guinea-Bissau,0.4,0.2,1.1,0.9,0.7,1.7,0.40000000000000013,-0.7999999999999999,1697.3869706915905,1459.6934128875932,237.69355780399724,0,0
2024-10-11,Senegal,Malawi,0.7,0.3,1.7,1.2,0.4,1.2,1.2999999999999998,0.0,1865.9603537111025,1426.512814651746,439.44753905935636,0,0
2024-10-11,Cambodia,Taiwan,0.2,0.2,1.1,1.1,1.2,2.1,-0.09999999999999987,-1.0,1039.321398915902,1093.0759430986284,-53.75454418272648,0,0
2024-10-11,Madagascar,Gambia,0.4,0.1,1.0,1.5,0.7,2.1,0.30000000000000004,-0.6000000000000001,1458.5366008931162,1460.5344840543696,-1.9978831612534123,1,1
2024-10-11,Tunisia,Comoros,0.4,0.5,0.7,1.7,0.3,0.8,0.39999999999999997,0.8999999999999999,1794.617038499022,1446.1607044324685,348.4563340665536,0,2
2024-10-11,Guadeloupe,Martinique,0.7,0.3,2.3,1.3,1.0,1.8,1.2999999999999998,-0.5,1535.5391212389247,1542.6063897409902,-7.067268502065417,0,2
2024-10-11,Egypt,Mauritania,0.4,0.2,2.0,0.4,1.3,1.2,0.7,-0.7999999999999999,1776.2977178800677,1457.8680380428784,318.42967983718927,0,0
2024-10-11,Benin,Rwanda,0.3,0.2,1.0,0.7,1.3,0.7,-0.30000000000000004,0.0,1524.943979051834,1452.1339199681372,72.81005908369684,1,0
2024-10-11,Nigeria,Libya,0.5,0.6,1.3,1.7,0.7,0.9,0.6000000000000001,0.7999999999999999,1705.101205670094,1491.3446544104174,213.7565512596766,0,0
2024-10-11,Gabon,Lesotho,0.4,0.2,1.3,0.7,1.6,1.1,-0.30000000000000004,-0.40000000000000013,1560.0865156614814,1350.982414608589,209.10410105289247,0,1
2024-10-11,Angola,Niger,0.6,0.2,1.3,0.8,0.6,1.1,0.7000000000000001,-0.30000000000000004,1665.8395371282363,1356.2328420154386,309.60669511279775,0,0
2024-10-11,Zambia,Chad,0.2,0.2,1.2,0.6,1.5,1.5,-0.30000000000000004,-0.9,1557.051470560123,1281.010422593521,276.04104796660204,0,1
2024-10-11,Ivory Coast,Sierra Leone,0.7,0.2,1.5,1.1,0.6,1.7,0.9,-0.5999999999999999,1743.7816948618315,1432.0510145926332,311.7306802691983,0,0
2024-10-11,Mozambique,Eswatini,0.4,0.1,1.3,0.7,1.3,1.2,0.0,-0.5,1540.6206750126455,1313.932666120616,226.68800889202953,0,1
2024-10-11,Cameroon,Kenya,0.3,0.3,1.3,1.3,1.2,0.9,0.10000000000000009,0.4,1687.6784339229655,1505.5518686846597,182.12656523830583,0,0
2024-10-11,Uganda,South Sudan,0.4,0.1,1.0,0.5,1.4,1.7,-0.3999999999999999,-1.2,1507.3422714974186,1257.718970960967,249.62330053645155,0,0
2024-10-11,South Africa,Congo,0.3,0.2,1.6,0.8,1.1,2.1,0.5,-1.3,1698.19903183922,1382.712961229804,315.48607060941595,0,0
2024-10-11,Equatorial Guinea,Liberia,0.4,0.3,1.4,1.0,1.0,1.2,0.3999999999999999,-0.19999999999999996,1574.8311288389386,1417.8243532561753,157.00677558276334,0,0
2024-10-12,Serbia,Switzerland,0.2,0.4,0.8,1.5,0.9,1.1,-0.09999999999999998,0.3999999999999999,1846.531779241412,1916.0447102649875,-69.51293102357545,0,0
2024-10-12,Spain,Denmark,0.9,0.5,2.4,1.3,0.6,0.6,1.7999999999999998,0.7000000000000001,2208.7296423340367,1912.058274336308,296.6713679977288,0,0
2024-10-12,Lithuania,Kosovo,0.4,0.4,1.0,1.0,1.0,1.2,0.0,-0.19999999999999996,1385.12601210731,1566.7995650169066,-181.67355290959654,0,2
2024-10-12,Belarus,Northern Ireland,0.3,0.5,0.6,1.2,1.3,1.2,-0.7000000000000001,0.0,1515.2676580531245,1576.017469179211,-60.74981112608657,1,1
2024-10-12,Vanuatu,Samoa,0.3,0.6,1.4,2.5,2.3,1.7,-0.8999999999999999,0.8,1414.899545591624,1244.8677953468707,170.0317502447533,0,0
2024-10-12,Bulgaria,Luxembourg,0.2,0.2,0.8,0.6,1.0,2.3,-0.19999999999999996,-1.6999999999999997,1558.5160676770934,1509.766306888761,48.74976078833242,0,1
2024-10-12,Poland,Portugal,0.5,0.6,1.8,1.7,1.2,0.9,0.6000000000000001,0.7999999999999999,1801.3464311234875,2027.282294052496,-225.9358629290084,0,2
2024-10-12,Cyprus,Romania,0.3,0.3,1.0,1.3,2.1,1.1,-1.1,0.19999999999999996,1360.313406892274,1768.7674737025943,-408.4540668103202,0,2
2024-10-12,Croatia,Scotland,0.5,0.1,1.5,1.2,1.1,2.2,0.3999999999999999,-1.0000000000000002,1964.321146475628,1754.543186612804,209.777959862824,0,0
2024-10-12,Morocco,Central African Republic,0.7,0.4,1.9,2.2,0.5,1.6,1.4,0.6000000000000001,1870.9468759746817,1465.7080565702506,405.23881940443107,0,0
2024-10-12,Turks and Caicos Islands,Anguilla,0.2,0.1,0.7,0.3,1.8,2.8,-1.1,-2.5,957.0152204792428,906.214120865434,50.80109961380879,1,0
2024-10-12,Bahamas,United States Virgin Islands,0.0,0.0,1.4,1.0,3.6,2.5,-2.2,-1.5,1062.9568285714654,909.1164862351776,153.8403423362878,1,0
2024-10-12,Bermuda,Dominica,0.4,0.4,1.3,1.3,2.0,1.8,-0.7,-0.5,1327.7278672919488,1237.2207825998148,90.50708469213396,0,0
2024-10-12,Antigua and Barbuda,Dominican Republic,0.1,0.6,1.1,2.3,2.7,1.1,-1.6,1.1999999999999997,1170.638436956291,1435.1345720650695,-264.4961351087786,1,2
2024-10-12,Guinea,Ethiopia,0.5,0.2,1.7,0.6,1.1,1.0,0.5999999999999999,-0.4,1573.496943207374,1411.7953349582683,161.70160824910567,1,0
2024-10-12,Vietnam,India,0.1,0.0,1.0,0.2,2.4,1.6,-1.4,-1.4000000000000001,1401.7711273564244,1315.5903844561642,86.18074290026016,0,1
2024-10-12,United States,Panama,0.3,0.5,1.2,1.3,1.4,1.6,-0.19999999999999996,-0.30000000000000004,1824.10758716333,1846.116448633021,-22.008861469691055,0,0
2024-10-12,Cayman Islands,British Virgin Islands,0.3,0.0,1.0,0.6,2.5,1.9,-1.5,-1.2999999999999998,1064.6342408995986,935.4949791457386,129.13926175385996,1,0
2024-10-13,Malta,Moldova,0.1,0.4,0.5,1.2,2.4,1.5,-1.9,-0.30000000000000004,1313.3960260057452,1414.6152211595404,-101.21919515379523,0,0
2024-10-13,Liechtenstein,Gibraltar,0.1,0.2,0.4,0.4,1.8,3.0,-1.4,-2.6,1043.0688168681015,1158.6125837996224,-115.54376693152085,0,1
2024-10-13,Armenia,North Macedonia,0.2,0.3,1.2,1.4,1.6,1.5,-0.40000000000000013,-0.10000000000000009,1509.475704446514,1632.4797648956117,-123.00406044909755,0,2
2024-10-13,Faroe Islands,Latvia,0.1,0.2,0.8,0.5,1.4,1.9,-0.5999999999999999,-1.4,1297.2870979379495,1356.248401932942,-58.96130399499248,0,1
2024-10-13,Kazakhstan,Slovenia,0.3,0.3,1.1,1.1,2.1,0.8,-1.0,0.30000000000000004,1510.8968317286267,1803.37869851068,-292.4818667820532,0,2
2024-10-13,Greece,Republic of Ireland,0.6,0.3,1.9,0.9,0.6,1.2,1.2999999999999998,-0.29999999999999993,1862.4001979396337,1667.7756502758075,194.6245476638262,0,0
2024-10-13,Austria,Norway,0.5,0.4,2.2,1.6,1.2,1.1,1.0000000000000002,0.5,1911.036012248742,1813.538821003272,97.49719124547005,0,0
2024-10-13,Saint Vincent and the Grenadines,El Salvador,0.3,0.5,1.7,1.5,2.1,1.1,-0.40000000000000013,0.3999999999999999,1272.1360218561535,1562.9104505167331,-290.7744286605796,0,0
2024-10-13,Montserrat,Bonaire,0.3,0.2,1.0,1.1,2.5,1.9,-1.5,-0.7999999999999998,1259.913101770098,1162.4772304714263,97.4358712986716,1,2
2024-10-13,Burundi,Burkina Faso,0.4,0.3,1.5,1.6,2.2,1.5,-0.7000000000000002,0.10000000000000009,1457.059539386894,1654.27197784051,-197.2124384536162,1,2
2024-10-13,Myanmar,Sri Lanka,0.3,0.1,1.1,0.5,2.9,1.1,-1.7999999999999998,-0.6000000000000001,1109.494555055865,949.1426798667776,160.35187518908742,0,1
2024-10-13,Andorra,San Marino,0.0,0.1,0.1,0.6,2.0,2.0,-1.9,-1.4,1141.546331027776,880.2229224746404,261.32340855313555,0,0
2024-10-13,Finland,England,0.3,0.5,1.5,1.3,2.1,0.8,-0.6000000000000001,0.5,1638.199283550623,2028.0307560155447,-389.8314724649217,0,2
2024-10-14,Bosnia and Herzegovina,Hungary,0.1,0.4,0.8,1.0,2.4,1.3,-1.5999999999999999,-0.30000000000000004,1536.453564949824,1822.4113479957168,-285.9577830458927,0,2
2024-10-14,Germany,Netherlands,0.6,0.5,2.2,2.2,0.8,1.2,1.4000000000000001,1.0000000000000002,2016.5858471570232,2022.2873191315512,-5.701471974527976,0,0
2024-10-14,Georgia,Albania,0.5,0.3,1.5,1.1,1.1,1.4,0.3999999999999999,-0.2999999999999998,1782.8975394237068,1676.8283298094905,106.06920961421633,0,2
2024-10-14,Ukraine,Czech Republic,0.4,0.6,1.3,2.2,1.3,1.5,0.0,0.7000000000000002,1841.3348453914357,1788.9906439384606,52.344201452975085,1,1
2024-10-14,Iceland,Turkey,0.5,0.5,1.4,1.3,1.4,1.1,0.0,0.19999999999999996,1633.0774423149576,1867.658247532284,-234.58080521732631,0,2
2024-10-14,Estonia,Sweden,0.2,0.5,1.1,1.6,2.2,1.7,-1.1,-0.09999999999999987,1443.9687459326458,1762.1161113450369,-318.1473654123911,0,2
2024-10-14,Azerbaijan,Slovakia,0.3,0.5,1.1,1.8,2.0,0.8,-0.8999999999999999,1.0,1487.887747919187,1753.804401168342,-265.91665324915516,0,2
2024-10-14,Tajikistan,Philippines,0.2,0.0,0.7,0.5,1.0,2.0,-0.30000000000000004,-1.5,1470.449091843732,1225.2551066576025,245.19398518612957,1,2
2024-10-14,Thailand,Syria,0.4,0.5,1.3,1.6,1.0,0.9,0.30000000000000004,0.7000000000000001,1573.2300529482795,1582.3349408537906,-9.104887905511077,0,0
2024-10-14,Italy,Israel,0.5,0.2,1.3,1.2,0.9,2.0,0.4,-0.8,1986.461876671291,1602.928040691087,383.533835980204,0,0
2024-10-14,Wales,Montenegro,0.3,0.3,1.2,0.9,1.1,1.6,0.09999999999999987,-0.7000000000000001,1756.7152812446525,1566.775812144106,189.93946910054638,0,0
2024-10-14,Aruba,Haiti,0.4,0.5,1.7,2.4,1.6,1.2,0.09999999999999987,1.2,1184.653701920904,1682.6124403285446,-497.95873840764057,0,2
2024-10-14,Belgium,France,0.4,0.4,1.4,1.1,0.9,0.7,0.4999999999999999,0.40000000000000013,1991.516746575352,2083.3168822763205,-91.80013570096844,0,2
2024-10-14,Saint Lucia,Saint Martin,0.5,0.5,1.4,2.6,1.2,1.5,0.19999999999999996,1.1,1378.2290506341478,1204.0487653062708,174.18028532787707,0,2
2024-10-14,Puerto Rico,Sint Maarten,0.4,0.4,2.3,1.2,1.7,2.7,0.5999999999999999,-1.5000000000000002,1323.6609971395546,1274.807021015163,48.85397612439169,1,0
2024-10-14,New Zealand,Malaysia,0.5,0.3,2.0,1.2,0.6,1.7,1.4,-0.5,1786.3134617841636,1459.874330084073,326.43913170009046,0,0
2024-10-14,Liberia,Equatorial Guinea,0.3,0.5,0.8,1.4,1.0,0.9,-0.19999999999999996,0.4999999999999999,1410.4039324900737,1582.2515496050405,-171.84761711496685,0,2
2024-10-14,Togo,Algeria,0.2,0.5,1.1,2.2,1.7,1.3,-0.5999999999999999,0.9000000000000001,1480.4136675050715,1785.0331029314864,-304.61943542641484,0,2
2024-10-14,Eswatini,Mozambique,0.1,0.4,0.8,1.4,1.3,1.2,-0.5,0.19999999999999996,1328.6397173072612,1525.9136238260005,-197.2739065187393,1,2
2024-10-14,Kenya,Cameroon,0.3,0.4,1.4,1.6,1.2,1.2,0.19999999999999996,0.40000000000000013,1494.026583082785,1699.2037195248402,-205.17713644205514,1,2
2024-10-14,Gambia,Madagascar,0.1,0.3,1.4,1.0,2.0,0.8,-0.6000000000000001,0.19999999999999996,1460.4194779223772,1458.651607025109,1.767870897268267,1,0
2024-10-14,Nicaragua,French Guiana,0.4,0.3,1.5,1.3,0.8,1.1,0.7,0.19999999999999996,1529.6652937867057,1471.0126448593555,58.65264892735013,0,0
2024-10-14,Jamaica,Honduras,0.5,0.4,1.1,2.0,1.3,1.6,-0.19999999999999996,0.3999999999999999,1732.2113543443977,1645.597483641899,86.61387070249862,0,1
2024-10-14,Trinidad and Tobago,Cuba,0.3,0.3,1.5,0.9,1.3,1.8,0.19999999999999996,-0.9,1541.004772061346,1453.770540087749,87.23423197359716,0,0
2024-10-14,Curaçao,Grenada,0.4,0.1,1.9,0.7,1.1,2.3,0.7999999999999998,-1.5999999999999999,1497.129314553347,1262.4251117756864,234.7042027776606,1,0
2024-10-14,Zimbabwe,Namibia,0.2,0.1,0.6,0.3,1.0,1.2,-0.4,-0.8999999999999999,1454.1986541027638,1489.8199023556572,-35.62124825289334,1,0
2024-10-15,Paraguay,Venezuela,0.2,0.3,0.5,1.0,1.2,1.0,-0.7,0.0,1798.499917599378,1870.6461917327276,-72.1462741333496,0,0
2024-10-15,Poland,Croatia,0.4,0.5,1.7,1.6,1.5,1.2,0.19999999999999996,0.40000000000000013,1784.2154202646304,1969.3578331623453,-185.14241289771485,0,1
2024-10-15,Spain,Serbia,0.9,0.3,2.0,1.0,0.5,0.8,1.5,0.19999999999999996,2211.967321484056,1870.4842660563024,341.48305542775347,0,0
2024-10-15,Switzerland,Denmark,0.3,0.5,1.4,1.3,1.3,0.7,0.09999999999999987,0.6000000000000001,1892.092223450097,1908.820595186289,-16.728371736192003,0,1
2024-10-15,Kosovo,Cyprus,0.5,0.3,1.2,1.0,1.1,2.0,0.09999999999999987,-1.0,1580.2598846350495,1351.4415429585638,228.81834167648572,0,0
2024-10-15,Lithuania,Romania,0.3,0.4,0.9,1.5,1.2,1.0,-0.29999999999999993,0.5,1371.6656924891668,1777.6393376363044,-405.97364514713763,0,2
2024-10-15,Scotland,Portugal,0.1,0.6,1.0,1.6,2.1,0.8,-1.1,0.8,1749.506499926087,2044.4133049113532,-294.90680498526626,0,1
2024-10-15,Northern Ireland,Bulgaria,0.4,0.2,0.9,0.8,1.2,0.8,-0.29999999999999993,0.0,1572.9883660529017,1551.4502230385006,21.538143014401157,0,0
2024-10-15,Belarus,Luxembourg,0.3,0.2,0.6,0.6,1.3,1.4,-0.7000000000000001,-0.7999999999999999,1518.2967611794336,1516.8321515273535,1.464609652080071,1,1
2024-10-15,Colombia,Chile,0.6,0.2,1.8,1.0,0.6,1.2,1.2000000000000002,-0.19999999999999996,2100.361226557624,1757.194138665438,343.1670878921859,0,0
2024-10-15,Uruguay,Ecuador,0.3,0.4,1.2,1.1,0.6,0.8,0.6,0.30000000000000004,2005.268820723148,1940.868686429861,64.40013429328701,0,1
2024-10-15,Palestine,Kuwait,0.3,0.2,1.2,0.8,1.2,1.5,0.0,-0.7,1536.9746144039586,1453.7582485778055,83.21636582615315,1,1
2024-10-15,Brazil,Peru,0.4,0.4,1.5,0.9,1.0,0.6,0.5,0.30000000000000004,2076.1395604828244,1819.582162758569,256.55739772425545,0,0
2024-10-15,Uzbekistan,United Arab Emirates,0.6,0.4,1.6,1.7,0.6,0.9,1.0,0.7999999999999999,1808.2394459280763,1654.4014211190795,153.8380248089968,0,0
2024-10-15,Iran,Qatar,0.6,0.6,1.7,2.0,0.7,1.2,1.0,0.8,1906.196653067648,1706.863762365596,199.33289070205205,1,0
2024-10-15,Kyrgyzstan,North Korea,0.2,0.3,1.3,1.5,1.5,1.0,-0.19999999999999996,0.5,1423.6134058022349,1551.5692250461032,-127.95581924386829,0,0
2024-10-15,Jordan,Oman,0.6,0.4,2.2,1.5,0.9,0.8,1.3000000000000003,0.7,1729.7481134088791,1637.0740071774244,92.67410623145474,0,0
2024-10-15,South Korea,Iraq,0.6,0.8,2.0,2.0,0.6,0.7,1.4,1.3,1885.753700341069,1779.980150336947,105.77355000412194,0,0
2024-10-15,Japan,Australia,0.8,0.6,3.3,2.3,0.6,0.5,2.6999999999999997,1.7999999999999998,1989.4001944292656,1839.5243817355731,149.87581269369252,0,1
2024-10-15,Timor-Leste,Brunei,0.3,0.5,1.0,0.9,2.5,2.7,-1.5,-1.8000000000000003,904.791714998126,916.2457516713012,-11.454036673175096,1,1
2024-10-15,China,Indonesia,0.1,0.3,0.9,1.0,1.8,1.2,-0.9,-0.19999999999999996,1513.586381749186,1512.5612211213454,1.0251606278407053,0,0
2024-10-15,Saudi Arabia,Bahrain,0.4,0.5,1.2,1.5,0.8,1.1,0.3999999999999999,0.3999999999999999,1694.003433557198,1592.4544420730915,101.54899148410641,0,1
2024-10-15,Saint Kitts and Nevis,Cayman Islands,0.5,0.4,1.3,1.1,1.3,2.2,0.0,-1.1,1325.536181390191,1075.9134915908944,249.6226897992965,0,1
2024-10-15,Argentina,Bolivia,0.7,0.4,1.8,1.0,0.5,1.8,1.3,-0.8,2206.211210370382,1748.3637349496064,457.8474754207757,0,0
2024-10-15,Belize,Turks and Caicos Islands,0.5,0.2,1.3,0.8,1.2,1.9,0.10000000000000009,-1.0999999999999999,1266.284757697945,971.9744981149154,294.3102595830296,0,0
2024-10-15,Mexico,United States,0.4,0.4,1.0,1.4,1.0,1.3,0.0,0.09999999999999987,1901.3136843715477,1835.795878430316,65.5178059412317,0,0
2024-10-15,Bermuda,Dominica,0.4,0.4,1.8,1.4,2.1,2.3,-0.30000000000000004,-0.8999999999999999,1345.2536752532408,1219.6949746385228,125.55870061471796,0,0
2024-10-15,Canada,Panama,0.2,0.5,0.6,1.3,1.2,1.5,-0.6,-0.19999999999999996,1869.9013047247895,1834.4281573660348,35.47314735875466,0,0
2024-10-15,Hong Kong,Cambodia,0.1,0.3,0.7,1.3,1.8,1.3,-1.1,0.0,1275.498455611412,1047.99815312336,227.50030248805206,0,0
2024-10-15,Comoros,Tunisia,0.6,0.3,1.7,0.5,0.7,0.4,1.0,0.09999999999999998,1483.347219189428,1757.4305237420622,-274.0833045526342,1,1
2024-10-15,Lesotho,Gabon,0.2,0.4,0.6,1.2,1.0,1.4,-0.4,-0.19999999999999996,1365.2070594403967,1545.8618708296733,-180.65481138927657,1,2
2024-10-15,Morocco,Central African Republic,0.7,0.4,2.1,2.1,0.5,1.9,1.6,0.20000000000000018,1875.0861117499437,1461.568820794989,413.51729095495466,0,0
2024-10-15,Mauritania,Egypt,0.2,0.5,0.4,2.0,1.3,1.1,-0.9,0.8999999999999999,1452.917223085144,1781.248532837802,-328.33130975265794,0,2
2024-10-15,Botswana,Cape Verde,0.4,0.5,1.0,0.9,1.5,1.0,-0.5,-0.09999999999999998,1445.1605367533252,1627.7409573312473,-182.58042057792204,0,0
2024-10-15,Rwanda,Benin,0.2,0.4,0.6,1.2,0.9,1.2,-0.30000000000000004,0.0,1424.3631463672796,1552.7147526526917,-128.35160628541212,0,0
2024-10-15,Sudan,Ghana,0.5,0.2,1.1,1.3,0.6,1.4,0.5000000000000001,-0.09999999999999987,1523.8380377221436,1604.7485709839314,-80.9105332617878,1,0
2024-10-15,Niger,Angola,0.2,0.6,0.8,1.2,1.2,0.4,-0.3999999999999999,0.7999999999999999,1351.0463811398142,1671.0259980038606,-319.9796168640464,1,2
2024-10-15,Barbados,Bahamas,0.3,0.1,1.8,1.6,3.2,3.6,-1.4000000000000001,-2.0,1180.2288494084137,1078.2880669362048,101.94078247220887,0,0
2024-10-15,Chad,Zambia,0.2,0.1,0.4,0.8,1.3,1.3,-0.9,-0.5,1296.8916767420144,1541.17021641163,-244.2785396696156,1,2
2024-10-15,Tanzania,DR Congo,0.3,0.5,0.7,1.0,0.7,0.4,0.0,0.6,1512.7864336820203,1697.3578459362425,-184.5714122542222,0,2
2024-10-15,Ethiopia,Guinea,0.1,0.5,0.5,2.0,1.4,1.2,-0.8999999999999999,0.8,1392.0023798514735,1593.289898314169,-201.28751846269552,1,2
2024-10-15,Guinea-Bissau,Mali,0.2,0.4,0.8,1.0,1.7,0.7,-0.8999999999999999,0.30000000000000004,1454.6847011526577,1702.395682426526,-247.71098127386836,0,1
2024-10-15,South Sudan,Uganda,0.1,0.5,0.5,1.1,1.4,1.3,-0.8999999999999999,-0.19999999999999996,1253.0034904317076,1512.057752026678,-259.0542615949703,0,2
2024-10-15,Congo,South Africa,0.2,0.3,0.8,1.9,2.4,1.1,-1.5999999999999999,0.7999999999999998,1376.0085214800758,1704.9034715889482,-328.8949501088723,0,1
2024-10-15,Malawi,Senegal,0.2,0.7,1.0,1.8,1.6,0.4,-0.6000000000000001,1.4,1423.296157093659,1869.177011269189,-445.88085417553,0,2
2024-10-15,Costa Rica,Guatemala,0.4,0.4,1.4,1.8,0.8,0.9,0.5999999999999999,0.9,1770.9091243620603,1661.317473339154,109.59165102290626,0,0
2024-10-15,Guadeloupe,Martinique,0.6,0.3,1.9,1.2,1.0,1.7,0.8999999999999999,-0.5,1513.4667179212563,1564.6787930586584,-51.21207513740205,0,1
2024-10-15,Suriname,Guyana,0.4,0.3,1.9,1.8,0.8,1.7,1.0999999999999999,0.10000000000000009,1518.9131765038155,1422.4708564178782,96.44232008593735,0,0
2024-10-15,Dominican Republic,Antigua and Barbuda,0.6,0.1,2.3,1.0,1.1,2.7,1.1999999999999997,-1.7000000000000002,1447.6704898926032,1158.102519128757,289.56797076384623,1,0
2024-10-15,Sierra Leone,Ivory Coast,0.2,0.8,1.1,1.8,2.0,0.6,-0.8999999999999999,1.2000000000000002,1426.0673894743163,1749.7653199801482,-323.6979305058319,1,0
2024-11-13,Namibia,Cameroon,0.1,0.5,0.4,1.6,1.5,1.1,-1.1,0.5,1456.7548485770571,1708.5979376127698,-251.84308903571264,1,1
2024-11-13,Liberia,Togo,0.3,0.1,0.9,0.8,0.9,1.6,0.0,-0.8,1394.4818497826734,1470.996353738852,-76.51450395617849,0,0
2024-11-13,Chad,Sierra Leone,0.2,0.2,0.4,1.0,1.3,2.0,-0.9,-1.0,1289.018187907133,1460.6948906789328,-171.67670277179968,1,1
2024-11-13,Bangladesh,Maldives,0.2,0.4,0.5,1.3,2.3,1.4,-1.7999999999999998,-0.09999999999999987,1104.291137358025,1093.327663926473,10.963473431552075,0,2
2024-11-13,Tajikistan,Nepal,0.1,0.1,0.5,0.4,1.2,2.2,-0.7,-1.8000000000000003,1428.239377866384,1102.9944575171787,325.24492034920536,0,0
2024-11-14,Solomon Islands,New Caledonia,0.3,0.7,1.7,3.1,1.4,0.7,0.30000000000000004,2.4000000000000004,1460.4012820242265,1578.8465626854236,-118.4452806611971,1,2
2024-11-14,Papua New Guinea,Fiji,0.3,0.6,1.2,2.3,1.7,0.9,-0.5,1.4,1403.1667254155857,1535.095752582319,-131.92902716673325,0,1
2024-11-14,North Korea,Iran,0.3,0.7,1.5,2.0,1.0,0.7,0.5,1.3,1529.963422741043,1923.063484035504,-393.10006129446106,1,2
2024-11-14,Qatar,Uzbekistan,0.6,0.7,2.0,1.6,1.5,0.5,0.5,1.1,1689.99693139774,1815.7707443923111,-125.77381299457124,0,0
2024-11-14,United Arab Emirates,Kyrgyzstan,0.4,0.3,1.6,1.4,0.9,1.3,0.7000000000000001,0.09999999999999987,1646.8701226548449,1445.2192081072951,201.65091454754975,0,0
2024-11-14,Iraq,Jordan,0.7,0.7,2.0,2.5,0.9,0.6,1.1,1.9,1770.61058763172,1748.350718867448,22.259868764271914,0,1
2024-11-14,Oman,Palestine,0.4,0.3,1.4,1.3,1.0,1.3,0.3999999999999999,0.0,1618.4714017188555,1532.2738444822926,86.19755723656294,0,0
2024-11-14,Bahrain,China,0.4,0.2,1.4,1.1,1.1,1.9,0.2999999999999998,-0.7999999999999998,1602.909271516209,1527.9294447538673,74.97982676234165,0,2
2024-11-14,Australia,Saudi Arabia,0.6,0.3,2.3,1.0,0.5,0.8,1.7999999999999998,0.19999999999999996,1851.8526571170917,1683.5486041140807,168.30405300301095,0,1
2024-11-14,Madagascar,Tunisia,0.3,0.3,1.0,0.6,0.9,0.4,0.09999999999999998,0.19999999999999996,1438.7533729761883,1744.2750967981833,-305.521723821995,1,2
2024-11-14,Lesotho,Central African Republic,0.2,0.4,0.6,2.0,1.2,2.1,-0.6,-0.10000000000000009,1349.5372805331426,1457.8599454367404,-108.3226649035978,1,0
2024-11-14,Rwanda,Libya,0.3,0.5,0.7,1.6,0.9,1.0,-0.20000000000000007,0.6000000000000001,1445.9915830530492,1485.7003841616,-39.70880110855069,0,2
2024-11-14,Benin,Nigeria,0.4,0.5,1.2,1.3,1.2,0.7,0.0,0.6000000000000001,1531.086315966922,1710.7454759189116,-179.65915995198952,1,1
2024-11-14,Equatorial Guinea,Algeria,0.5,0.6,1.2,2.2,0.8,1.2,0.3999999999999999,1.0000000000000002,1598.1736323124403,1794.450416697706,-196.27678438526573,0,1
2024-11-14,Niger,Sudan,0.2,0.6,0.8,1.3,1.1,0.4,-0.30000000000000004,0.9,1345.5735513259972,1560.7007988977198,-215.1272475717226,1,0
2024-11-14,South Sudan,Congo,0.0,0.2,0.5,0.8,1.6,2.3,-1.1,-1.4999999999999998,1241.5691973069092,1387.559975026979,-145.99077772006967,0,0
2024-11-14,Burundi,Malawi,0.3,0.2,1.2,0.9,2.2,1.6,-1.0000000000000002,-0.7000000000000001,1442.4678837637591,1418.490325263985,23.977558499774204,1,1
2024-11-14,Burkina Faso,Senegal,0.3,0.7,1.7,1.6,1.5,0.3,0.19999999999999996,1.3,1668.8636334636446,1873.9828430988632,-205.11920963521857,1,2
2024-11-14,Paraguay,Argentina,0.3,0.7,0.7,2.0,1.2,0.4,-0.5,1.6,1816.8999545132424,2209.504566408812,-392.60461189556963,0,0
2024-11-14,Ecuador,Bolivia,0.4,0.3,1.1,0.9,0.7,2.4,0.40000000000000013,-1.5,1949.6840148167223,1745.0703789111765,204.61363590554583,0,0
2024-11-14,Kuwait,South Korea,0.1,0.7,0.6,2.2,1.7,0.7,-1.1,1.5000000000000002,1458.4590184994715,1895.123263046296,-436.6642445468244,0,2
2024-11-14,Thailand,Lebanon,0.4,0.2,1.3,0.6,1.1,1.4,0.19999999999999996,-0.7999999999999999,1584.392940502167,1437.7915827680947,146.60135773407228,0,1
2024-11-14,Belgium,Italy,0.4,0.5,1.3,1.5,0.9,1.0,0.4,0.5,1973.603803877956,1990.0281816671031,-16.42437778914723,0,2
2024-11-14,France,Israel,0.5,0.2,1.3,1.3,0.8,2.3,0.5,-0.9999999999999998,2101.2298249737164,1599.361735695275,501.8680892784414,0,1
2024-11-14,Venezuela,Brazil,0.3,0.5,1.0,1.6,1.1,0.7,-0.10000000000000009,0.9000000000000001,1852.2461548188628,2084.6744906327644,-232.42833581390164,0,1
2024-11-14,Greece,England,0.7,0.5,2.1,1.5,0.5,0.9,1.6,0.6,1870.5371222937788,2036.3592023879169,-165.82208009413807,0,2
2024-11-14,Kazakhstan,Austria,0.2,0.5,0.9,2.1,2.1,1.2,-1.2000000000000002,0.9000000000000001,1502.2083898537114,1926.975845492022,-424.7674556383106,0,2
2024-11-14,Slovenia,Norway,0.3,0.4,1.0,1.7,0.8,1.5,0.19999999999999996,0.19999999999999996,1812.0671403855952,1797.5989877599925,14.46815262560267,0,2
2024-11-14,North Macedonia,Latvia,0.3,0.2,1.3,0.6,1.4,1.6,-0.09999999999999987,-1.0,1656.9942612759812,1358.3059220226878,298.6883392532934,0,0
2024-11-14,Armenia,Faroe Islands,0.2,0.1,1.1,0.9,1.5,1.4,-0.3999999999999999,-0.4999999999999999,1484.9612080661443,1295.2295778482037,189.73163021794062,0,2
2024-11-14,Montserrat,Saint Vincent and the Grenadines,0.3,0.4,1.0,1.8,2.3,1.8,-1.2999999999999998,0.0,1237.630088920582,1298.3832233093651,-60.75313438878311,1,2
2024-11-14,Republic of Ireland,Finland,0.2,0.3,0.5,1.5,1.4,2.2,-0.8999999999999999,-0.7000000000000002,1659.6387259216626,1629.8708371782516,29.76788874341105,0,0
2024-11-14,Belize,French Guiana,0.6,0.3,1.5,1.4,1.1,1.3,0.3999999999999999,0.09999999999999987,1272.020969936248,1460.991111896601,-188.97014196035298,0,0
2024-11-14,Saint Kitts and Nevis,Cuba,0.5,0.2,1.4,0.9,1.3,2.1,0.09999999999999987,-1.2000000000000002,1312.162239649134,1440.4396734735594,-128.27743382442532,0,0
2024-11-14,Costa Rica,Panama,0.5,0.5,1.6,1.4,0.5,1.6,1.1,-0.20000000000000018,1785.0162099165984,1828.1410963499288,-43.1248864333304,0,2
2024-11-14,Jamaica,United States,0.5,0.3,1.0,1.1,1.0,1.4,0.0,-0.2999999999999998,1723.6222979441484,1827.4461987996888,-103.82390085554039,0,2
2024-11-14,Hong Kong,Philippines,0.2,0.1,0.9,0.8,1.5,1.9,-0.6,-1.0999999999999999,1280.11102787209,1267.4648206349502,12.646207237139834,0,0
2024-11-14,Malaysia,Laos,0.3,0.1,1.0,0.6,1.9,2.3,-0.8999999999999999,-1.6999999999999997,1456.9084690197722,918.9418243509812,537.966644668791,1,0
2024-11-14,Malta,Liechtenstein,0.2,0.1,0.6,0.4,2.2,1.4,-1.6,-0.9999999999999999,1330.9574354540125,1043.8512196914176,287.10621576259496,0,0
2024-11-14,Singapore,Myanmar,0.3,0.2,1.1,1.0,2.8,2.9,-1.6999999999999997,-1.9,1272.9170988188416,1103.1469274259591,169.7701713928825,0,0
2024-11-14,El Salvador,Bonaire,0.5,0.3,1.5,1.1,1.2,1.3,0.30000000000000004,-0.19999999999999996,1536.6632490635216,1184.7602433209424,351.9030057425791,0,0
2024-11-15,Samoa,Tahiti,0.5,0.5,1.6,1.4,2.1,1.2,-0.5,0.19999999999999996,1232.6564570850958,1508.030170050832,-275.37371296573633,1,2
2024-11-15,New Zealand,Vanuatu,0.6,0.3,2.3,1.2,0.5,2.4,1.7999999999999998,-1.2,1789.2793228484647,1427.110883853399,362.1684389950658,0,0
2024-11-15,Indonesia,Japan,0.3,0.8,1.0,3.3,1.1,0.5,-0.10000000000000009,2.8,1498.218158116664,1977.0719190477475,-478.85376093108357,0,2
2024-11-15,Russia,Brunei,0.5,0.5,2.2,0.9,0.4,1.7,1.8000000000000003,-0.7999999999999999,1834.115890389901,915.5866430850136,918.5292473048875,0,0
2024-11-15,Gambia,Comoros,0.2,0.5,1.3,1.6,1.7,0.7,-0.3999999999999999,0.9000000000000001,1480.3177119712975,1496.5026461333068,-16.184934162009313,1,2
2024-11-15,Gabon,Morocco,0.5,0.8,1.3,2.4,1.3,0.4,0.0,2.0,1561.5316497369274,1878.794987108192,-317.26333737126447,0,2
2024-11-15,Botswana,Mauritania,0.5,0.2,1.1,0.2,1.2,1.1,-0.09999999999999987,-0.9000000000000001,1469.8267062133334,1444.4470342084433,25.379672004890153,0,1
2024-11-15,Eswatini,Guinea-Bissau,0.1,0.1,0.7,0.7,1.4,1.7,-0.7,-1.0,1311.6206773660765,1462.7098432216312,-151.0891658555547,1,1
2024-11-15,Angola,Ghana,0.6,0.2,1.1,1.3,0.4,1.6,0.7000000000000001,-0.30000000000000004,1676.4988278176777,1567.8858098083551,108.61301800932256,0,1
2024-11-15,Zambia,Ivory Coast,0.2,0.7,0.8,1.6,1.1,0.6,-0.30000000000000004,1.0,1549.043705246511,1715.137818775532,-166.0941135290209,0,0
2024-11-15,Mozambique,Mali,0.4,0.4,1.5,0.9,1.2,0.6,0.30000000000000004,0.30000000000000004,1542.9326637671852,1694.3705403575525,-151.4378765903673,0,2
2024-11-15,Zimbabwe,Kenya,0.3,0.2,0.9,1.2,1.0,1.2,-0.09999999999999998,0.0,1487.263707881364,1484.6323649948554,2.631342886508719,1,1
2024-11-15,Uganda,South Africa,0.6,0.3,1.3,2.0,1.1,1.2,0.19999999999999996,0.8,1523.4920451514763,1693.352018042045,-169.85997289056877,0,2
2024-11-15,Uruguay,Colombia,0.2,0.6,0.9,1.9,0.5,0.6,0.4,1.2999999999999998,1996.453492336287,2105.7877998668605,-109.3343075305736,0,0
2024-11-15,Cape Verde,Egypt,0.5,0.6,0.7,1.9,0.9,0.9,-0.20000000000000007,0.9999999999999999,1603.074787871239,1789.7187217145026,-186.64393384326354,0,1
2024-11-15,Peru,Chile,0.3,0.2,0.7,1.0,1.0,1.5,-0.30000000000000004,-0.5,1811.047232608629,1751.7675653562014,59.279667252427544,0,1
2024-11-15,Northern Ireland,Belarus,0.5,0.3,1.4,0.4,1.1,1.1,0.2999999999999998,-0.7000000000000001,1596.2209679684292,1518.22299062121,77.99797734721915,0,0
2024-11-15,Honduras,Mexico,0.4,0.4,2.0,0.9,1.4,1.0,0.6000000000000001,-0.09999999999999998,1654.1865400421486,1909.6633640021748,-255.4768239600262,0,0
2024-11-15,Suriname,Canada,0.5,0.3,2.3,0.8,0.8,0.9,1.4999999999999998,-0.09999999999999998,1534.9264059438312,1876.188365740896,-341.2619597970647,0,2
2024-11-15,Portugal,Poland,0.6,0.3,1.5,1.5,0.6,1.7,0.9,-0.19999999999999996,2035.510892338052,1788.420127595623,247.09076474242897,0,0
2024-11-15,Scotland,Croatia,0.1,0.5,1.0,1.9,1.7,1.5,-0.7,0.3999999999999999,1758.4089124993886,1965.1531258313528,-206.74421333196415,0,0
2024-11-15,Denmark,Spain,0.4,0.9,1.3,2.0,0.9,0.5,0.4,1.5,1912.93639851578,2216.4390414034315,-303.5026428876515,0,2
2024-11-15,Switzerland,Serbia,0.2,0.3,1.2,0.8,1.5,0.9,-0.30000000000000004,-0.09999999999999998,1887.9764201206065,1866.0125461369264,21.96387398368006,0,1
2024-11-15,Romania,Kosovo,0.5,0.5,1.5,1.2,0.8,1.1,0.7,0.09999999999999987,1782.7711902284288,1588.2788614833655,194.49232874506333,0,1
2024-11-15,Luxembourg,Bulgaria,0.2,0.2,0.6,0.8,1.4,1.1,-0.7999999999999999,-0.30000000000000004,1516.9059220855777,1528.217621122973,-11.311699037395329,0,2
2024-11-15,Cyprus,Lithuania,0.3,0.3,1.0,0.8,1.9,1.2,-0.8999999999999999,-0.3999999999999999,1343.4225661102478,1366.5338398970423,-23.111273786794527,0,0
2024-11-15,Saint Lucia,Grenada,0.4,0.1,1.2,0.6,1.6,2.3,-0.40000000000000013,-1.6999999999999997,1323.8282329888314,1255.2257465582302,68.60248643060118,1,2
2024-11-15,Curaçao,Saint Martin,0.5,0.6,2.0,2.9,1.0,1.4,1.0,1.5,1504.328679770803,1258.4495829515872,245.87909681921587,0,0
2024-11-15,Puerto Rico,Aruba,0.5,0.3,2.4,1.8,1.5,2.0,0.8999999999999999,-0.19999999999999996,1338.7163594447554,1179.829745638419,158.88661380633653,0,0
2024-11-15,Sint Maarten,Haiti,0.4,0.6,1.2,2.8,2.5,1.3,-1.3,1.4999999999999998,1259.7516587099622,1687.43639661103,-427.6847379010678,1,2
2024-11-15,Barbados,Guyana,0.4,0.2,2.3,1.3,2.9,2.2,-0.6000000000000001,-0.9000000000000001,1195.8620201781948,1406.4576269778624,-210.59560679966762,0,2
2024-11-15,Cayman Islands,Guadeloupe,0.4,0.6,1.1,1.7,1.8,0.7,-0.7,1.0,1089.287433331951,1511.025342329406,-421.73790899745495,0,2
2024-11-15,San Marino,Gibraltar,0.1,0.2,0.5,0.4,2.0,2.6,-1.5,-2.2,876.8910797948512,1157.8301809763063,-280.93910118145516,0,1
2024-11-16,Guinea,DR Congo,0.6,0.6,2.3,1.2,1.0,0.4,1.2999999999999998,0.7999999999999999,1610.0130969003371,1720.196252406248,-110.18315550591092,1,0
2024-11-16,Bermuda,Antigua and Barbuda,0.5,0.1,2.0,1.0,2.2,2.7,-0.20000000000000018,-1.7000000000000002,1352.758760451358,1146.9837448196922,205.77501563166584,1,0
2024-11-16,Ethiopia,Tanzania,0.1,0.3,0.5,0.7,1.6,0.6,-1.1,0.09999999999999998,1375.2791812653054,1489.9480272120147,-114.66884594670933,1,2
2024-11-16,Sri Lanka,Yemen,0.1,0.2,0.5,1.1,1.0,1.8,-0.5,-0.7,955.4903074966832,1259.3778324191092,-303.887524922426,1,0
2024-11-16,Nepal,Afghanistan,0.1,0.3,0.4,0.7,2.6,1.7,-2.2,-1.0,1100.009765954902,1303.8496269865786,-203.83986103167672,1,0
2024-11-16,Bangladesh,Maldives,0.2,0.4,0.4,1.1,2.3,1.4,-1.9,-0.2999999999999998,1091.2016884134316,1106.4171128710664,-15.215424457634754,0,0
2024-11-16,Dominican Republic,Dominica,0.6,0.4,2.3,1.5,0.9,2.3,1.4,-0.7999999999999998,1458.7892642016675,1212.1898894404055,246.59937476126197,0,0
2024-11-16,Andorra,Moldova,0.1,0.4,0.3,1.1,1.6,1.3,-1.3,-0.19999999999999996,1144.878173707565,1397.0538117112733,-252.17563800370817,0,2
2024-11-16,Georgia,Ukraine,0.4,0.3,1.3,1.2,1.2,1.3,0.10000000000000009,-0.10000000000000009,1756.0852267777964,1838.7180862973687,-82.63285951957232,0,1
2024-11-16,Azerbaijan,Estonia,0.3,0.2,1.2,1.1,2.2,2.3,-1.0000000000000002,-1.1999999999999997,1473.300007270462,1430.3893064270032,42.9107008434587,0,1
2024-11-16,Turkey,Wales,0.6,0.3,1.7,1.1,1.3,1.0,0.3999999999999999,0.10000000000000009,1884.2199632766703,1762.2646752725484,121.95528800412194,0,1
2024-11-16,Montenegro,Iceland,0.3,0.5,0.8,1.6,1.4,1.6,-0.5999999999999999,0.0,1561.22641811621,1616.5157265705714,-55.28930845436139,0,2
2024-11-16,Albania,Czech Republic,0.4,0.5,1.2,2.1,1.1,1.5,0.09999999999999987,0.6000000000000001,1703.640642455401,1791.6074030325271,-87.96676057712625,0,1
2024-11-16,Netherlands,Hungary,0.4,0.4,1.8,1.1,1.3,1.3,0.5,-0.19999999999999996,2009.4237538495213,1835.8154272727995,173.60832657672177,0,0
2024-11-16,Germany,Bosnia and Herzegovina,0.7,0.0,2.3,0.6,0.8,2.6,1.4999999999999998,-2.0,2029.4494124390528,1523.0494856727414,506.3999267663114,0,0
2024-11-16,Sweden,Slovakia,0.6,0.6,1.9,2.0,1.4,0.8,0.5,1.2,1775.6955508506794,1768.392141817067,7.303409033612297,0,0
2024-11-17,El Salvador,Montserrat,0.6,0.3,1.6,1.1,0.9,2.2,0.7000000000000001,-1.1,1539.0800257899757,1223.159354421094,315.9206713688818,0,0
2024-11-17,Togo,Equatorial Guinea,0.1,0.4,0.7,0.8,1.6,0.8,-0.9000000000000001,0.0,1452.3462321866127,1603.5781384273212,-151.23190624070844,0,0
2024-11-17,Algeria,Liberia,0.6,0.4,2.0,1.0,1.0,0.8,1.0,0.19999999999999996,1789.0459105828254,1413.1319713349126,375.9139392479128,0,0
2024-11-17,Papua New Guinea,Solomon Islands,0.2,0.2,1.2,0.8,2.0,1.7,-0.8,-0.8999999999999999,1404.999551188752,1446.9671254223629,-41.967574233610776,0,2
2024-11-17,Fiji,New Caledonia,0.6,0.7,2.5,3.2,1.0,0.9,1.5,2.3000000000000003,1533.2629268091523,1592.2807192872872,-59.01779247813488,1,1
2024-11-17,Thailand,Laos,0.4,0.1,1.3,0.7,1.1,2.5,0.19999999999999996,-1.8,1578.2875784993705,917.6446223128607,660.6429561865098,0,1
2024-11-17,Latvia,Armenia,0.2,0.2,0.6,1.0,1.5,1.5,-0.9,-0.5,1355.102195909543,1455.5161910623654,-100.41399515282228,0,2
2024-11-17,Saint Vincent and the Grenadines,Bonaire,0.5,0.3,1.8,1.0,1.6,1.2,0.19999999999999996,-0.19999999999999996,1312.853957808853,1182.3434665944883,130.51049121436472,1,0
2024-11-17,Austria,Slovenia,0.5,0.2,2.1,0.9,1.1,1.1,1.0,-0.20000000000000007,1933.9897523908128,1771.7021434170667,162.28760897374605,0,1
2024-11-17,Norway,Kazakhstan,0.4,0.1,1.9,0.6,1.6,2.2,0.2999999999999998,-1.6,1837.9639847285207,1495.1944829549209,342.7695017735998,0,0
2024-11-17,Finland,Greece,0.2,0.6,1.1,1.9,2.3,0.8,-1.1999999999999997,1.0999999999999999,1618.6192310431247,1845.6456328796623,-227.02640183653762,0,2
2024-11-17,England,Republic of Ireland,0.6,0.3,1.7,0.6,0.8,1.3,0.8999999999999999,-0.7000000000000001,2061.250691802033,1670.8903320567897,390.3603597452434,0,0
2024-11-17,Italy,France,0.6,0.4,1.6,1.2,1.0,0.8,0.6000000000000001,0.3999999999999999,2011.6584469449936,2084.791567747271,-73.13312080227752,0,2
2024-11-17,Israel,Belgium,0.2,0.3,1.2,1.1,2.2,1.0,-1.0000000000000002,0.10000000000000009,1615.7999929217203,1951.9735386000648,-336.17354567834445,1,0
2024-11-17,North Macedonia,Faroe Islands,0.4,0.2,1.2,1.0,0.9,1.2,0.29999999999999993,-0.19999999999999996,1660.197987389126,1324.6745948519829,335.5233925371431,0,0
2024-11-18,Central African Republic,Gabon,0.4,0.4,1.8,1.2,1.8,1.7,0.0,-0.5,1431.8188761336964,1544.837814222942,-113.01893808924547,1,2
2024-11-18,Singapore,Taiwan,0.4,0.2,1.4,1.2,2.8,2.3,-1.4,-1.0999999999999999,1276.4103918212825,1084.3991888911703,192.01120293011218,0,2
2024-11-18,Tahiti,Vanuatu,0.6,0.3,1.7,1.2,1.2,3.1,0.5,-1.9000000000000001,1519.9346029867388,1421.2296076250757,98.70499536166312,1,0
2024-11-18,New Zealand,Samoa,0.7,0.5,3.1,1.5,0.5,2.2,2.6,-0.7000000000000002,1795.1605990767882,1220.7520241491889,574.4085749275994,0,0
2024-11-18,Tunisia,Gambia,0.4,0.2,0.8,1.4,0.5,1.7,0.30000000000000004,-0.30000000000000004,1750.1531035794787,1461.24871832309,288.90438525638865,0,2
2024-11-18,Comoros,Madagascar,0.5,0.3,1.4,1.1,0.6,1.0,0.7999999999999999,0.10000000000000009,1515.5716397815145,1432.8753661948929,82.6962735866216,1,0
2024-11-18,Ghana,Niger,0.2,0.2,1.3,0.9,1.5,1.1,-0.19999999999999996,-0.20000000000000007,1578.6330122188165,1403.7195893726594,174.91342284615712,0,2
2024-11-18,Nigeria,Rwanda,0.4,0.3,1.2,0.7,0.8,0.8,0.3999999999999999,-0.10000000000000009,1701.2362924634783,1422.5553656307568,278.6809268327215,0,2
2024-11-18,Libya,Benin,0.6,0.4,1.6,1.2,0.9,1.1,0.7000000000000001,0.09999999999999987,1509.1366015838923,1540.595499422355,-31.45889783846269,0,1
2024-11-18,United States,Jamaica,0.3,0.4,1.0,0.9,1.4,1.1,-0.3999999999999999,-0.20000000000000007,1844.753600327125,1706.314896416712,138.4387039104131,0,0
2024-11-18,Sudan,Angola,0.6,0.5,1.2,0.9,0.7,0.5,0.5,0.4,1502.5547608510576,1665.7516254072164,-163.19686455615874,1,1
2024-11-18,Malawi,Burkina Faso,0.2,0.3,0.9,1.5,1.6,1.4,-0.7000000000000001,0.10000000000000009,1419.8683973554464,1659.4670183217709,-239.59862096632446,0,0
2024-11-18,Morocco,Lesotho,0.8,0.3,2.8,0.7,0.5,1.0,2.3,-0.30000000000000004,1895.4888226221772,1375.5783498361866,519.9104727859906,0,0
2024-11-18,Panama,Costa Rica,0.5,0.5,1.3,1.6,1.6,0.6,-0.30000000000000004,1.0,1848.480523640986,1764.6767826255411,83.80374101544476,0,1
2024-11-18,India,Malaysia,0.0,0.4,0.3,1.3,1.4,1.6,-1.0999999999999999,-0.30000000000000004,1320.488947484332,1458.2056710578925,-137.71672357356056,0,1
2024-11-18,Puerto Rico,Haiti,0.5,0.7,2.6,3.6,1.4,1.3,1.2000000000000002,2.3,1350.7835522767195,1693.9674412565184,-343.1838889797989,0,2
2024-11-18,Croatia,Portugal,0.4,0.6,1.5,1.7,1.4,0.7,0.10000000000000009,1.0,1942.4395403308083,2043.3472711333052,-100.90773080249687,0,1
2024-11-18,Poland,Scotland,0.3,0.2,1.6,1.1,2.2,1.6,-0.6000000000000001,-0.5,1780.5837488003692,1781.122497999933,-0.5387491995638811,0,2
2024-11-18,Cuba,Saint Kitts and Nevis,0.2,0.6,1.0,1.6,2.3,1.4,-1.2999999999999998,0.20000000000000018,1421.518502666437,1331.0834104562566,90.4350922101803,0,0
2024-11-18,Spain,Switzerland,0.9,0.2,2.1,1.2,0.6,1.5,1.5,-0.30000000000000004,2224.719762043896,1882.07370920711,342.6460528367861,0,0
2024-11-18,Kosovo,Lithuania,0.4,0.3,1.1,0.9,1.1,1.2,0.0,-0.29999999999999993,1600.3507554941914,1352.8446424084505,247.50611308574094,0,0
2024-11-18,Romania,Cyprus,0.5,0.4,1.5,1.1,0.8,1.7,0.7,-0.5999999999999999,1770.6992962176032,1357.1117635988396,413.5875326187636,0,0
2024-11-18,Serbia,Denmark,0.2,0.3,0.8,1.2,1.0,1.0,-0.19999999999999996,0.19999999999999996,1871.9152570504227,1904.6556778753152,-32.74042082489245,0,1
2024-11-18,Bulgaria,Belarus,0.3,0.2,0.7,0.3,0.9,1.3,-0.20000000000000007,-1.0,1550.0902033722732,1504.356437627764,45.73376574450913,0,1
2024-11-18,Liechtenstein,San Marino,0.1,0.1,0.4,0.5,1.4,1.8,-0.9999999999999999,-1.3,1040.9342512144538,885.2614232236,155.67282799085376,0,2
2024-11-18,Grenada,Saint Martin,0.2,0.5,1.0,2.6,1.9,1.7,-0.8999999999999999,0.9000000000000001,1294.4342925083174,1250.0393023922943,44.39499011602311,1,2
2024-11-18,Saint Lucia,Curaçao,0.3,0.6,1.0,2.4,1.9,0.8,-0.8999999999999999,1.5999999999999999,1284.619687038744,1512.738960330096,-228.1192732913521,0,2
2024-11-18,Aruba,Sint Maarten,0.2,0.4,1.6,1.1,2.4,2.8,-0.7999999999999998,-1.6999999999999997,1167.7625528064546,1253.2206140644737,-85.45806125801914,1,2
2024-11-18,Luxembourg,Northern Ireland,0.2,0.6,0.6,1.6,1.4,0.7,-0.7999999999999999,0.9000000000000001,1495.0333398362773,1610.087520961875,-115.05418112559778,0,1
2024-11-19,North Korea,Uzbekistan,0.2,0.6,1.1,1.6,1.2,0.7,-0.09999999999999987,0.9000000000000001,1526.1936049085466,1794.2898000597395,-268.0961951511929,1,2
2024-11-19,China,Japan,0.3,0.8,1.2,3.4,1.9,0.4,-0.7,3.0,1557.2288261648628,1984.68312198464,-427.45429581977714,0,2
2024-11-19,Egypt,Botswana,0.6,0.4,1.8,1.0,0.8,1.2,1.0,-0.19999999999999996,1784.8319821956457,1462.9070737296292,321.9249084660164,0,1
2024-11-19,Indonesia,Saudi Arabia,0.3,0.3,1.0,1.0,1.1,0.8,-0.10000000000000009,0.19999999999999996,1490.6069551797714,1696.5132190217776,-205.90626384200618,0,0
2024-11-19,Bahrain,Australia,0.3,0.5,1.3,1.9,1.2,0.5,0.10000000000000009,1.4,1573.6098901052137,1838.8880422093944,-265.27815210418066,0,1
2024-11-19,Palestine,South Korea,0.2,0.7,1.0,2.3,1.4,0.7,-0.3999999999999999,1.5999999999999999,1522.0717061730438,1902.675359405779,-380.60365323273527,1,1
2024-11-19,Oman,Iraq,0.5,0.6,1.5,1.7,1.0,0.7,0.5,1.0,1628.6735400281043,1763.8495363182874,-135.1759962901831,0,2
2024-11-19,United Arab Emirates,Qatar,0.5,0.6,1.8,2.0,0.7,1.5,1.1,0.5,1657.353700599749,1711.477875730311,-54.12417513056221,0,0
2024-11-19,Kyrgyzstan,Iran,0.3,0.7,1.4,2.1,1.4,0.8,0.0,1.3,1434.735630162391,1926.8333018680005,-492.0976717056094,0,2
2024-11-19,Kuwait,Jordan,0.1,0.6,0.6,2.2,1.7,0.6,-1.1,1.6,1450.9069221399886,1755.1117701808805,-304.2048480408919,0,1
2024-11-19,Mauritania,Cape Verde,0.1,0.4,0.2,0.7,1.2,1.0,-1.0,-0.30000000000000004,1451.3666666921474,1607.961527390096,-156.59486069794866,0,0
2024-11-19,Canada,Suriname,0.4,0.5,0.9,2.3,0.9,0.8,0.0,1.4999999999999998,1883.1742581508208,1527.940513533906,355.2337446169149,0,0
2024-11-19,Sierra Leone,Zambia,0.2,0.3,1.1,0.8,2.1,1.0,-1.0,-0.19999999999999996,1451.5452013553274,1572.803147109002,-121.25794575367468,1,2
2024-11-19,DR Congo,Ethiopia,0.6,0.1,1.1,0.5,0.4,1.8,0.7000000000000001,-1.3,1694.058014017876,1354.835976324739,339.22203769313705,0,2
2024-11-19,Tanzania,Guinea,0.4,0.6,0.8,2.3,0.5,1.0,0.30000000000000004,1.2999999999999998,1510.391232152581,1636.151335288709,-125.76010313612801,0,0
2024-11-19,Mali,Eswatini,0.5,0.1,1.0,0.8,0.6,1.4,0.4,-0.5999999999999999,1711.4309840594192,1319.8083340927462,391.62264996667295,0,0
2024-11-19,Guinea-Bissau,Mozambique,0.1,0.4,0.6,1.4,1.2,1.2,-0.6,0.19999999999999996,1454.5221864949613,1525.8722200653183,-71.35003357035703,0,2
2024-11-19,Cameroon,Zimbabwe,0.5,0.3,1.5,0.9,1.0,0.9,0.5,0.0,1696.199691113579,1487.1122385048025,209.08745260877663,0,0
2024-11-19,Kenya,Namibia,0.2,0.0,1.3,0.3,1.2,1.5,0.10000000000000009,-1.2,1484.7838343714168,1469.1530950762476,15.630739295169178,1,1
2024-11-19,South Africa,South Sudan,0.4,0.1,2.1,0.8,1.1,1.4,1.0,-0.5999999999999999,1717.3998242624525,1264.2012837490247,453.1985405134278,0,0
2024-11-19,Congo,Uganda,0.1,0.6,0.9,1.2,2.6,1.1,-1.7000000000000002,0.09999999999999987,1364.9278885848637,1499.4442389310689,-134.51635034620517,0,2
2024-11-19,Senegal,Burundi,0.7,0.3,1.5,1.2,0.3,1.9,1.2,-0.7,1883.379458240737,1441.089811672298,442.2896465684389,0,0
2024-11-19,Brazil,Uruguay,0.4,0.2,1.4,0.7,0.6,0.7,0.7999999999999999,0.0,2077.4002124667995,2016.990689027691,60.409523439108625,0,1
2024-11-19,Ivory Coast,Chad,0.6,0.2,1.5,0.4,0.7,1.1,0.8,-0.7000000000000001,1691.378376913041,1298.167877230739,393.21049968230204,0,0
2024-11-19,Chile,Venezuela,0.1,0.3,0.7,1.0,1.5,1.0,-0.8,0.0,1760.3438646247166,1859.520432984828,-99.17656836011133,0,0
2024-11-19,Guadeloupe,Cayman Islands,0.6,0.4,2.1,0.9,0.6,2.2,1.5,-1.3000000000000003,1521.1128065342862,1079.1999691270707,441.9128374072154,0,0
2024-11-19,Colombia,Ecuador,0.5,0.4,1.9,1.2,0.8,0.6,1.0999999999999999,0.6,2085.250603175456,1960.7545144201836,124.49608875527247,0,2
2024-11-19,Bosnia and Herzegovina,Netherlands,0.0,0.4,0.6,2.0,2.8,1.2,-2.1999999999999997,0.8,1520.7202597467792,2020.6786039234848,-499.9583441767056,0,1
2024-11-19,Hungary,Germany,0.3,0.7,0.9,2.8,1.7,0.7,-0.7999999999999999,2.0999999999999996,1824.560577198836,2031.778638365015,-207.21806116617904,0,1
2024-11-19,Albania,Ukraine,0.4,0.3,1.2,1.3,1.0,1.4,0.19999999999999996,-0.09999999999999987,1703.0347818633363,1839.5921247904064,-136.55734292707007,0,2
2024-11-19,Czech Republic,Georgia,0.4,0.4,1.9,1.4,1.4,1.3,0.5,0.09999999999999987,1792.2132636245915,1755.2111882847594,37.00207533983212,0,0
2024-11-19,Wales,Iceland,0.3,0.5,1.0,1.7,0.9,1.6,0.09999999999999998,0.09999999999999987,1772.1365705072774,1646.125254342198,126.01131616507928,0,0
2024-11-19,Argentina,Peru,0.6,0.2,1.9,0.3,0.6,0.9,1.2999999999999998,-0.6000000000000001,2175.765286403696,1802.4709333401136,373.2943530635823,0,0
2024-11-19,Slovakia,Estonia,0.5,0.2,1.7,1.0,1.0,2.1,0.7,-1.1,1756.1313812394694,1437.2073315761013,318.9240496633681,0,0
2024-11-19,Sweden,Azerbaijan,0.6,0.2,1.9,0.9,1.5,2.2,0.3999999999999999,-1.3000000000000003,1787.956311428277,1466.481982121364,321.4743293069132,0,0
2024-11-19,Malta,Andorra,0.3,0.1,0.8,0.3,1.8,1.6,-1.0,-1.3,1333.874403930976,1134.5878679959817,199.2865359349944,0,1
2024-11-19,Antigua and Barbuda,Dominica,0.0,0.3,0.7,1.3,2.8,2.9,-2.0999999999999996,-1.5999999999999999,1138.7854304188315,1203.8102420834257,-65.02481166459415,1,1
2024-11-19,Dominican Republic,Bermuda,0.7,0.5,2.8,1.9,0.8,2.2,1.9999999999999998,-0.30000000000000027,1467.1689115586478,1360.9570748522187,106.21183670642904,0,0
2024-11-19,Montenegro,Turkey,0.2,0.6,0.6,1.6,1.6,1.1,-1.0,0.5,1531.6168903445832,1874.3480680419411,-342.7311776973579,0,0
2024-11-19,Bolivia,Paraguay,0.3,0.4,0.9,0.9,2.7,1.3,-1.8000000000000003,-0.4,1733.9998793077154,1850.6392345183588,-116.63935521064332,0,1
2024-11-19,Guyana,Barbados,0.3,0.4,1.7,2.4,2.2,2.8,-0.5000000000000002,-0.3999999999999999,1427.6505301290954,1174.669117026962,252.98141310213327,0,0
2024-11-19,Mexico,Honduras,0.4,0.5,0.9,2.2,1.0,1.2,-0.09999999999999998,1.0000000000000002,1872.392553166154,1691.4573508781696,180.93520228798434,0,0
2024-11-19,Gibraltar,Moldova,0.2,0.5,0.5,1.1,1.3,1.2,-0.8,-0.09999999999999987,1149.4598375475575,1407.3441174228572,-257.8842798752996,0,1
2024-11-19,Hong Kong,Mauritius,0.3,0.2,1.2,0.7,1.5,1.3,-0.30000000000000004,-0.6000000000000001,1290.4112378619106,1213.8858188738252,76.52541898808545,0,0
2024-11-19,Myanmar,Lebanon,0.1,0.2,0.7,0.6,3.1,1.3,-2.4000000000000004,-0.7000000000000001,1099.6536344235185,1443.8969447708914,-344.2433103473729,0,2
2024-11-19,Russia,Syria,0.6,0.5,2.4,1.7,0.5,1.0,1.9,0.7,1834.1725761811863,1571.1720532999032,263.00052288128313,0,0
2024-11-19,Sri Lanka,Yemen,0.2,0.2,0.6,0.9,0.7,1.6,-0.09999999999999998,-0.7000000000000001,972.5276407318923,1242.3404991839002,-269.81285845200784,1,2
2024-11-19,Tajikistan,Afghanistan,0.2,0.3,0.8,0.6,1.1,1.8,-0.30000000000000004,-1.2000000000000002,1431.2240694286609,1280.9368746357045,150.28719479295637,0,0
2024-11-19,French Guiana,Belize,0.3,0.6,1.5,1.6,1.5,1.2,0.0,0.40000000000000013,1439.1052225579824,1293.9068592748667,145.19836328311567,1,1
2024-12-08,Hong Kong,Mongolia,0.4,0.3,1.3,0.8,1.2,1.9,0.10000000000000009,-1.0999999999999999,1295.726751284473,1022.5258928645036,273.20085841996945,0,0
2024-12-08,Timor-Leste,Thailand,0.3,0.4,0.9,1.4,2.1,1.2,-1.2000000000000002,0.19999999999999996,905.4508235844136,1568.5353259754168,-663.0845023910032,1,2
2024-12-08,Cambodia,Malaysia,0.2,0.4,0.9,1.4,1.6,1.6,-0.7000000000000001,-0.20000000000000018,1043.385580862682,1457.1243408811729,-413.7387600184909,0,1
2024-12-09,Myanmar,Indonesia,0.1,0.3,0.9,1.1,3.4,1.1,-2.5,0.0,1095.7162487559283,1529.4785505410166,-433.7623017850883,0,2
2024-12-09,Laos,Vietnam,0.1,0.1,0.8,1.0,2.0,2.3,-1.2,-1.2999999999999998,927.3968748368144,1396.8725643282564,-469.47568949144204,0,2
2024-12-09,Solomon Islands,Vanuatu,0.2,0.3,0.8,1.2,1.8,3.2,-1.0,-2.0,1470.277016303481,1399.5303555030946,70.74666080038651,0,0
2024-12-11,Taiwan,Mongolia,0.3,0.2,1.4,0.6,2.2,2.2,-0.8000000000000003,-1.6,1101.2597988605744,1015.2116899215264,86.048108939048,1,0
2024-12-11,Singapore,Cambodia,0.3,0.2,1.3,1.1,3.0,1.8,-1.7,-0.7,1259.5497818518784,1054.1520057962323,205.3977760556461,0,0
2024-12-11,Malaysia,Timor-Leste,0.4,0.3,1.3,0.9,1.5,2.8,-0.19999999999999996,-1.9,1446.3579159476224,903.7561295782692,542.6017863693531,0,0
2024-12-12,Indonesia,Laos,0.3,0.1,0.9,0.9,1.1,1.9,-0.20000000000000007,-0.9999999999999999,1533.310083208005,921.8049837840188,611.5050994239862,0,1
2024-12-12,Fiji,Vanuatu,0.5,0.3,2.4,1.1,1.1,3.2,1.2999999999999998,-2.1,1536.6279603934586,1385.2336932850806,151.39426710837802,1,1
2024-12-12,Philippines,Myanmar,0.1,0.1,0.9,0.9,2.0,3.0,-1.1,-2.1,1257.1646106451296,1091.88471608894,165.27989455618967,0,1
2024-12-14,Macau,Guam,0.1,0.0,0.2,0.6,2.0,2.6,-1.8,-2.0,863.2143282316396,961.5210213028612,-98.30669307122162,1,2
2024-12-14,Hong Kong,Taiwan,0.5,0.3,1.6,1.4,1.0,2.2,0.6000000000000001,-0.8000000000000003,1303.0409542274504,1129.6576578071497,173.38329642030067,0,0
2024-12-14,Timor-Leste,Singapore,0.3,0.3,1.0,1.3,2.9,3.0,-1.9,-1.7,903.0316923073788,1263.9609708577104,-360.9292785503317,1,2
2024-12-14,Thailand,Malaysia,0.5,0.5,2.3,1.6,1.0,1.5,1.2999999999999998,0.10000000000000009,1570.230019981561,1447.082353218513,123.14766676304816,0,0
2024-12-15,Papua New Guinea,Fiji,0.2,0.4,1.2,2.0,2.1,1.1,-0.9000000000000001,0.8999999999999999,1381.6896603076336,1530.4762571108497,-148.78659680321607,1,1
2024-12-15,Laos,Philippines,0.1,0.1,1.2,0.9,2.0,2.0,-0.8,-1.1,936.3138611618274,1247.5172773454317,-311.2034161836043,0,1
2024-12-15,Vietnam,Indonesia,0.2,0.3,1.2,1.2,2.0,1.4,-0.8,-0.19999999999999996,1402.4644553810515,1518.8012058301963,-116.3367504491448,0,0
2024-12-17,Cambodia,Timor-Leste,0.2,0.3,1.2,0.8,1.9,2.6,-0.7,-1.8,1049.7408167904002,897.1891977198098,152.5516190705904,0,0
2024-12-17,Singapore,Thailand,0.3,0.6,1.5,2.3,3.0,0.9,-1.5,1.4,1269.8034654452792,1576.7333659142616,-306.9299004689824,0,2
2024-12-17,Hong Kong,Guam,0.6,0.1,1.8,0.7,0.8,2.4,1.0,-1.7,1309.9084188298525,976.0083688792516,333.9000499506009,0,0
2024-12-18,Myanmar,Laos,0.1,0.1,0.9,1.1,2.5,1.9,-1.6,-0.7999999999999998,1101.532049388638,944.4534871316172,157.07856225702074,0,0
2024-12-18,Philippines,Vietnam,0.1,0.3,1.0,1.3,2.0,1.9,-1.0,-0.5999999999999999,1239.3776513756418,1418.1692502444248,-178.791598868783,0,1
2024-12-18,Solomon Islands,Papua New Guinea,0.3,0.1,1.0,1.0,1.7,2.2,-0.7,-1.2000000000000002,1484.5736785214954,1387.7474295872291,96.82624893426623,0,2
2024-12-20,Thailand,Cambodia,0.7,0.3,2.7,1.4,0.8,1.8,1.9000000000000001,-0.40000000000000013,1587.2204898544865,1055.4233213772338,531.7971684772526,0,0
2024-12-20,Malaysia,Singapore,0.5,0.3,1.6,1.7,1.4,2.9,0.20000000000000018,-1.2,1440.5790072858124,1259.3163415050544,181.26266578075797,0,1
2024-12-21,Solomon Islands,Fiji,0.2,0.3,1.0,1.2,1.9,1.1,-0.8999999999999999,0.09999999999999987,1461.881788160882,1524.4184878312542,-62.53669967037217,0,2
2024-12-21,Qatar,United Arab Emirates,0.5,0.6,1.7,2.2,1.9,0.6,-0.19999999999999996,1.6,1676.729042829126,1692.1025335009342,-15.373490671808213,1,1
2024-12-21,Vanuatu,Papua New Guinea,0.3,0.2,1.2,1.3,2.7,2.2,-1.5000000000000002,-0.9000000000000001,1391.3853965676894,1410.4393199478425,-19.053923380153037,1,2
2024-12-21,Indonesia,Philippines,0.3,0.1,1.2,1.1,1.3,1.6,-0.10000000000000009,-0.5,1503.0964109668232,1242.722217459013,260.3741935078101,0,2
2024-12-21,Vietnam,Myanmar,0.3,0.2,1.2,1.1,1.7,2.6,-0.5,-1.5,1414.8246841610537,1107.0954920469394,307.7291921141143,0,0
2024-12-21,Kuwait,Oman,0.1,0.5,0.7,1.4,1.6,1.0,-0.9000000000000001,0.3999999999999999,1461.4724139132084,1610.6915426871233,-149.21912877391492,0,1
2024-12-22,Iraq,Yemen,0.7,0.3,1.6,1.1,0.4,1.1,1.2000000000000002,0.0,1781.8315336592684,1247.5793760774775,534.2521575817909,1,0
2024-12-22,Saudi Arabia,Bahrain,0.3,0.3,0.9,1.4,0.9,1.1,0.0,0.2999999999999998,1657.6416236605323,1582.4658966649283,75.17572699560401,1,2
2024-12-24,Oman,Qatar,0.4,0.4,1.3,1.5,1.1,2.0,0.19999999999999996,-0.5,1608.5806839574116,1677.3923369378235,-68.81165298041196,1,0
2024-12-24,Kuwait,United Arab Emirates,0.1,0.5,0.8,2.1,1.4,0.6,-0.5999999999999999,1.5,1463.58327264292,1691.4392393922367,-227.85596674931662,0,0
2024-12-25,Yemen,Saudi Arabia,0.2,0.2,0.8,1.0,1.2,1.2,-0.3999999999999999,-0.19999999999999996,1246.2553755160634,1639.4457458149675,-393.1903702989041,1,2
2024-12-25,Bahrain,Iraq,0.3,0.7,1.2,1.6,1.3,0.4,-0.10000000000000009,1.2000000000000002,1600.661774510493,1783.1555342206825,-182.49375971018958,1,0
2024-12-26,Singapore,Vietnam,0.3,0.4,1.6,1.7,2.6,1.6,-1.0,0.09999999999999987,1269.356379791623,1420.0625831802893,-150.70620338866615,0,2
2024-12-27,Philippines,Thailand,0.2,0.8,1.0,2.9,1.3,0.9,-0.30000000000000004,2.0,1269.374156700036,1587.990222431659,-318.61606573162294,0,0
2024-12-27,Kuwait,Qatar,0.2,0.3,0.9,1.4,1.3,2.1,-0.4,-0.7000000000000002,1483.8668766467,1659.4597439183797,-175.59286727167978,0,1
2024-12-27,United Arab Emirates,Oman,0.4,0.4,1.9,1.3,0.8,1.2,1.0999999999999999,0.10000000000000009,1671.1556353884566,1626.5132769768554,44.64235841160121,1,1
2024-12-28,Iraq,Saudi Arabia,0.6,0.3,1.1,1.2,0.6,1.3,0.5000000000000001,-0.10000000000000009,1749.816183605924,1642.271778161014,107.5444054449099,1,2
2024-12-28,Bahrain,Yemen,0.3,0.2,1.1,0.9,1.3,1.4,-0.19999999999999996,-0.4999999999999999,1634.0011251252515,1243.429343170017,390.5717819552344,1,2
2024-12-29,Vietnam,Singapore,0.5,0.3,1.9,1.4,1.3,2.6,0.5999999999999999,-1.2000000000000002,1439.3019563404337,1250.117006631479,189.18494970895472,0,0
2024-12-30,Thailand,Philippines,0.7,0.3,2.7,1.2,1.0,1.2,1.7000000000000002,0.0,1564.6274203169933,1292.736958814702,271.8904615022914,0,0
2024-12-31,Oman,Saudi Arabia,0.3,0.3,1.1,1.2,1.3,1.4,-0.19999999999999996,-0.19999999999999996,1628.4301052026565,1671.5221482817394,-43.09204307908294,1,0
2024-12-31,Kuwait,Bahrain,0.2,0.3,1.0,1.2,1.4,1.5,-0.3999999999999999,-0.30000000000000004,1487.0799419635694,1606.8659803996725,-119.78603843610313,0,2
2025-01-02,Vietnam,Thailand,0.5,0.7,1.9,2.8,1.2,1.0,0.7,1.7999999999999998,1446.4630062881893,1569.361265058204,-122.89825877001476,0,0
2025-01-03,Zanzibar,Tanzania,0.4,0.5,1.2,0.9,1.4,0.5,-0.19999999999999996,0.4,1511.3838112778317,1531.8713916071597,-20.48758032932801,0,0
2025-01-04,Oman,Bahrain,0.4,0.4,1.2,1.2,1.3,1.4,-0.10000000000000009,-0.19999999999999996,1645.2810568104594,1621.0126707284826,24.268386081976814,1,2
2025-01-04,Burkina Faso,Kenya,0.3,0.2,1.5,1.1,1.5,1.0,0.0,0.10000000000000009,1611.1150221432551,1483.8846632479313,127.23035889532389,1,1
2025-01-05,Thailand,Vietnam,0.6,0.6,2.6,2.0,1.1,1.0,1.5,1.0,1553.3740966547236,1462.4501746916696,90.923921963054,0,2
2025-01-06,Zanzibar,Burkina Faso,0.5,0.3,1.3,1.5,1.2,1.4,0.10000000000000009,0.10000000000000009,1523.0096857570052,1605.855091615863,-82.84540585885793,0,2
2025-01-07,Tanzania,Kenya,0.5,0.2,0.9,1.1,0.5,0.9,0.4,0.20000000000000007,1520.245517127986,1489.1445937753233,31.100923352662676,1,2
2025-01-09,Tanzania,Burkina Faso,0.4,0.4,0.6,1.5,0.7,1.2,-0.09999999999999998,0.30000000000000004,1495.7367774475376,1621.5951137159034,-125.85833626836575,1,2
2025-01-10,Zanzibar,Kenya,0.5,0.2,1.3,0.8,1.2,0.9,0.10000000000000009,-0.09999999999999998,1507.269663656965,1513.6533334557716,-6.38366979880675,0,0
2025-01-13,Zanzibar,Burkina Faso,0.6,0.5,1.4,1.6,0.8,1.0,0.5999999999999999,0.6000000000000001,1518.3229764458754,1636.2832524034618,-117.96027595758642,0,0
2025-01-18,United States,Venezuela,0.4,0.3,1.3,1.2,1.1,1.4,0.19999999999999996,-0.19999999999999996,1855.369414700251,1829.5915336549197,25.77788104533124,0,0
2025-01-22,United States,Costa Rica,0.5,0.4,1.5,1.4,1.1,0.8,0.3999999999999999,0.5999999999999999,1865.1645622235756,1773.157965709186,92.00659651438946,0,0
2025-01-22,Uzbekistan,Jordan,0.7,0.5,1.6,1.6,0.6,0.7,1.0,0.9000000000000001,1801.3321252632113,1744.5462784076608,56.78584685555052,1,1
2025-02-07,Jamaica,Trinidad and Tobago,0.3,0.4,1.0,1.8,1.5,1.3,-0.5,0.5,1695.6990820435865,1554.3356386755356,141.36344336805087,0,0
2025-02-08,Chile,Panama,0.2,0.4,0.9,1.3,1.4,1.8,-0.4999999999999999,-0.5,1790.272763954625,1839.9993405573407,-49.726576602715795,0,0
2025-02-10,Jamaica,Trinidad and Tobago,0.3,0.4,0.8,1.8,1.3,1.4,-0.5,0.40000000000000013,1699.6891543221864,1550.3455663969355,149.34358792525086,0,1
2025-02-13,Oman,Sudan,0.4,0.5,1.3,1.1,1.4,0.7,-0.09999999999999987,0.40000000000000013,1629.2350070418352,1511.3141949754984,117.9208120663368,0,1
2025-03-09,Saint Vincent and the Grenadines,Grenada,0.6,0.2,2.0,0.9,1.4,1.8,0.6000000000000001,-0.9,1329.6824508806906,1259.91721858174,69.76523229895065,0,1
2025-03-13,Oman,Sudan,0.4,0.5,1.2,1.0,1.1,0.6,0.09999999999999987,0.4,1623.6736120297755,1516.875589987558,106.79802204221755,0,1
2025-03-14,Jordan,North Korea,0.4,0.2,1.3,1.1,0.7,1.2,0.6000000000000001,-0.09999999999999987,1746.1663065210876,1519.151279705075,227.01502681601255,0,1
2025-03-16,Honduras,Guatemala,0.5,0.4,2.1,1.8,1.3,1.2,0.8,0.6000000000000001,1680.590352868949,1647.210387784616,33.37996508433298,1,2
2025-03-19,Central African Republic,Madagascar,0.4,0.2,1.7,0.9,1.8,1.0,-0.10000000000000009,-0.09999999999999998,1418.1046060920123,1417.547841184832,0.5567649071804226,1,2
2025-03-19,Kazakhstan,Curaçao,0.1,0.6,0.5,2.3,2.5,0.6,-2.0,1.6999999999999997,1490.1189176237874,1532.556277871539,-42.437360247751485,1,0
2025-03-19,Russia,Grenada,0.7,0.2,2.8,1.0,0.5,1.5,2.3,-0.5,1838.3017710392671,1264.4484518988031,573.853319140464,0,0
2025-03-19,Liberia,Tunisia,0.3,0.4,0.8,0.8,1.3,0.6,-0.5,0.20000000000000007,1408.5811371978173,1714.006202088464,-305.4250648906468,0,2
2025-03-19,Vietnam,Cambodia,0.7,0.3,2.3,1.5,0.9,1.7,1.4,-0.19999999999999996,1484.952616536391,1054.6535888000612,430.29902773632966,0,0
2025-03-19,India,Maldives,0.0,0.3,0.4,0.9,1.3,1.5,-0.9,-0.6,1321.570277661052,1098.810095563998,222.76018209705398,0,0
2025-03-19,Hong Kong,Macau,0.7,0.0,2.1,0.2,0.4,2.2,1.7000000000000002,-2.0,1315.9898193241463,848.7269806552492,467.2628386688971,0,0
2025-03-19,Eswatini,Cameroon,0.1,0.6,0.8,1.6,1.8,0.8,-1.0,0.8,1315.0717936478495,1701.97551987099,-386.90372622314044,1,1
2025-03-20,Qatar,North Korea,0.3,0.1,1.5,1.1,2.2,1.3,-0.7000000000000002,-0.19999999999999996,1656.2466786015104,1526.509124983234,129.73755361827648,0,0
2025-03-20,South Korea,Oman,0.7,0.3,2.4,0.8,0.6,1.1,1.7999999999999998,-0.30000000000000004,1886.698074310266,1618.3372703165228,268.3608039937433,0,1
2025-03-20,Iraq,Kuwait,0.5,0.1,1.0,0.9,0.9,1.5,0.09999999999999998,-0.6,1720.5658134851983,1472.9332516347592,247.63256185043906,0,1
2025-03-20,Jordan,Palestine,0.3,0.2,1.2,1.0,0.7,1.3,0.5,-0.30000000000000004,1738.8084612429286,1538.0489912685568,200.75946997437177,0,0
2025-03-20,Japan,Bahrain,0.8,0.4,3.4,1.3,0.4,1.5,3.0,-0.19999999999999996,1992.5922070405763,1637.0587204971068,355.5334865434695,0,0
2025-03-20,Australia,Indonesia,0.5,0.2,2.0,1.0,0.5,1.4,1.5,-0.3999999999999999,1830.03203564968,1476.4444717258002,353.58756392387977,0,0
2025-03-20,Saudi Arabia,China,0.3,0.3,1.2,1.3,1.4,2.1,-0.19999999999999996,-0.8,1654.6711966739365,1549.3197411089266,105.35145556500993,0,0
2025-03-20,Sierra Leone,Guinea-Bissau,0.2,0.1,1.1,0.7,2.1,1.2,-1.0,-0.5,1431.6100774421702,1432.8766898775798,-1.26661243540957,1,0
2025-03-20,Cape Verde,Mauritius,0.4,0.2,0.7,0.6,1.1,1.2,-0.40000000000000013,-0.6,1584.7321776248132,1208.5703054512628,376.16187217355036,0,0
2025-03-20,Libya,Angola,0.5,0.5,1.2,0.9,0.9,0.4,0.29999999999999993,0.5,1505.241458706823,1656.9921912827756,-151.7507325759525,0,1
2025-03-20,Gabon,Seychelles,0.4,0.1,1.1,0.5,1.6,3.3,-0.5,-2.8,1558.5520842646258,1032.1743639200504,526.3777203445754,0,0
2025-03-20,Mozambique,Uganda,0.5,0.6,1.4,1.2,1.1,1.1,0.2999999999999998,0.09999999999999987,1547.5177166827,1517.46382911197,30.053887570730012,1,0
2025-03-20,Malawi,Namibia,0.3,0.0,1.0,0.3,1.4,1.1,-0.3999999999999999,-0.8,1468.220393533962,1470.0522661997331,-1.8318726657712432,0,2
2025-03-20,Comoros,Mali,0.5,0.5,1.4,1.4,0.6,0.5,0.7999999999999999,0.8999999999999999,1530.8991647915757,1716.1675245043157,-185.26835971274,1,2
2025-03-20,Lebanon,Timor-Leste,0.3,0.2,0.9,0.8,1.2,2.8,-0.29999999999999993,-1.9999999999999998,1447.8343304384816,891.5066931329764,556.3276373055053,0,0
2025-03-20,Uzbekistan,Kyrgyzstan,0.6,0.3,1.4,1.5,0.6,1.6,0.7999999999999999,-0.10000000000000009,1799.7120971497843,1430.9460635654298,368.76603358435455,0,0
2025-03-20,Zimbabwe,Benin,0.2,0.4,0.8,1.2,1.0,1.1,-0.19999999999999996,0.09999999999999987,1481.3364097473918,1544.490642299424,-63.15423255203223,1,1
2025-03-20,Iran,United Arab Emirates,0.8,0.3,2.2,1.6,0.7,0.9,1.5000000000000002,0.7000000000000001,1930.6228684649616,1669.2388071626558,261.3840613023058,0,0
2025-03-20,Gambia,Kenya,0.3,0.2,1.5,0.7,1.4,0.9,0.10000000000000009,-0.20000000000000007,1497.3956198141043,1502.6000206668612,-5.204400852756862,1,1
2025-03-20,Peru,Bolivia,0.2,0.3,0.3,1.0,1.0,2.6,-0.7,-1.6,1800.0092142300343,1734.9569859499725,65.05222828006185,0,0
2025-03-20,Canada,Mexico,0.5,0.4,1.2,1.2,0.7,1.0,0.5,0.19999999999999996,1887.3287470550267,1883.2595511753743,4.069195879652398,1,2
2025-03-20,Brazil,Colombia,0.4,0.4,1.4,1.6,0.6,0.9,0.7999999999999999,0.7000000000000001,2068.7709072088355,2053.869131054581,14.901776154254549,0,0
2025-03-20,Croatia,France,0.3,0.5,1.3,1.5,1.5,0.9,-0.19999999999999996,0.6,1942.4852617639644,2113.0674200283697,-170.58215826440528,0,0
2025-03-20,Denmark,Portugal,0.2,0.5,0.9,1.6,0.9,0.7,0.0,0.9000000000000001,1908.001782807121,2043.3015497001493,-135.2997668930284,0,0
2025-03-20,Italy,Germany,0.5,0.6,1.6,2.4,1.3,0.7,0.30000000000000004,1.7,1983.382594663895,2026.5433128054851,-43.16071814159022,0,2
2025-03-20,Netherlands,Spain,0.4,0.9,2.1,2.3,1.3,0.8,0.8,1.4999999999999998,2006.3611157813468,2227.2592178774626,-220.89810209611574,0,1
2025-03-20,Austria,Serbia,0.5,0.2,2.1,0.7,1.1,0.8,1.0,-0.10000000000000009,1922.823394223167,1868.5691521186168,54.25424210455026,0,1
2025-03-20,Greece,Scotland,0.7,0.2,1.9,1.1,0.6,1.7,1.2999999999999998,-0.5999999999999999,1862.704272088052,1803.4997553217745,59.20451676627749,0,2
2025-03-20,United States,Panama,0.5,0.3,1.6,1.1,1.1,2.3,0.5,-1.1999999999999997,1873.8708860837264,1822.8732815070543,50.997604576672074,0,2
2025-03-20,Ukraine,Belgium,0.4,0.2,1.4,0.8,1.2,1.1,0.19999999999999996,-0.30000000000000004,1855.257531679774,1921.38981721518,-66.13228553540603,1,0
2025-03-20,Armenia,Georgia,0.3,0.3,1.2,1.2,1.5,1.4,-0.30000000000000004,-0.19999999999999996,1472.9953385301335,1744.2751167989477,-271.2797782688142,0,2
2025-03-20,Bulgaria,Republic of Ireland,0.3,0.3,0.6,0.5,0.8,1.7,-0.20000000000000007,-1.2,1543.1519500698848,1666.9628009297803,-123.81085085989548,0,2
2025-03-20,Kosovo,Iceland,0.5,0.4,1.1,1.6,1.0,2.0,0.10000000000000009,-0.3999999999999999,1604.521366076113,1633.0182173429089,-28.49685126679583,0,0
2025-03-20,Slovakia,Slovenia,0.5,0.2,1.4,0.9,1.0,1.1,0.3999999999999999,-0.20000000000000007,1759.0118250736205,1782.8685015847125,-23.85667651109202,0,1
2025-03-20,Laos,Sri Lanka,0.1,0.2,1.3,0.5,2.0,0.8,-0.7,-0.30000000000000004,938.8900444733158,967.2887638383148,-28.39871936499901,0,2
2025-03-20,Tajikistan,Belarus,0.3,0.1,1.1,0.3,1.1,1.4,0.0,-1.0999999999999999,1436.966858632666,1511.2946909301525,-74.32783229748657,0,2
2025-03-20,Paraguay,Chile,0.4,0.2,1.1,1.2,1.2,1.5,-0.09999999999999987,-0.30000000000000004,1849.6821278761015,1807.3988230049115,42.28330487119001,0,0
2025-03-20,Turkey,Hungary,0.5,0.3,1.4,0.9,1.3,1.6,0.09999999999999987,-0.7000000000000001,1832.256151315356,1829.7959027583656,2.4602485569903365,0,0
2025-03-21,Rwanda,Nigeria,0.4,0.3,0.8,1.2,0.8,1.0,0.0,0.19999999999999996,1458.492427153987,1665.2992309402484,-206.80680378626153,0,2
2025-03-21,South Africa,Lesotho,0.5,0.3,2.4,0.7,1.1,1.7,1.2999999999999998,-1.0,1720.1826370086378,1373.1100982683563,347.0725387402815,0,2
2025-03-21,Morocco,Niger,0.9,0.3,3.5,1.0,0.3,1.1,3.2,-0.10000000000000009,1897.957074190008,1436.9020841723482,461.05499001765975,0,0
2025-03-21,Burundi,Ivory Coast,0.2,0.6,0.9,1.7,1.9,0.6,-0.9999999999999999,1.1,1438.5564808375095,1695.5217516600262,-256.9652708225167,1,2
2025-03-21,Botswana,Algeria,0.4,0.7,0.9,2.5,1.0,1.0,-0.09999999999999998,1.5,1479.6669488003556,1793.5967447199207,-313.9297959195651,0,2
2025-03-21,Guinea,Somalia,0.6,0.0,2.2,0.6,0.8,2.4,1.4000000000000001,-1.7999999999999998,1614.6711758341307,1013.5557690858086,601.1154067483221,1,1
2025-03-21,Equatorial Guinea,São Tomé and Príncipe,0.4,0.0,0.8,0.4,1.0,2.2,-0.19999999999999996,-1.8000000000000003,1563.4542175023248,1169.287011354738,394.16720614758674,0,0
2025-03-21,Cyprus,San Marino,0.3,0.2,1.1,0.7,2.1,1.7,-1.0,-1.0,1354.0840126684252,927.9610611228588,426.12295154556637,0,0
2025-03-21,Malta,Finland,0.3,0.1,0.7,0.9,1.5,2.4,-0.8,-1.5,1321.6771409034384,1601.560591834735,-279.8834509312967,0,2
2025-03-21,Poland,Lithuania,0.2,0.3,1.4,0.9,2.3,1.2,-0.8999999999999999,-0.29999999999999993,1758.2064914785278,1348.6740318265288,409.53245965199903,0,0
2025-03-21,DR Congo,South Sudan,0.5,0.1,0.9,0.8,0.5,1.7,0.4,-0.8999999999999999,1657.0137515000204,1261.4184710028394,395.59528049718097,0,0
2025-03-21,Romania,Bosnia and Herzegovina,0.6,0.0,1.9,0.6,0.9,2.5,0.9999999999999999,-1.9,1773.7270471480176,1535.0377478889172,238.68929925910038,0,2
2025-03-21,England,Albania,0.7,0.3,2.2,1.0,0.8,1.2,1.4000000000000001,-0.19999999999999996,2065.1782229290425,1687.369374973969,377.8088479550736,0,0
2025-03-21,Andorra,Latvia,0.1,0.2,0.3,0.7,1.4,1.5,-1.0999999999999999,-0.8,1146.7851310235192,1337.6230484417747,-190.83791741825553,0,2
2025-03-21,Ghana,Chad,0.2,0.2,1.2,0.4,1.5,1.2,-0.30000000000000004,-0.7999999999999999,1545.4505174191277,1294.0245024837534,251.42601493537427,0,0
2025-03-21,Ethiopia,Egypt,0.2,0.6,0.7,1.8,1.6,0.8,-0.9000000000000001,1.0,1391.8802388425947,1768.0721071249193,-376.19186828232455,1,2
2025-03-21,Bermuda,Honduras,0.5,0.5,2.0,2.1,2.5,1.4,-0.5,0.7000000000000002,1344.5919973717787,1669.6325454317896,-325.0405480600109,0,2
2025-03-21,New Zealand,Fiji,0.8,0.3,3.9,1.4,0.5,1.2,3.4,0.19999999999999996,1797.0785803228175,1549.3352596093007,247.74332071351682,0,0
2025-03-21,Burkina Faso,Djibouti,0.5,0.2,1.5,0.9,1.0,1.6,0.5,-0.7000000000000001,1620.5085349165656,1108.5711384946935,511.9373964218721,1,0
2025-03-21,Belize,Costa Rica,0.6,0.3,1.8,1.1,1.1,1.1,0.7,0.0,1300.822370035385,1764.4516418490348,-463.6292718136499,0,2
2025-03-21,Guyana,Guatemala,0.3,0.5,1.8,1.9,2.4,1.2,-0.5999999999999999,0.7,1433.7348394428386,1658.1681952217752,-224.43335577893663,1,0
2025-03-21,Saint Vincent and the Grenadines,Jamaica,0.5,0.3,1.8,0.9,1.5,1.3,0.30000000000000004,-0.4,1325.1512175636274,1693.534523692333,-368.3833061287057,0,1
2025-03-21,Suriname,Martinique,0.5,0.3,2.2,1.1,1.0,1.5,1.2000000000000002,-0.3999999999999999,1523.7860246297005,1567.120168650509,-43.33414402080848,0,0
2025-03-21,Cuba,Trinidad and Tobago,0.3,0.4,1.4,1.9,1.9,1.3,-0.5,0.5999999999999999,1437.954052501642,1556.5001970267886,-118.54614452514647,0,2
2025-03-21,Guadeloupe,Nicaragua,0.6,0.4,1.8,1.4,0.6,1.0,1.2000000000000002,0.3999999999999999,1522.5936559914976,1539.68682674946,-17.093170757962298,0,0
2025-03-21,Puerto Rico,Dominican Republic,0.4,0.8,2.0,3.4,1.6,0.9,0.3999999999999999,2.5,1338.6661392966787,1483.5339890390878,-144.86784974240913,0,1
2025-03-21,Singapore,Nepal,0.3,0.2,1.4,0.6,2.5,2.5,-1.1,-1.9,1242.9559566837231,1122.922518305776,120.03343837794705,0,2
2025-03-21,Thailand,Afghanistan,0.5,0.3,2.6,0.6,1.3,1.9,1.3,-1.2999999999999998,1530.8716548100024,1275.1940854316997,255.67756937830268,0,0
2025-03-21,Ecuador,Venezuela,0.4,0.2,1.1,1.1,0.5,1.6,0.6000000000000001,-0.5,1992.1359865410584,1819.796386131595,172.3396004094634,0,0
2025-03-21,Uruguay,Argentina,0.1,0.6,0.7,1.9,0.8,0.6,-0.10000000000000009,1.2999999999999998,2025.619994285655,2178.227005513776,-152.6070112281211,0,2
2025-03-21,New Caledonia,Tahiti,0.7,0.6,3.2,1.4,0.8,1.2,2.4000000000000004,0.19999999999999996,1588.915685702981,1541.6338551087197,47.28183059426124,1,0
2025-03-21,Northern Ireland,Switzerland,0.5,0.1,1.6,1.1,0.9,1.7,0.7000000000000001,-0.5999999999999999,1609.329730352168,1879.5342533735432,-270.20452302137505,0,1
2025-03-22,Liechtenstein,North Macedonia,0.1,0.5,0.5,1.2,1.6,0.8,-1.1,0.3999999999999999,998.234613315195,1662.8357182695938,-664.6011049543988,0,2
2025-03-22,Czech Republic,Faroe Islands,0.4,0.2,1.4,1.0,1.4,1.3,0.0,-0.30000000000000004,1803.1493351104036,1322.036863971515,481.1124711388886,0,0
2025-03-22,Montenegro,Gibraltar,0.3,0.2,0.8,0.6,1.4,0.8,-0.5999999999999999,-0.20000000000000007,1573.7088070711686,1153.7151535017156,419.99365356945304,0,0
2025-03-22,Wales,Kazakhstan,0.4,0.1,1.3,0.5,0.9,2.5,0.4,-2.0,1785.2436075065668,1506.9420282444637,278.30157926210313,0,0
2025-03-22,Israel,Estonia,0.3,0.2,1.2,0.9,2.0,1.7,-0.8,-0.7999999999999999,1646.3837143066055,1434.3268877419505,212.056826564655,1,0
2025-03-22,Azerbaijan,Haiti,0.2,0.8,0.9,3.7,2.3,1.1,-1.4,2.6,1460.442998715041,1706.0848542365593,-245.6418555215182,0,2
2025-03-22,Sudan,Senegal,0.4,0.8,0.9,1.6,0.6,0.2,0.30000000000000004,1.4000000000000001,1522.2119317008107,1885.912789075525,-363.70085737471436,1,1
2025-03-22,Togo,Mauritania,0.2,0.2,1.0,0.3,1.6,1.1,-0.6000000000000001,-0.8,1492.470153111609,1474.5960164574303,17.874136654178756,0,1
2025-03-22,Luxembourg,Sweden,0.1,0.6,0.4,2.3,1.5,1.4,-1.1,0.8999999999999999,1495.7911304459844,1793.9952948346,-298.2041643886155,0,0
2025-03-22,Moldova,Norway,0.5,0.5,1.1,2.1,1.2,1.3,-0.09999999999999987,0.8,1403.088801468699,1843.039550059654,-439.95074859095484,0,2
2025-03-23,Kenya,Gabon,0.2,0.5,1.0,1.4,1.2,1.3,-0.19999999999999996,0.09999999999999987,1502.3004536770525,1560.4035356377956,-58.10308196074311,0,2
2025-03-23,Eswatini,Mauritius,0.0,0.1,0.5,0.4,1.8,1.3,-1.3,-0.9,1331.1784077717232,1206.1464456973154,125.03196207440783,1,1
2025-03-23,Slovenia,Slovakia,0.2,0.4,0.8,1.3,1.0,1.0,-0.19999999999999996,0.30000000000000004,1786.6435225830294,1755.2368040753036,31.406718507725827,0,0
2025-03-23,Republic of Ireland,Bulgaria,0.4,0.2,0.7,0.6,1.8,1.0,-1.1,-0.4,1683.265345164639,1526.849405835026,156.41593932961314,0,0
2025-03-23,Iceland,Kosovo,0.3,0.6,1.3,1.3,2.1,1.0,-0.8,0.30000000000000004,1619.069762395546,1618.4698210234756,0.5999413720703615,1,2
2025-03-23,Georgia,Armenia,0.4,0.3,1.4,1.2,1.1,1.7,0.2999999999999998,-0.5,1760.917334167453,1456.3531211616282,304.56421300582474,0,0
2025-03-23,Scotland,Greece,0.3,0.6,1.0,1.4,1.5,0.7,-0.5,0.7,1828.5009276786395,1837.7030997311872,-9.202172052547667,0,2
2025-03-23,Serbia,Austria,0.1,0.5,0.5,2.2,0.9,1.1,-0.4,1.1,1875.8655587248209,1915.526987616964,-39.66142889214325,0,0
2025-03-23,Belgium,Ukraine,0.2,0.4,0.9,1.3,1.3,1.3,-0.4,0.0,1890.2027676995915,1886.4445811953624,3.7581865042291156,0,0
2025-03-23,Spain,Netherlands,0.8,0.4,2.1,2.1,0.9,1.2,1.2000000000000002,0.9000000000000001,2221.4041306258864,2012.216203032923,209.18792759296343,0,1
2025-03-23,Portugal,Denmark,0.4,0.3,1.3,0.9,0.8,0.8,0.5,0.09999999999999998,2024.029626857468,1927.2737056498024,96.75592120766555,0,0
2025-03-23,Germany,Italy,0.6,0.4,2.4,1.5,0.8,1.4,1.5999999999999999,0.10000000000000009,2046.8809827715384,1963.044924697842,83.83605807369645,0,1
2025-03-23,France,Croatia,0.5,0.3,1.4,1.3,1.0,1.4,0.3999999999999999,-0.09999999999999987,2081.5568563751613,1973.995825417173,107.56103095798835,0,0
2025-03-23,Panama,Mexico,0.4,0.5,1.2,1.4,2.2,0.6,-1.0000000000000002,0.7999999999999999,1847.533641794795,1909.8169794079788,-62.2833376131839,1,2
2025-03-23,United States,Canada,0.5,0.4,1.5,1.1,1.0,0.9,0.5,0.20000000000000007,1849.2105257959863,1860.7713188224225,-11.560793026436158,0,2
2025-03-23,Hungary,Turkey,0.2,0.6,0.7,1.7,1.9,1.1,-1.2,0.5999999999999999,1811.070267280224,1850.9817867934976,-39.91151951327356,0,2
2025-03-24,Albania,Andorra,0.2,0.1,0.7,0.2,1.3,1.4,-0.6000000000000001,-1.2,1683.7658320324892,1131.8982038776,551.8676281548892,0,0
2025-03-24,England,Latvia,0.7,0.3,2.2,0.7,0.7,1.4,1.5000000000000002,-0.7,2068.781765870522,1352.5099755876938,716.2717902828283,0,0
2025-03-24,San Marino,Romania,0.2,0.5,0.6,1.6,1.6,1.0,-1.0,0.6000000000000001,925.1920550423746,1738.7106980724482,-813.5186430300736,0,2
2025-03-24,Bosnia and Herzegovina,Cyprus,0.1,0.4,0.6,1.2,2.3,2.0,-1.6999999999999997,-0.8,1570.0540969644867,1356.853018748909,213.20107821557758,0,0
2025-03-24,Lithuania,Finland,0.2,0.2,0.8,0.9,1.3,2.0,-0.5,-1.1,1346.6523863644015,1612.041418950481,-265.38903258607957,0,1
2025-03-24,Madagascar,Ghana,0.3,0.3,1.3,1.5,1.0,1.3,0.30000000000000004,0.19999999999999996,1452.6039285745026,1554.7954900090524,-102.19156143454984,1,2
2025-03-24,Central African Republic,Mali,0.3,0.6,1.2,1.6,2.2,0.3,-1.0000000000000002,1.3,1383.048518702342,1734.0925004010098,-351.0439816986677,1,1
2025-03-24,Poland,Malta,0.2,0.3,1.3,0.7,2.2,1.4,-0.9000000000000001,-0.7,1760.228136940655,1311.1963137876924,449.0318231529627,0,0
2025-03-24,Liberia,São Tomé and Príncipe,0.2,0.0,0.6,0.2,1.4,2.2,-0.7999999999999999,-2.0,1399.1971737825409,1165.9895157485014,233.20765803403947,0,0
2025-03-24,Namibia,Equatorial Guinea,0.1,0.4,0.4,0.8,1.1,1.0,-0.7000000000000001,-0.19999999999999996,1495.5575473286274,1566.7517131085615,-71.19416577993411,1,1
2025-03-24,Ivory Coast,Gambia,0.7,0.3,1.6,1.8,0.4,1.6,1.2000000000000002,0.19999999999999996,1702.9436165360437,1497.6951868039132,205.2484297321305,0,0
2025-03-24,Ethiopia,Djibouti,0.2,0.2,0.6,1.0,1.6,1.9,-1.0,-0.8999999999999999,1385.706929895228,1105.0794733803314,280.6274565148967,1,0
2025-03-24,Guinea-Bissau,Burkina Faso,0.1,0.6,0.6,1.8,1.1,1.0,-0.5000000000000001,0.8,1402.7673222528797,1624.000200030928,-221.2328777780483,0,2
2025-03-24,New Zealand,New Caledonia,0.8,0.7,4.3,3.1,0.5,0.8,3.8,2.3,1807.790115260904,1619.1817918459828,188.6083234149212,0,0
2025-03-24,Tunisia,Malawi,0.5,0.2,0.9,0.9,0.6,1.5,0.30000000000000004,-0.6,1723.3901655037405,1442.715112405068,280.6750530986724,0,0
2025-03-25,Benin,South Africa,0.4,0.5,1.2,2.3,1.1,1.3,0.09999999999999987,0.9999999999999998,1540.8947101577198,1655.1428228125244,-114.24811265480457,1,2
2025-03-25,Sudan,South Sudan,0.3,0.1,0.7,0.7,0.6,1.7,0.09999999999999998,-1.0,1537.8232335907062,1259.2371567780112,278.58607681269496,1,1
2025-03-25,Senegal,Togo,0.7,0.2,1.3,1.2,0.2,1.5,1.1,-0.30000000000000004,1870.3014871856296,1485.9336598005737,384.367827385056,0,0
2025-03-25,Mauritania,DR Congo,0.2,0.6,0.5,1.0,1.1,0.4,-0.6000000000000001,0.6,1481.1325097684658,1659.1950657248483,-178.06255595638254,0,2
2025-03-25,Egypt,Sierra Leone,0.6,0.3,1.9,1.3,0.8,1.7,1.0999999999999999,-0.3999999999999999,1774.2454160722862,1461.7194450668703,312.52597100541584,0,0
2025-03-25,Indonesia,Bahrain,0.2,0.4,1.0,1.3,1.8,1.2,-0.8,0.10000000000000009,1471.3122212370877,1632.995557987941,-161.6833367508534,0,0
2025-03-25,Palestine,Iraq,0.1,0.4,0.6,0.9,1.6,1.0,-1.0,-0.09999999999999998,1529.0237909007158,1705.329170387858,-176.30537948714232,1,0
2025-03-25,China,Australia,0.3,0.5,1.1,2.3,2.0,0.6,-0.8999999999999999,1.6999999999999997,1539.932733917881,1835.1642861383923,-295.2315522205113,0,2
2025-03-25,Kuwait,Oman,0.1,0.3,1.0,0.9,1.6,0.8,-0.6000000000000001,0.09999999999999998,1488.1698947320997,1634.052289537164,-145.88239480506422,0,2
2025-03-25,South Korea,Jordan,0.7,0.4,2.4,1.5,0.6,0.8,1.7999999999999998,0.7,1870.9830550896247,1747.8336616107697,123.14939347885502,0,1
2025-03-25,North Korea,United Arab Emirates,0.0,0.3,0.8,1.5,1.7,1.0,-0.8999999999999999,0.5,1510.7286223255462,1662.5771897217203,-151.84856739617408,1,2
2025-03-25,Nigeria,Zimbabwe,0.4,0.2,1.3,1.0,0.9,1.2,0.4,-0.19999999999999996,1686.3567312469372,1484.932341889096,201.42438935784116,0,1
2025-03-25,Japan,Saudi Arabia,0.9,0.4,3.5,1.2,0.2,1.3,3.3,-0.10000000000000009,1996.655369549742,1664.0582038649818,332.5971656847603,0,1
2025-03-25,Rwanda,Lesotho,0.4,0.3,0.8,0.8,1.0,1.6,-0.19999999999999996,-0.8,1437.434926847298,1438.1499124644697,-0.7149856171718056,0,1
2025-03-25,Kyrgyzstan,Qatar,0.2,0.3,1.3,1.8,1.7,2.2,-0.3999999999999999,-0.40000000000000013,1428.423431028229,1672.0271812591982,-243.60375023096913,0,0
2025-03-25,Cameroon,Libya,0.5,0.4,1.3,1.1,0.6,0.9,0.7000000000000001,0.20000000000000007,1685.8689057471163,1508.1986330581783,177.67027268893798,0,0
2025-03-25,Morocco,Tanzania,0.9,0.4,3.6,0.6,0.4,0.9,3.2,-0.30000000000000004,1899.4796148952887,1481.0486387599792,418.4309761353095,0,0
2025-03-25,Burundi,Seychelles,0.2,0.0,0.8,0.4,1.8,3.6,-1.0,-3.2,1431.1346159614925,1030.3229125468806,400.8117034146119,1,0
2025-03-25,Uganda,Guinea,0.5,0.5,1.1,1.6,1.4,0.8,-0.2999999999999998,0.8,1490.0524370781573,1595.8897045394824,-105.83726746132515,0,0
2025-03-25,Botswana,Somalia,0.3,0.0,0.9,0.6,1.3,2.1,-0.4,-1.5,1466.1115874670925,1032.337240380457,433.77434708663554,0,0
2025-03-25,Algeria,Mozambique,0.7,0.6,2.5,1.7,0.9,0.9,1.6,0.7999999999999999,1807.152106053184,1574.9291087165127,232.22299733667137,0,0
2025-03-25,Comoros,Chad,0.4,0.1,1.0,0.3,0.9,1.7,0.09999999999999998,-1.4,1512.9741888948813,1284.6795298938289,228.29465900105242,1,0
2025-03-25,Moldova,Estonia,0.5,0.2,1.1,0.9,1.4,1.7,-0.2999999999999998,-0.7999999999999999,1393.1846869201806,1425.214336693788,-32.02964977360739,0,2
2025-03-25,Israel,Norway,0.3,0.6,1.2,2.5,2.1,1.1,-0.9000000000000001,1.4,1655.4962653547675,1852.9436646081724,-197.4473992534049,1,2
2025-03-25,Liechtenstein,Kazakhstan,0.1,0.1,0.5,0.6,1.5,2.3,-1.0,-1.6999999999999997,995.6219958519572,1500.8356535392977,-505.2136576873405,0,2
2025-03-25,North Macedonia,Wales,0.6,0.4,1.4,1.2,0.7,0.9,0.7,0.29999999999999993,1665.4483357328315,1791.3499822117328,-125.90164647890128,0,1
2025-03-25,Gibraltar,Czech Republic,0.2,0.4,0.7,1.4,1.0,1.4,-0.30000000000000004,0.0,1150.8514506150036,1804.5115058320691,-653.6600552170655,1,2
2025-03-25,Montenegro,Faroe Islands,0.3,0.1,0.9,0.7,1.5,1.5,-0.6,-0.8,1576.5725099578806,1320.674693249849,255.89781670803154,0,0
2025-03-25,Angola,Cape Verde,0.5,0.4,1.0,0.7,0.4,1.1,0.6,-0.40000000000000013,1654.0350169314204,1587.1560373787606,66.87897955265976,0,2
2025-03-25,Iran,Uzbekistan,0.8,0.6,1.9,1.2,0.7,0.6,1.2,0.6,1937.284485905897,1802.2347296869848,135.0497562189123,0,1
2025-03-25,Syria,Pakistan,0.4,0.1,1.6,0.2,1.4,3.1,0.20000000000000018,-2.9,1567.0428584418223,1021.6021639674776,545.4406944743447,1,0
2025-03-25,Argentina,Brazil,0.6,0.5,1.8,1.6,0.6,0.7,1.2000000000000002,0.9000000000000001,2195.2216350791577,2082.387665239924,112.83396983923376,0,0
2025-03-25,Tajikistan,Timor-Leste,0.3,0.2,1.1,0.8,1.5,2.8,-0.3999999999999999,-1.9999999999999998,1415.491733517421,890.6684043803049,524.823329137116,0,0
2025-03-25,Philippines,Maldives,0.3,0.3,1.2,0.9,1.3,1.5,-0.10000000000000009,-0.6,1288.0031140734911,1094.087147869751,193.91596620374003,0,0
2025-03-25,Bhutan,Yemen,0.3,0.3,0.6,1.1,2.2,1.3,-1.6,-0.19999999999999996,882.7380081802763,1270.564487895596,-387.8264797153196,0,1
2025-03-25,Lebanon,Brunei,0.4,0.5,1.3,1.0,1.2,1.3,0.10000000000000009,-0.30000000000000004,1448.672619191153,915.5299572937288,533.1426618974242,1,0
2025-03-25,India,Bangladesh,0.1,0.2,0.7,0.4,1.0,2.3,-0.30000000000000004,-1.9,1326.2932253552988,1098.8087057205,227.48451963479874,0,1
2025-03-25,Singapore,Hong Kong,0.3,0.8,1.4,2.3,1.9,0.4,-0.5,1.9,1227.3527043043212,1317.0931132906958,-89.74040898637463,0,1
2025-03-25,Taiwan,Turkmenistan,0.2,0.1,1.2,1.0,2.4,1.9,-1.2,-0.8999999999999999,1122.7901932047475,1367.0705551467286,-244.28036194198103,0,2
2025-03-25,Myanmar,Afghanistan,0.2,0.2,1.1,0.5,2.4,2.1,-1.2999999999999998,-1.6,1101.8575930277036,1271.7647603031453,-169.90716727544168,0,0
2025-03-25,Chile,Ecuador,0.2,0.5,1.2,1.2,1.6,0.4,-0.40000000000000013,0.7999999999999999,1795.1601963910994,1999.0376945542112,-203.8774981631118,0,1
2025-03-25,Vietnam,Laos,0.8,0.0,2.4,1.2,0.8,2.1,1.5999999999999999,-0.9000000000000001,1485.8546835375648,926.8578821803776,558.9968013571872,0,0
2025-03-25,Malaysia,Nepal,0.5,0.3,1.5,0.6,1.3,2.4,0.19999999999999996,-1.7999999999999998,1430.5389689992437,1138.5257706851785,292.0131983140652,0,0
2025-03-25,Costa Rica,Belize,0.4,0.6,1.8,1.7,1.1,1.7,0.7,0.0,1774.3298358364336,1290.9441760479858,483.3856597884478,0,0
2025-03-25,Guatemala,Guyana,0.4,0.4,1.5,2.0,1.5,2.4,0.0,-0.3999999999999999,1626.789165083835,1465.1138695807786,161.67529550305653,0,0
2025-03-25,Honduras,Bermuda,0.5,0.4,2.3,2.1,1.6,3.0,0.6999999999999997,-0.8999999999999999,1682.528577921824,1331.6959648817442,350.8326130400799,0,0
2025-03-25,Thailand,Sri Lanka,0.6,0.3,2.8,0.7,1.3,0.9,1.4999999999999998,-0.20000000000000007,1534.3009799385566,979.320926131253,554.9800538073035,0,0
2025-03-25,Martinique,Suriname,0.3,0.5,0.7,1.9,1.0,1.0,-0.30000000000000004,0.8999999999999999,1550.3534985508531,1540.552694729356,9.800803821497084,0,2
2025-03-25,Nicaragua,Guadeloupe,0.4,0.7,1.4,1.8,1.1,0.4,0.2999999999999998,1.4,1524.3707591329355,1537.909723608022,-13.538964475086459,0,2
2025-03-25,Trinidad and Tobago,Cuba,0.4,0.3,1.9,1.5,1.3,1.3,0.5999999999999999,0.19999999999999996,1575.433607995034,1419.0206415333964,156.41296646163755,0,0
2025-03-25,Azerbaijan,Belarus,0.1,0.2,0.8,0.8,2.6,1.2,-1.8,-0.3999999999999999,1449.8773498767332,1532.7698160453974,-82.89246616866421,0,2
2025-03-25,Russia,Zambia,0.8,0.4,3.2,0.9,0.4,0.9,2.8000000000000003,0.0,1839.1118751060744,1592.738271022159,246.37360408391532,0,0
2025-03-25,Cambodia,Aruba,0.2,0.1,1.4,1.2,1.9,2.4,-0.5,-1.2,1053.751521798887,1154.4822379405446,-100.73071614165747,0,2
2025-03-25,Jamaica,Saint Vincent and the Grenadines,0.3,0.4,0.9,1.6,1.1,1.6,-0.20000000000000007,0.0,1680.567264039874,1338.1184772160868,342.44878682378726,0,0
2025-03-25,Dominican Republic,Puerto Rico,0.7,0.4,3.4,2.1,1.1,1.7,2.3,0.40000000000000013,1482.24971990713,1339.9504084286366,142.29931147849334,0,0
2025-03-25,Niger,Bonaire,0.3,0.3,1.1,1.0,1.2,1.3,-0.09999999999999987,-0.30000000000000004,1435.3795434670665,1165.5149735226507,269.86456994441573,1,0
2025-03-25,Sweden,Northern Ireland,0.6,0.5,2.1,1.6,1.0,0.9,1.1,0.7000000000000001,1778.8381965539625,1613.8710056787347,164.96719087522774,0,0
2025-03-25,Switzerland,Luxembourg,0.1,0.1,1.1,0.4,1.7,1.5,-0.5999999999999999,-1.1,1874.9929780469763,1510.948228726622,364.0447493203544,0,0
2025-03-25,Bolivia,Uruguay,0.3,0.1,1.1,0.7,2.6,0.9,-1.5,-0.20000000000000007,1718.225308385688,2008.6253647202725,-290.4000563345844,0,1
2025-03-25,Colombia,Paraguay,0.4,0.4,1.6,1.1,1.0,1.2,0.6000000000000001,-0.09999999999999987,2040.252373023493,1861.9207544899136,178.33161853357933,0,1
2025-03-25,Venezuela,Peru,0.1,0.2,1.1,0.5,1.8,1.1,-0.7,-0.6000000000000001,1812.894678118442,1816.7408917943187,-3.8462136758766974,0,0
2025-05-09,Dominica,Barbados,0.3,0.4,1.2,2.5,2.8,2.8,-1.5999999999999999,-0.2999999999999998,1200.5727170300938,1168.5848077132189,31.987909316874948,0,1
2025-05-11,Dominica,Barbados,0.2,0.4,1.0,2.5,2.7,2.4,-1.7000000000000002,0.10000000000000009,1196.946582563069,1172.2109421802438,24.735640382825068,0,1
2025-05-21,Saint Kitts and Nevis,Saint Vincent and the Grenadines,0.6,0.4,1.6,1.5,1.3,1.5,0.30000000000000004,0.0,1314.6478606210517,1333.034214028611,-18.386353407559227,0,2
2025-05-25,Anguilla,Saint Kitts and Nevis,0.1,0.5,0.4,1.4,2.8,1.5,-2.4,-0.10000000000000009,891.2548432297613,1296.1877260791634,-404.9328828494022,1,2
2025-05-25,Saint Vincent and the Grenadines,Saint Kitts and Nevis,0.5,0.5,1.7,1.4,1.3,1.5,0.3999999999999999,-0.10000000000000009,1351.494348570499,1296.1877260791634,55.306622491335474,0,0
2025-05-27,Jamaica,Trinidad and Tobago,0.4,0.4,1.2,2.1,0.8,1.3,0.3999999999999999,0.8,1685.65152722735,1589.385674854136,96.2658523732141,1,0
2025-05-28,Nigeria,Ghana,0.4,0.4,1.3,1.7,0.8,1.1,0.5,0.5999999999999999,1672.3539919981215,1579.7878525801643,92.56613941795717,1,0
2025-05-28,Oman,Lebanon,0.3,0.5,0.9,1.7,0.8,1.0,0.09999999999999998,0.7,1651.4263343106957,1452.2249045998708,199.20142971082487,0,0
2025-05-29,Malaysia,Cape Verde,0.5,0.4,1.4,0.8,1.2,1.2,0.19999999999999996,-0.3999999999999999,1436.2258216347566,1616.085975364156,-179.86015372939937,0,1
2025-05-30,Saint Vincent and the Grenadines,British Virgin Islands,0.6,0.0,1.9,0.5,1.2,1.9,0.7,-1.4,1361.7648719450133,924.2157284544428,437.5491434905705,0,1
2025-05-30,Saudi Arabia,Jordan,0.3,0.3,1.0,1.4,1.2,0.8,-0.19999999999999996,0.5999999999999999,1680.9963648315718,1759.1626012054649,-78.16623637389307,0,0
2025-05-31,Trinidad and Tobago,Ghana,0.4,0.3,2.1,1.6,1.4,1.2,0.7000000000000002,0.40000000000000013,1578.438616927948,1568.6923047811788,9.746312146769242,1,2
2025-05-31,Jamaica,Nigeria,0.5,0.4,1.5,1.3,1.0,0.8,0.5,0.5,1696.598585153538,1683.4495397971073,13.149045356430634,1,1
2025-06-01,Grenada,Anguilla,0.2,0.1,1.0,0.6,1.7,2.4,-0.7,-1.7999999999999998,1263.638347831996,888.597160628288,375.0411872037081,0,0
2025-06-01,El Salvador,Guatemala,0.7,0.4,1.6,1.4,0.8,1.5,0.8,-0.10000000000000009,1542.0065020020982,1637.6782172271508,-95.6717152250526,1,1
2025-06-01,Puerto Rico,Nicaragua,0.4,0.4,2.1,1.4,1.6,1.0,0.5,0.3999999999999999,1333.9910690484548,1499.4939208044937,-165.5028517560388,1,1
2025-06-02,Tunisia,Burkina Faso,0.6,0.6,1.1,1.7,0.6,1.0,0.5000000000000001,0.7,1729.4220075737176,1637.2915632757026,92.13044429801494,0,0
2025-06-03,Malaysia,Cape Verde,0.4,0.4,1.3,0.8,1.2,0.9,0.10000000000000009,-0.09999999999999998,1438.484738675059,1613.827058323854,-175.34231964879518,0,2
2025-06-04,Dominica,British Virgin Islands,0.1,0.0,0.8,0.4,2.7,1.8,-1.9000000000000001,-1.4,1193.5030945883002,933.3489363786164,260.1541582096838,0,0
2025-06-04,Montserrat,Belize,0.3,0.5,1.1,1.5,2.0,2.3,-0.8999999999999999,-0.7999999999999998,1220.2328782089717,1288.254060858352,-68.02118264938031,1,0
2025-06-04,Barbados,Aruba,0.4,0.1,2.3,0.9,2.0,2.4,0.2999999999999998,-1.5,1175.6544301550125,1164.4612062703673,11.19322388464525,0,1
2025-06-04,Grenada,Bahamas,0.3,0.1,1.0,1.7,1.5,3.6,-0.5,-1.9000000000000001,1265.4672908465689,1062.6548961664234,202.81239468014542,0,0
2025-06-04,Saint Vincent and the Grenadines,Anguilla,0.5,0.1,1.8,0.6,1.3,2.3,0.5,-1.6999999999999997,1352.6316640208397,886.7682176137153,465.86344640712446,0,0
2025-06-04,Bangladesh,Bhutan,0.2,0.3,0.4,0.6,1.6,2.0,-1.2000000000000002,-1.4,1113.5367787345292,896.3306629143653,217.20611582016386,0,0
2025-06-04,Thailand,India,0.7,0.1,2.8,0.7,1.2,0.9,1.5999999999999999,-0.20000000000000007,1535.2019611289402,1311.5651523412696,223.6368087876706,0,0
2025-06-04,Germany,Portugal,0.6,0.5,2.6,1.8,1.0,0.8,1.6,1.0,2038.3985542892465,2038.9549201833436,-0.5563658940970981,0,2
2025-06-04,Bermuda,Cayman Islands,0.4,0.4,2.0,0.8,2.7,2.1,-0.7000000000000002,-1.3,1327.529090497093,1077.7191196698593,249.80997082723366,0,0
2025-06-05,United Arab Emirates,Uzbekistan,0.3,0.5,1.4,1.1,1.0,0.7,0.3999999999999999,0.40000000000000013,1674.3531772467095,1814.019876125508,-139.66669887879857,0,1
2025-06-05,Sri Lanka,Brunei,0.2,0.5,0.5,1.0,1.0,1.2,-0.5,-0.19999999999999996,978.4199449408696,911.9776718850107,66.44227305585889,1,0
2025-06-05,Indonesia,China,0.3,0.2,1.1,0.7,1.8,2.1,-0.7,-1.4000000000000001,1494.826157048377,1525.214787085103,-30.388630036726,0,0
2025-06-05,Australia,Japan,0.5,0.8,2.0,3.4,0.6,0.2,1.4,3.1999999999999997,1849.8822329711704,1979.717208583152,-129.83497561198146,0,0
2025-06-05,Bahrain,Saudi Arabia,0.4,0.4,1.1,1.2,1.1,1.0,0.0,0.19999999999999996,1609.481622176652,1695.0549644137827,-85.57334223713065,0,2
2025-06-05,Kuwait,Palestine,0.1,0.1,1.0,0.7,1.7,1.7,-0.7,-1.0,1470.7958499585682,1558.3828742184048,-87.58702425983665,0,2
2025-06-05,Iraq,South Korea,0.3,0.6,0.9,2.2,1.2,0.7,-0.29999999999999993,1.5000000000000002,1675.970087070169,1859.6541154949296,-183.68402842476053,0,2
2025-06-05,Oman,Jordan,0.4,0.3,1.0,1.3,0.7,0.9,0.30000000000000004,0.4,1654.4577295234717,1745.104001623254,-90.64627209978221,0,2
2025-06-05,Qatar,Iran,0.3,0.7,1.8,2.0,2.2,0.9,-0.40000000000000013,1.1,1630.28841841602,1925.4993394673747,-295.2109210513547,0,0
2025-06-05,Chile,Argentina,0.2,0.7,1.2,2.1,1.5,0.6,-0.30000000000000004,1.5,1800.9678379152124,2211.113578519577,-410.1457406043646,0,2
2025-06-05,North Korea,Kyrgyzstan,0.0,0.2,0.9,1.1,1.9,1.7,-0.9999999999999999,-0.5999999999999999,1498.9526348005568,1470.1621938714072,28.790440929149554,1,1
2025-06-05,Ecuador,Brazil,0.4,0.4,0.9,1.3,0.3,1.0,0.6000000000000001,0.30000000000000004,1993.230053030098,2066.4957217995043,-73.26566876940637,0,1
2025-06-05,Singapore,Maldives,0.3,0.3,1.3,0.9,1.6,1.6,-0.30000000000000004,-0.7000000000000001,1226.762286373983,1083.2004683277648,143.56181804621815,0,0
2025-06-05,Hong Kong,Nepal,0.8,0.2,2.2,0.5,0.3,2.6,1.9000000000000001,-2.1,1317.683531221034,1132.8389180496652,184.8446131713688,0,1
2025-06-05,Georgia,Faroe Islands,0.5,0.1,1.9,0.7,1.1,1.4,0.7999999999999998,-0.7,1767.1305986897858,1316.1073916985115,451.02320699127426,0,0
2025-06-05,DR Congo,Mali,0.7,0.5,1.2,1.4,0.4,0.3,0.7999999999999999,1.0999999999999999,1682.565782437708,1718.774069583138,-36.20828714542995,1,0
2025-06-05,Cambodia,Tajikistan,0.2,0.4,1.4,1.1,1.9,1.4,-0.5,-0.2999999999999998,1043.7725534690646,1416.5589610214497,-372.78640755238507,0,2
2025-06-05,Belarus,Kazakhstan,0.3,0.2,1.0,0.7,1.2,2.1,-0.19999999999999996,-1.4000000000000001,1548.5078113201491,1506.1431939597476,42.36461736040155,0,0
2025-06-05,Algeria,Rwanda,0.8,0.3,2.7,0.7,0.7,1.1,2.0,-0.40000000000000013,1816.8052194407653,1431.8702767846812,384.9349426560841,0,0
2025-06-05,Spain,France,0.7,0.5,2.2,1.5,1.1,1.0,1.1,0.5,2208.9554803302512,2093.757775829624,115.19770450062742,1,0
2025-06-05,Paraguay,Uruguay,0.4,0.1,1.2,0.7,1.2,0.8,0.0,-0.10000000000000009,1875.2138113286371,1998.644738163319,-123.43092683468194,0,0
2025-06-06,Venezuela,Bolivia,0.1,0.3,0.9,1.1,1.8,2.4,-0.9,-1.2999999999999998,1827.496735950377,1728.2059349426415,99.29080100773535,0,0
2025-06-06,Norway,Italy,0.7,0.4,2.8,1.8,1.2,1.6,1.5999999999999999,0.19999999999999996,1867.5203892205127,1971.527353180134,-104.00696395962132,0,0
2025-06-06,Estonia,Israel,0.3,0.3,1.2,1.3,1.5,2.1,-0.30000000000000004,-0.8,1449.0778605668538,1640.9195407424274,-191.84168017557363,0,2
2025-06-06,Wales,Liechtenstein,0.4,0.1,1.3,0.4,1.0,1.6,0.30000000000000004,-1.2000000000000002,1789.8617197395945,990.3144554315074,799.547264308087,0,0
2025-06-06,North Macedonia,Belgium,0.6,0.2,1.5,1.0,0.7,1.3,0.8,-0.30000000000000004,1666.93659820497,1911.944447604513,-245.00784939954292,0,1
2025-06-06,Czech Republic,Montenegro,0.5,0.3,1.7,0.9,1.2,1.5,0.5,-0.6,1806.2134385426064,1581.139811509218,225.07362703338845,0,0
2025-06-06,Nicaragua,Guyana,0.4,0.4,1.5,2.0,1.0,2.4,0.5,-0.3999999999999999,1495.060719710192,1454.2248174374631,40.835902272728845,0,0
2025-06-06,Antigua and Barbuda,Cuba,0.0,0.2,0.5,1.4,2.6,1.7,-2.1,-0.30000000000000004,1142.0229554721632,1405.0685746742945,-263.0456192021313,0,2
2025-06-06,Trinidad and Tobago,Saint Kitts and Nevis,0.3,0.6,1.4,1.8,1.7,1.6,-0.30000000000000004,0.19999999999999996,1549.524857339891,1288.5748853061225,260.9499720337685,0,0
2025-06-06,Curaçao,Saint Lucia,0.6,0.3,2.2,1.1,0.7,2.1,1.5000000000000002,-1.0,1515.7331672508626,1264.8023694973012,250.93079775356136,0,0
2025-06-06,Guatemala,Dominican Republic,0.4,0.8,1.4,3.5,1.2,0.7,0.19999999999999996,2.8,1634.9921153501843,1488.2090592873117,146.78305606287267,0,0
2025-06-06,Suriname,Puerto Rico,0.6,0.4,1.9,2.2,0.9,1.7,0.9999999999999999,0.5000000000000002,1566.670989681496,1338.4242701427563,228.24671953873963,0,0
2025-06-06,Colombia,Peru,0.3,0.2,1.3,0.5,1.2,1.2,0.10000000000000009,-0.7,2026.9593161847692,1802.138833962384,224.82048222238518,0,1
2025-06-06,Gibraltar,Croatia,0.2,0.3,0.7,1.3,1.3,1.3,-0.6000000000000001,0.0,1149.1495179044664,1961.79490596271,-812.6453880582435,1,2
2025-06-06,Russia,Nigeria,0.8,0.4,3.5,1.4,0.4,0.9,3.1,0.4999999999999999,1843.905725922156,1684.01695883627,159.888767085886,0,1
2025-06-06,Poland,Moldova,0.3,0.5,1.4,1.2,2.0,1.6,-0.6000000000000001,-0.40000000000000013,1762.668953097191,1369.3211630471149,393.3477900500761,0,0
2025-06-06,Uganda,Cameroon,0.6,0.6,1.2,1.6,1.0,0.5,0.19999999999999996,1.1,1510.3884255911726,1695.9612390403402,-185.5728134491676,1,2
2025-06-06,Bulgaria,Cyprus,0.2,0.4,0.6,1.3,1.1,2.1,-0.5000000000000001,-0.8,1520.3385319959189,1351.193229491394,169.1453025045248,0,1
2025-06-06,Burundi,Guinea-Bissau,0.3,0.1,1.3,0.7,1.4,1.2,-0.09999999999999987,-0.5,1438.3765093995412,1389.4759590081048,48.900550391436354,1,0
2025-06-06,Equatorial Guinea,Gambia,0.4,0.3,0.9,1.6,1.0,1.4,-0.09999999999999998,0.20000000000000018,1562.7098614701497,1491.8092872132322,70.90057425691748,1,2
2025-06-06,Hungary,Sweden,0.2,0.6,0.6,2.5,1.9,1.1,-1.2999999999999998,1.4,1775.2009024039544,1785.53893069863,-10.338028294675723,0,2
2025-06-06,Kosovo,Armenia,0.6,0.3,1.5,1.2,1.1,2.1,0.3999999999999999,-0.9000000000000001,1644.7651486928926,1450.1398566392954,194.62529205359715,0,0
2025-06-06,Luxembourg,Slovenia,0.1,0.3,0.5,0.8,1.6,0.9,-1.1,-0.09999999999999998,1509.007501336796,1797.8232275034338,-288.8157261666379,0,2
2025-06-06,Central African Republic,Mauritania,0.2,0.2,0.8,0.5,2.2,1.3,-1.4000000000000001,-0.8,1398.3669495202137,1457.7617930556064,-59.39484353539274,1,0
2025-06-06,Niger,Gabon,0.3,0.6,1.5,1.5,1.1,1.3,0.3999999999999999,0.19999999999999996,1442.7994624433554,1582.8036932398356,-140.00423079648021,1,0
2025-06-06,Zimbabwe,Burkina Faso,0.2,0.5,1.0,1.3,1.2,1.1,-0.19999999999999996,0.19999999999999996,1498.9350811379115,1629.8329960769345,-130.89791493902294,1,2
2025-06-06,Republic of Ireland,Senegal,0.5,0.7,0.9,1.4,1.8,0.2,-0.9,1.2,1689.7762190037463,1873.779248605812,-184.00302960206568,0,1
2025-06-06,Scotland,Iceland,0.3,0.3,0.9,1.3,1.3,2.2,-0.4,-0.9000000000000001,1790.0498377285076,1592.7744347261291,197.27540300237843,0,2
2025-06-06,South Africa,Tanzania,0.6,0.3,2.2,0.5,1.0,1.1,1.2000000000000002,-0.6000000000000001,1675.618682683373,1478.1603049105763,197.45837777279667,0,1
2025-06-06,Morocco,Tunisia,1.0,0.6,3.8,1.2,0.4,0.6,3.4,0.6,1902.367948744692,1736.880574772486,165.48737397220611,0,0
2025-06-07,Canada,Ukraine,0.5,0.4,1.3,1.3,1.0,1.3,0.30000000000000004,0.0,1882.632135636523,1864.702901290441,17.929234346081785,0,0
2025-06-07,Anguilla,El Salvador,0.1,0.7,0.6,1.7,2.9,0.9,-2.3,0.7999999999999999,883.6178717727668,1544.6926038790646,-661.0747321062978,0,2
2025-06-07,British Virgin Islands,Jamaica,0.0,0.4,0.3,1.5,1.9,1.1,-1.5999999999999999,0.3999999999999999,925.5279995361196,1696.0311661143753,-770.5031665782557,0,2
2025-06-07,Belize,Panama,0.5,0.4,1.5,1.2,2.0,2.1,-0.5,-0.9000000000000001,1264.3877201106773,1833.137615271784,-568.7498951611067,0,2
2025-06-07,Aruba,Haiti,0.1,0.9,1.0,3.9,2.3,1.0,-1.2999999999999998,2.9,1170.652064879942,1716.6505030748672,-545.9984381949253,0,2
2025-06-07,Bahamas,Costa Rica,0.1,0.5,1.5,2.4,3.9,0.9,-2.4,1.5,1049.997034253052,1777.0199510260677,-727.0229167730156,1,2
2025-06-07,Cayman Islands,Honduras,0.3,0.5,0.6,1.9,2.5,1.5,-1.9,0.3999999999999999,1068.2970943969583,1686.695452306475,-618.3983579095168,0,2
2025-06-07,Kenya,Chad,0.2,0.0,1.1,0.1,1.4,1.7,-0.2999999999999998,-1.5999999999999999,1479.9002960750124,1276.207932314044,203.69236376096842,1,1
2025-06-07,Ivory Coast,New Zealand,0.7,0.8,1.5,4.2,0.3,0.5,1.2,3.7,1708.8295161267245,1818.9606527837077,-110.13113665698324,1,2
2025-06-07,Albania,Serbia,0.3,0.2,0.9,0.7,1.1,0.8,-0.20000000000000007,-0.10000000000000009,1685.370399670819,1897.6020499517765,-212.2316502809574,0,1
2025-06-07,Austria,Romania,0.4,0.6,1.9,2.1,1.2,0.9,0.7,1.2000000000000002,1893.790496390008,1739.9245844252328,153.86591196477525,0,0
2025-06-07,Bosnia and Herzegovina,San Marino,0.2,0.2,0.7,0.7,2.2,2.1,-1.5000000000000002,-1.4000000000000001,1575.713886222002,923.97816868959,651.735717532412,0,0
2025-06-07,Finland,Netherlands,0.1,0.3,0.9,2.1,2.1,1.5,-1.2000000000000002,0.6000000000000001,1603.1802818102942,2024.664853328558,-421.4845715182637,0,2
2025-06-07,Malta,Lithuania,0.3,0.1,0.5,0.9,1.4,1.5,-0.8999999999999999,-0.6,1308.7554976311565,1355.5135235045884,-46.75802587343196,0,1
2025-06-07,United States,Turkey,0.5,0.6,1.6,1.8,1.1,1.0,0.5,0.8,1827.3497089818864,1886.8511516697677,-59.50144268788131,0,2
2025-06-07,Mexico,Switzerland,0.6,0.2,1.4,1.3,0.4,1.7,0.9999999999999999,-0.3999999999999999,1924.2130059309893,1876.933705436802,47.27930049418728,1,2
2025-06-07,Latvia,Azerbaijan,0.3,0.1,0.6,0.7,1.6,2.7,-1.0,-2.0,1351.878317821494,1434.1393546019815,-82.26103678048753,0,1
2025-06-07,Greece,Slovakia,0.7,0.4,1.7,1.2,0.7,0.9,1.0,0.29999999999999993,1876.154189681319,1744.057099154899,132.09709052641983,0,0
2025-06-07,Denmark,Northern Ireland,0.3,0.4,1.0,1.6,1.2,1.4,-0.19999999999999996,0.20000000000000018,1912.3484123239264,1607.1702715340673,305.17814078985907,0,0
2025-06-07,Andorra,England,0.1,0.8,0.2,2.4,1.6,0.6,-1.4000000000000001,1.7999999999999998,1130.29363623927,2069.413423636722,-939.1197873974522,1,2
2025-06-08,Germany,France,0.5,0.5,2.5,1.9,1.2,1.5,1.3,0.3999999999999999,2016.0221153922384,2081.856496186582,-65.83438079434336,0,2
2025-06-08,Portugal,Spain,0.6,0.7,2.0,2.5,0.9,1.4,1.1,1.1,2061.3313590803514,2220.8567599732933,-159.5254008929419,1,1
2025-06-08,DR Congo,Madagascar,0.8,0.2,1.2,1.0,0.3,1.3,0.8999999999999999,-0.30000000000000004,1693.6041840957523,1427.6115660033906,265.9926180923617,1,0
2025-06-08,Georgia,Cape Verde,0.5,0.4,1.8,1.0,1.1,0.9,0.7,0.09999999999999998,1767.9353038206907,1627.590524781705,140.34477903898573,0,1
2025-06-09,Estonia,Norway,0.2,0.7,0.9,2.8,1.7,1.2,-0.7999999999999999,1.5999999999999999,1426.8284169125138,1902.924025252198,-476.0956083396841,0,2
2025-06-09,Kazakhstan,North Macedonia,0.2,0.6,0.6,1.6,2.2,0.5,-1.6,1.1,1495.4378741982164,1674.8307828039335,-179.39290860571714,0,2
2025-06-09,Italy,Moldova,0.4,0.4,1.7,0.9,1.8,1.6,-0.10000000000000009,-0.7000000000000001,1936.1237171484488,1367.6650501677625,568.4586669806863,0,0
2025-06-09,Belgium,Wales,0.2,0.5,1.1,1.6,1.4,1.0,-0.2999999999999998,0.6000000000000001,1904.0502630055496,1790.2541732025998,113.79608980294984,0,0
2025-06-09,Faroe Islands,Gibraltar,0.1,0.2,0.6,0.7,1.1,1.8,-0.5000000000000001,-1.1,1315.3026865676063,1148.3204126750604,166.9822738925459,0,0
2025-06-09,Croatia,Czech Republic,0.4,0.6,1.8,1.8,1.1,1.1,0.7,0.7,1962.624011192116,1814.2170997570952,148.4069114350209,0,0
2025-06-09,Uganda,Gambia,0.5,0.3,1.1,1.3,1.3,1.4,-0.19999999999999996,-0.09999999999999987,1501.4376178701675,1503.8221065265554,-2.38448865638793,1,1
2025-06-09,Gabon,Guinea-Bissau,0.6,0.1,1.8,0.7,1.6,1.3,0.19999999999999996,-0.6000000000000001,1568.9788662333544,1380.8742091650358,188.1046570683186,1,0
2025-06-09,Montenegro,Armenia,0.3,0.3,0.9,1.3,1.5,2.4,-0.6,-1.0999999999999999,1573.1361502947295,1444.715260045249,128.42089024948064,0,1
2025-06-09,Liechtenstein,Scotland,0.1,0.3,0.4,0.9,1.6,1.5,-1.2000000000000002,-0.6,989.922001968502,1764.6398688094089,-774.7178668409069,0,2
2025-06-09,Kosovo,Comoros,0.7,0.5,2.0,1.1,1.1,0.9,0.8999999999999999,0.20000000000000007,1650.1897452869391,1521.445786474666,128.74395881227315,0,0
2025-06-09,Equatorial Guinea,Cameroon,0.4,0.6,1.0,1.5,1.1,0.4,-0.10000000000000009,1.1,1550.6970421568262,1704.9120467613452,-154.21500460451898,1,1
2025-06-09,Algeria,Rwanda,0.9,0.3,2.8,0.7,0.5,1.2,2.3,-0.5,1818.5387601874136,1430.1367360380332,388.4020241493804,0,0
2025-06-09,Morocco,Benin,1.0,0.4,3.8,1.2,0.3,1.2,3.5,0.0,1907.715365161216,1520.4188502868712,387.29651487434467,0,0
2025-06-10,Romania,Cyprus,0.6,0.4,2.1,1.3,1.0,2.0,1.1,-0.7,1732.3942672862536,1357.6895536021618,374.70471368409176,0,0
2025-06-10,San Marino,Austria,0.2,0.4,0.7,1.8,1.8,1.1,-1.1,0.7,923.4569447124304,1901.3208135289872,-977.8638688165568,0,2
2025-06-10,Finland,Poland,0.1,0.4,0.7,1.5,1.9,1.7,-1.2,-0.19999999999999996,1595.032232143925,1764.3250659765436,-169.2928338326185,0,0
2025-06-10,Netherlands,Malta,0.3,0.3,2.1,0.5,1.4,1.4,0.7000000000000002,-0.8999999999999999,2032.8129029949275,1305.7144109959436,727.098491998984,0,0
2025-06-10,Saudi Arabia,Australia,0.5,0.5,1.4,1.9,1.0,0.6,0.3999999999999999,1.2999999999999998,1726.299946737542,1871.5954631758543,-145.29551643831223,0,2
2025-06-10,Palestine,Oman,0.2,0.4,0.9,0.9,1.7,0.9,-0.7999999999999999,0.0,1589.45424089286,1618.5156803567795,-29.06143946391944,1,1
2025-06-10,China,Bahrain,0.2,0.4,0.6,1.1,2.1,1.3,-1.5,-0.19999999999999996,1509.1691669308682,1578.236639852893,-69.06747292202476,0,0
2025-06-10,Serbia,Andorra,0.2,0.1,0.6,0.2,0.7,1.2,-0.09999999999999998,-1.0,1891.3571924395403,1130.1148578129944,761.2423346265459,0,0
2025-06-10,Jordan,Iraq,0.3,0.3,1.3,0.9,0.8,1.4,0.5,-0.4999999999999999,1781.046050789946,1653.0593803141726,127.98667047577351,0,2
2025-06-10,South Korea,Kuwait,0.6,0.1,1.7,1.0,0.7,1.5,1.0,-0.5,1882.564822250926,1439.724483284113,442.8403389668131,0,0
2025-06-10,El Salvador,Suriname,0.7,0.6,1.7,1.6,0.8,0.8,0.8999999999999999,0.8,1547.356758854308,1571.9228667342436,-24.566107879935544,0,1
2025-06-10,Iran,North Korea,0.6,0.0,1.6,1.0,0.8,1.9,0.8,-0.8999999999999999,1895.312183497572,1497.299106826346,398.01307667122614,0,0
2025-06-10,Japan,Indonesia,0.7,0.4,2.9,1.0,0.3,1.6,2.6,-0.6000000000000001,1958.003978378468,1510.8717772026114,447.1322011758566,0,0
2025-06-10,Latvia,Albania,0.3,0.3,0.6,0.7,1.4,0.9,-0.7999999999999999,-0.20000000000000007,1351.368192606014,1691.615257183055,-340.2470645770411,0,1
2025-06-10,Belarus,Russia,0.4,0.8,1.4,3.5,0.9,0.4,0.4999999999999999,3.1,1559.2131310816803,1837.5660636487885,-278.35293256710816,0,2
2025-06-10,Canada,Ivory Coast,0.6,0.6,1.6,1.4,1.1,0.4,0.5,0.9999999999999999,1897.775393817312,1698.431160536487,199.34423328082516,0,1
2025-06-10,Cuba,Bermuda,0.3,0.5,1.4,2.4,1.4,2.6,0.0,-0.20000000000000018,1416.316178222184,1336.9511157699935,79.36506245219039,0,2
2025-06-10,Honduras,Antigua and Barbuda,0.6,0.0,1.9,0.3,1.3,2.4,0.5999999999999999,-2.1,1688.621352383668,1130.7753519242735,557.8460004593944,0,0
2025-06-10,Saint Kitts and Nevis,Grenada,0.5,0.4,1.9,1.6,2.2,1.2,-0.30000000000000027,0.40000000000000013,1280.229348017859,1278.1251527599404,2.104195257918491,0,2
2025-06-10,Costa Rica,Trinidad and Tobago,0.5,0.4,3.0,2.0,0.8,1.5,2.2,0.5,1778.4442649761431,1557.8703946281548,220.5738703479883,0,0
2025-06-10,Saint Lucia,Barbados,0.3,0.4,1.1,2.3,2.5,1.7,-1.4,0.5999999999999999,1256.0193762151782,1169.4635715454374,86.55580466974084,0,0
2025-06-10,Haiti,Curaçao,1.0,0.7,4.2,2.5,0.7,0.6,3.5,1.9,1722.3519399397314,1524.5161605329856,197.83577940674581,1,2
2025-06-10,Guyana,Montserrat,0.4,0.3,2.0,1.0,2.3,1.9,-0.2999999999999998,-0.8999999999999999,1441.9153050876932,1244.0992189566464,197.81608613104686,0,0
2025-06-10,Panama,Nicaragua,0.4,0.5,1.2,1.5,2.0,0.9,-0.8,0.6,1836.921893451169,1507.3702320599618,329.55166139120706,0,0
2025-06-10,Dominican Republic,Dominica,0.8,0.2,3.7,1.1,1.0,2.1,2.7,-1.0,1476.5349830685968,1201.324031430797,275.2109516377998,0,0
2025-06-10,Jamaica,Guatemala,0.4,0.5,1.4,1.8,1.1,1.3,0.2999999999999998,0.5,1696.8567191109355,1646.6661915688992,50.19052754203631,0,0
2025-06-10,Puerto Rico,Saint Vincent and the Grenadines,0.3,0.6,1.4,2.2,1.8,1.0,-0.40000000000000013,1.2000000000000002,1333.1723930900089,1355.782009861788,-22.6096167717792,0,0
2025-06-10,Uzbekistan,Qatar,0.5,0.4,1.1,1.7,0.7,2.0,0.40000000000000013,-0.30000000000000004,1811.7463471264823,1660.475574385823,151.27077274065937,0,0
2025-06-10,New Zealand,Ukraine,0.8,0.3,3.8,1.3,0.5,1.6,3.3,-0.30000000000000004,1829.359008373945,1849.559643109652,-20.2006347357069,1,2
2025-06-10,Brazil,Paraguay,0.4,0.5,1.2,1.3,0.9,0.8,0.29999999999999993,0.5,2068.031643447066,1907.23393853097,160.7977049160961,0,0
2025-06-10,Kyrgyzstan,United Arab Emirates,0.2,0.3,1.2,1.4,1.8,0.9,-0.6000000000000001,0.4999999999999999,1471.815721845618,1676.626706245735,-204.81098440011692,0,1
2025-06-10,Peru,Ecuador,0.2,0.4,0.5,0.9,1.1,0.3,-0.6000000000000001,0.6000000000000001,1816.796318022331,1991.6941313825369,-174.89781336020587,0,1
2025-06-10,Argentina,Colombia,0.7,0.2,2.0,1.2,0.6,1.2,1.4,0.0,2216.8593668796366,2012.301832124822,204.55753475481447,0,1
2025-06-10,Timor-Leste,Maldives,0.2,0.2,0.8,0.9,2.6,1.9,-1.8,-0.9999999999999999,889.6011768762762,1077.275759592559,-187.67458271628288,1,0
2025-06-10,Philippines,Tajikistan,0.4,0.5,1.6,1.3,1.4,1.2,0.20000000000000018,0.10000000000000009,1298.8897936154774,1420.0024769534416,-121.1126833379642,0,1
2025-06-10,Brunei,Bhutan,0.5,0.3,1.0,0.5,1.1,1.8,-0.10000000000000009,-1.3,903.8670577578904,892.1691455048139,11.697912253076538,0,0
2025-06-10,Bangladesh,Singapore,0.3,0.3,0.5,1.3,1.5,1.5,-1.0,-0.19999999999999996,1117.6982961440806,1232.6869951091885,-114.98869896510791,0,2
2025-06-10,Hong Kong,India,0.7,0.1,1.9,0.7,0.3,1.1,1.5999999999999999,-0.40000000000000013,1310.93365605267,1307.5345507888792,3.399105263790716,0,0
2025-06-10,Sri Lanka,Taiwan,0.3,0.2,0.6,1.3,0.9,2.3,-0.30000000000000004,-0.9999999999999998,986.5305590679898,1110.6489953962305,-124.1184363282407,0,0
2025-06-10,Turkmenistan,Thailand,0.2,0.7,1.2,2.0,1.8,1.2,-0.6000000000000001,0.8,1379.2117529552456,1539.2325626813306,-160.02080972608496,0,0
2025-06-10,Myanmar,Pakistan,0.3,0.1,1.3,0.2,2.0,2.9,-0.7,-2.6999999999999997,1125.828331926626,1019.1124811246492,106.7158508019769,0,0
2025-06-10,Afghanistan,Syria,0.1,0.5,0.5,1.7,2.3,1.3,-1.7999999999999998,0.3999999999999999,1247.7940214042228,1569.5325412846505,-321.7385198804277,1,2
2025-06-10,Laos,Nepal,0.0,0.2,1.1,0.5,2.4,2.2,-1.2999999999999998,-1.7000000000000002,925.0962002403242,1139.588793218029,-214.49259297770482,0,0
2025-06-10,Malaysia,Vietnam,0.3,0.9,1.2,2.8,1.5,0.7,-0.30000000000000004,2.0999999999999996,1424.7212722172076,1487.6163654776185,-62.89509326041093,0,0
2025-06-10,Azerbaijan,Hungary,0.1,0.2,0.6,0.6,2.4,1.9,-1.7999999999999998,-1.2999999999999998,1434.6494798174615,1756.4135900913925,-321.764110273931,0,2
2025-06-10,Burundi,Mauritania,0.4,0.2,1.3,0.6,1.3,1.3,0.0,-0.7000000000000001,1446.9782592426102,1446.068733007526,0.9095262350842859,1,1
2025-06-10,Yemen,Lebanon,0.2,0.5,0.9,1.7,1.3,0.9,-0.4,0.7999999999999999,1256.9718331615072,1449.1935093870948,-192.22167622558754,1,1
2025-06-10,Denmark,Lithuania,0.4,0.0,1.2,0.7,1.3,1.5,-0.10000000000000009,-0.8,1914.117922207028,1358.5546101398013,555.5633120672267,0,0
2025-06-10,Uruguay,Venezuela,0.1,0.2,0.5,1.0,0.8,1.7,-0.30000000000000004,-0.7,1966.6246109609865,1841.956678605094,124.66793235589239,0,0
2025-06-10,Bolivia,Chile,0.3,0.2,1.1,1.2,2.1,1.6,-1.0,-0.40000000000000013,1713.7459922879243,1795.2220495551535,-81.47605726722918,0,0
2025-06-10,United States,Switzerland,0.5,0.2,1.6,1.5,1.1,1.9,0.5,-0.3999999999999999,1816.1893175448167,1893.9624098547715,-77.77309230995479,0,2
2025-06-10,Sweden,Algeria,0.7,0.9,2.6,2.8,0.9,0.4,1.7000000000000002,2.4,1804.326243011192,1820.2399882159195,-15.913745204727547,0,0
2025-06-10,Chad,Kenya,0.0,0.1,0.1,0.9,1.6,1.3,-1.5,-0.4,1281.4800359092612,1474.6281924797952,-193.14815657053396,1,2
2025-06-10,South Africa,Mozambique,0.6,0.6,2.1,1.6,0.9,1.2,1.2000000000000002,0.40000000000000013,1668.6759744550116,1565.275995328931,103.39997912608055,0,0
2025-06-10,Slovenia,Bosnia and Herzegovina,0.4,0.3,0.9,0.8,0.9,1.9,0.0,-1.0999999999999999,1802.86723673716,1576.2351101991617,226.63212653799837,0,0
2025-06-10,Niger,Zimbabwe,0.4,0.2,1.9,1.0,1.3,1.2,0.5999999999999999,-0.19999999999999996,1456.6242894498369,1489.3333652811584,-32.70907583132157,1,1
2025-06-10,Mexico,Turkey,0.5,0.6,1.5,1.8,0.8,1.0,0.7,0.8,1907.18430151302,1898.011543106837,9.172758406182993,1,0
2025-06-10,Luxembourg,Republic of Ireland,0.1,0.4,0.5,0.8,1.4,1.8,-0.8999999999999999,-1.0,1503.9634921030702,1692.147983739479,-188.1844916364089,0,1
2025-06-10,Israel,Slovakia,0.4,0.4,1.6,1.2,1.9,1.2,-0.2999999999999998,0.0,1663.1689843967674,1736.7715332815003,-73.60254888473287,1,0
2025-06-10,Greece,Bulgaria,0.8,0.2,2.0,0.8,0.6,1.3,1.4,-0.5,1883.4397555547173,1513.842207885151,369.5975476695662,0,0
2025-06-10,England,Senegal,0.8,0.7,2.3,1.4,0.5,0.2,1.7999999999999998,1.2,2069.592202062998,1871.407483870079,198.1847181929188,0,2
2025-06-10,Northern Ireland,Iceland,0.4,0.3,1.6,1.5,1.1,2.3,0.5,-0.7999999999999998,1605.4007616509662,1618.184403645228,-12.78364199426187,0,0
2025-06-14,Mexico,Dominican Republic,0.6,0.8,1.6,3.8,0.7,1.0,0.9000000000000001,2.8,1916.920349628013,1484.8078509319862,432.1124986960267,1,0
2025-06-15,United States,Trinidad and Tobago,0.5,0.4,1.5,2.1,1.4,1.7,0.10000000000000009,0.40000000000000013,1796.2414353591969,1552.4137047103357,243.82773064886123,0,0
2025-06-15,Haiti,Saudi Arabia,0.9,0.5,4.1,1.5,1.1,1.2,2.9999999999999996,0.30000000000000004,1665.5420237496814,1708.8926935921036,-43.35066984242212,1,2
2025-06-15,Costa Rica,Suriname,0.5,0.5,2.9,1.3,0.9,0.9,2.0,0.4,1783.9009548939623,1576.1982215185817,207.7027333753806,1,0
2025-06-16,Panama,Guadeloupe,0.4,0.7,1.2,1.7,1.9,0.4,-0.7,1.2999999999999998,1842.367504527402,1562.786561936464,279.58094259093787,1,0
2025-06-16,Jamaica,Guatemala,0.5,0.5,1.7,1.7,1.1,1.5,0.5999999999999999,0.19999999999999996,1717.6037548318263,1625.9191558480086,91.68459898381775,1,2
2025-06-17,Curaçao,El Salvador,0.7,0.7,2.6,1.8,0.6,0.8,2.0,1.0,1581.3260767230356,1543.08140406997,38.24467265306566,1,1
2025-06-17,Canada,Honduras,0.6,0.6,1.6,1.7,0.9,1.3,0.7000000000000001,0.3999999999999999,1887.3193161907636,1689.9512010057003,197.3681151850633,0,0
2025-06-18,Costa Rica,Dominican Republic,0.6,0.7,3.3,3.7,1.2,1.1,2.0999999999999996,2.6,1795.5136041179055,1480.9706798050636,314.54292431284193,1,0
2025-06-18,Suriname,Mexico,0.4,0.7,1.3,1.9,1.2,0.9,0.10000000000000009,0.9999999999999999,1564.5855722946385,1920.7575207549355,-356.171948460297,1,2
2025-06-19,United States,Saudi Arabia,0.5,0.6,1.8,1.6,1.4,1.0,0.40000000000000013,0.6000000000000001,1808.38151359646,1730.789449606178,77.59206399028199,0,0
2025-06-19,Trinidad and Tobago,Haiti,0.4,0.8,1.9,3.8,2.0,1.1,-0.10000000000000009,2.6999999999999997,1540.273626473073,1643.645267735607,-103.37164126253401,1,1
2025-06-20,Guatemala,Panama,0.5,0.5,1.5,1.7,1.4,1.6,0.10000000000000009,0.09999999999999987,1657.3674030907707,1856.9513317040116,-199.58392861324091,1,2
2025-06-20,Jamaica,Guadeloupe,0.5,0.6,1.7,1.7,1.1,0.9,0.5999999999999999,0.7999999999999999,1686.1555075890642,1548.2027347598546,137.9527728292096,1,0
2025-06-21,Curaçao,Canada,0.6,0.7,2.4,2.0,0.6,0.7,1.7999999999999998,1.3,1578.5852126840016,1903.5683291298587,-324.98311644585715,1,1
2025-06-21,Honduras,El Salvador,0.6,0.6,1.6,1.7,1.7,0.8,-0.09999999999999987,0.8999999999999999,1673.702188066605,1545.822268109004,127.87991995760103,1,0
2025-06-22,Mexico,Costa Rica,0.7,0.7,1.8,3.4,0.9,1.2,0.9,2.2,1929.3092477309292,1802.5415554882748,126.76769224265445,1,1
2025-06-22,Dominican Republic,Suriname,0.6,0.4,3.6,1.3,1.3,1.3,2.3,0.0,1473.9427284346943,1556.0338453186444,-82.09111688395001,1,1
2025-06-22,Saudi Arabia,Trinidad and Tobago,0.6,0.3,1.4,1.7,0.8,2.0,0.5999999999999999,-0.30000000000000004,1717.5604884865854,1547.4998342295075,170.06065425707789,1,1
2025-06-22,United States,Haiti,0.6,0.7,1.9,3.5,1.2,1.1,0.7,2.4,1821.6104747160523,1636.4190599791723,185.19141473688,0,0
2025-06-24,Guadeloupe,Guatemala,0.5,0.5,1.3,1.5,1.1,1.5,0.19999999999999996,0.0,1532.638499171044,1645.332876767533,-112.69437759648895,1,2
2025-06-24,Panama,Jamaica,0.6,0.6,1.8,1.7,1.4,0.8,0.40000000000000013,0.8999999999999999,1868.9858580272487,1701.7197431778748,167.26611484937393,1,0
2025-06-24,Honduras,Curaçao,0.6,0.6,1.5,2.4,1.5,0.5,0.0,1.9,1697.9909135279568,1596.9124829218151,101.07843060614164,1,0
2025-06-24,Canada,El Salvador,0.6,0.5,1.9,1.3,0.7,0.9,1.2,0.4,1885.2410588920447,1521.5335426476522,363.70751624439254,1,0
2025-06-28,Panama,Honduras,0.7,0.7,2.1,1.7,1.3,1.6,0.8,0.09999999999999987,1893.1626076108637,1715.9162160093151,177.24639160154857,1,1
2025-06-28,Mexico,Saudi Arabia,0.7,0.5,1.8,1.2,0.9,0.7,0.9,0.5,1920.5719083605893,1706.2155189540886,214.35638940650074,1,0
2025-06-29,Canada,Guatemala,0.7,0.5,2.1,1.5,0.7,1.6,1.4000000000000001,-0.10000000000000009,1893.4695870372072,1662.4967676841773,230.97281935303,1,1
2025-06-29,United States,Costa Rica,0.6,0.6,2.0,3.1,1.3,1.2,0.7,1.9000000000000001,1829.7222109860504,1811.2788948586144,18.443316127435992,0,1
2025-07-01,Tamil Eelam,Tibet,0.5,0.1,1.6,2.4,2.4,5.5,-0.7999999999999998,-3.1,1541.6530255953553,1289.1820875931944,252.4709380021609,1,0
2025-07-02,United States,Guatemala,0.5,0.5,1.8,1.6,1.3,1.4,0.5,0.20000000000000018,1821.515032863048,1677.0353785194568,144.47965434359116,0,0
2025-07-02,Mexico,Honduras,0.7,0.6,1.8,1.6,0.9,1.7,0.9,-0.09999999999999987,1937.4839228456729,1727.6678868630572,209.81603598261563,1,0
2025-07-02,Tamil Eelam,East Turkestan,0.6,0.5,2.0,4.0,2.0,2.5,0.0,1.5,1552.3117333973937,1478.3216174328982,73.99011596449554,1,0
2025-07-03,Tibet,East Turkestan,0.1,0.3333333333333333,2.4,3.0,3.7,2.3333333333333335,-1.3000000000000003,0.6666666666666665,1278.5233797911562,1466.4685965500892,-187.94521675893293,1,2
2025-07-04,Tamil Eelam,East Turkestan,0.7,0.5,2.2,3.75,1.9,2.75,0.30000000000000027,1.0,1564.1647542802025,1477.8601978944075,86.30455638579497,1,0
2025-07-06,United States,Mexico,0.5,0.8,1.7,1.9,1.3,0.7,0.3999999999999999,1.2,1831.3477458717769,1948.9884662148615,-117.6407203430847,0,2
2025-07-13,Hitra,Isle of Man,0.3,0.7,1.7,3.7,3.2,1.3,-1.5000000000000002,2.4000000000000004,1313.4482719981925,1684.9848095211223,-371.53653752292985,1,2
2025-07-13,Orkney,Frøya,0.4,0.1,1.5,1.3,2.0,5.0,-0.5,-3.7,1371.392818960397,1255.8469901923806,115.54582876801646,0,0
2025-07-13,Gozo,Shetland,0.4,0.4,2.7,2.2,2.0,2.1,0.7000000000000002,0.10000000000000009,1474.4637186115076,1510.3927750267155,-35.929056415207924,1,1
2025-07-14,Orkney,Hitra,0.4,0.3,1.5,1.8,2.0,3.5,-0.5,-1.7,1383.1685678233862,1307.124963175842,76.04360464754427,0,0
2025-07-14,Isle of Man,Frøya,0.7,0.1,4.0,1.3,1.2,4.1,2.8,-2.8,1691.308118343473,1244.0712413293916,447.23687701408153,1,0
2025-07-14,Jersey,Gozo,0.9,0.4,3.0,2.5,0.8,1.3,2.2,1.2,1831.894283345504,1476.0093947364226,355.8848886090814,1,0
2025-07-14,Ynys Môn,Western Isles,0.9,0.4,2.8,1.3,1.3,1.8,1.4999999999999998,-0.5,1612.883197901089,1442.7602085467113,170.12298935437775,1,0
2025-07-15,Frøya,Hitra,0.1,0.3,1.4,1.9,4.3,3.5,-2.9,-1.6,1238.7614259336274,1299.1354456891124,-60.37401975548505,1,2
2025-07-15,Jersey,Shetland,1.0,0.4,3.2,2.1,0.7,1.9,2.5,0.20000000000000018,1837.0328363251408,1508.8470989018006,328.18573742334024,1,1
2025-07-15,Orkney,Isle of Man,0.5,0.7,1.8,4.4,1.9,1.3,-0.09999999999999987,3.1000000000000005,1391.1580853101157,1696.6179337392373,-305.4598484291216,0,2
2025-07-17,Isle of Man,Ynys Môn,0.7,0.9,4.0,2.2,1.3,1.1,2.7,1.1,1707.1732747465865,1621.0740793455257,86.0991954010608,1,2
2025-07-17,Orkney,Shetland,0.4,0.4,1.6,2.2,2.1,1.8,-0.5,0.40000000000000013,1380.6027443027665,1519.9069897843356,-139.30424548156907,0,0
2025-07-17,Hitra,Frøya,0.3,0.1,2.0,1.4,3.4,4.3,-1.4,-2.9,1325.5266004818195,1212.3702711409203,113.15632934089922,1,0
2025-07-17,Gozo,Western Isles,0.4,0.3,2.4,0.9,1.3,1.7,1.0999999999999999,-0.7999999999999999,1470.870841756786,1434.5693271022749,36.30151465451104,1,1
2025-07-18,Isle of Man,Jersey,0.6,0.9,3.4,3.1,1.3,0.8,2.0999999999999996,2.3,1688.5303427607978,1825.9729454426056,-137.44260268180778,1,0
2025-08-13,United States Virgin Islands,Turks and Caicos Islands,0.0,0.1,1.0,0.6,2.6,2.1,-1.6,-1.5,893.7852478704381,966.2382858766124,-72.45303800617432,1,1
2025-08-16,Turks and Caicos Islands,Marshall Islands,0.1,0.0,0.6,0.0,1.9,4.0,-1.2999999999999998,-4.0,963.1548053628568,1445.4443818925724,-482.28957652971565,1,0
2025-08-24,Qatar,Lebanon,0.3,0.5,1.4,1.7,2.2,0.4,-0.8000000000000003,1.2999999999999998,1647.136971401684,1439.1343419176155,208.0026294840684,0,1
2025-09-03,Qatar,Bahrain,0.3,0.4,1.5,1.1,2.0,1.3,-0.5,-0.19999999999999996,1640.0403502835245,1560.0125694141425,80.02778086938201,0,1
2025-09-03,Seychelles,Gabon,0.0,0.6,0.4,1.7,3.8,1.4,-3.4,0.30000000000000004,1023.0810191088316,1576.568062566974,-553.4870434581425,1,2
2025-09-04,Bulgaria,Spain,0.2,0.6,0.7,2.5,1.6,1.5,-0.9000000000000001,1.0,1511.487823921985,2213.342399786888,-701.8545758649032,0,2
2025-09-04,Madagascar,Central African Republic,0.1,0.2,0.9,0.9,1.5,2.3,-0.6,-1.4,1422.2769179619074,1410.0600095682942,12.216908393613267,1,0
2025-09-04,Mali,Comoros,0.5,0.5,1.3,1.2,0.2,1.1,1.1,0.09999999999999987,1707.7356679250936,1515.105031340014,192.63063658507963,1,0
2025-09-04,Luxembourg,Northern Ireland,0.1,0.4,0.5,1.5,1.1,1.1,-0.6000000000000001,0.3999999999999999,1506.448510113484,1612.9419060557575,-106.49339594227354,0,2
2025-09-04,Slovakia,Germany,0.4,0.5,1.1,2.4,1.1,1.2,0.0,1.2,1724.6842137767128,1987.1990692857037,-262.5148555089909,0,0
2025-09-04,Georgia,Turkey,0.5,0.6,1.8,1.7,0.8,0.9,1.0,0.7999999999999999,1761.9441386390315,1888.2754949918444,-126.33135635281292,0,2
2025-09-04,Lithuania,Malta,0.0,0.3,0.6,0.4,1.9,1.5,-1.2999999999999998,-1.1,1357.6565811244884,1304.9085177757372,52.7480633487512,0,1
2025-09-04,Chad,Ghana,0.0,0.3,0.2,1.6,1.6,0.9,-1.4000000000000001,0.7000000000000001,1276.529513479025,1597.6060643692358,-321.0765508902109,0,1
2025-09-04,Guatemala,El Salvador,0.4,0.4,1.5,1.1,1.5,1.0,0.0,0.10000000000000009,1667.202665510728,1513.3050145024902,153.89765100823774,0,2
2025-09-04,Kazakhstan,Wales,0.2,0.5,0.6,1.9,2.3,1.0,-1.6999999999999997,0.8999999999999999,1479.930176210702,1781.211880435733,-301.28170422503104,0,2
2025-09-04,Liechtenstein,Belgium,0.1,0.3,0.4,1.5,2.0,1.6,-1.6,-0.10000000000000009,989.1662237240354,1913.0925557724163,-923.9263320483809,0,2
2025-09-04,Iraq,Hong Kong,0.3,0.8,0.9,2.0,1.4,0.2,-0.4999999999999999,1.8,1684.575938162137,1325.1512410127236,359.4246971494133,1,0
2025-09-04,Thailand,Fiji,0.6,0.3,2.0,1.3,1.5,1.7,0.5,-0.3999999999999999,1504.1008976629469,1538.6237246712146,-34.52282700826777,0,0
2025-09-04,Suriname,Panama,0.4,0.6,1.2,2.1,1.2,1.4,0.0,0.7000000000000002,1550.2344361609055,1881.4109367571216,-331.1765005962161,0,1
2025-09-04,Netherlands,Poland,0.4,0.4,2.8,1.5,1.2,1.8,1.5999999999999999,-0.30000000000000004,2033.6187962151337,1740.3883089122735,293.2304873028602,0,1
2025-09-04,Tunisia,Liberia,0.6,0.3,1.2,0.8,0.8,1.5,0.3999999999999999,-0.7,1731.5331583559616,1404.320128736804,327.2130296191576,0,0
2025-09-04,United Arab Emirates,Syria,0.3,0.6,1.4,1.7,0.9,1.2,0.4999999999999999,0.5,1670.7698985074778,1574.9577156272492,95.81218288022865,0,0
2025-09-04,Algeria,Botswana,0.8,0.4,2.9,1.0,0.8,1.2,2.0999999999999996,-0.19999999999999996,1812.6140134883608,1468.7665592108804,343.84745427748044,0,0
2025-09-04,Gibraltar,Albania,0.2,0.3,0.8,0.8,2.0,0.9,-1.2,-0.09999999999999998,1141.2408033084043,1679.6365333201486,-538.3957300117443,0,2
2025-09-04,Malaysia,Singapore,0.4,0.4,1.6,1.3,1.1,1.3,0.5,0.0,1458.231559918537,1251.824711116848,206.40684880168897,0,0
2025-09-04,Norway,Finland,0.8,0.2,2.8,0.7,0.9,1.8,1.9,-1.1,1907.0416108539357,1618.9689892081951,288.0726216457406,0,0
2025-09-04,Russia,Jordan,0.8,0.3,3.8,1.3,0.5,0.7,3.3,0.6000000000000001,1846.7965391438488,1749.5294929419815,97.26704620186729,0,1
2025-09-04,Colombia,Bolivia,0.2,0.4,1.3,1.2,1.2,1.8,0.10000000000000009,-0.6000000000000001,2026.395940184944,1742.1480203514927,284.2479198334513,0,0
2025-09-04,Argentina,Venezuela,0.6,0.2,2.0,1.0,0.7,1.5,1.3,-0.5,2202.765258819515,1829.038916868201,373.726341951314,0,0
2025-09-04,Saudi Arabia,North Macedonia,0.4,0.7,0.9,1.6,0.8,0.3,0.09999999999999998,1.3,1689.3035044690057,1690.338480791448,-1.0349763224423896,1,0
2025-09-04,Uruguay,Peru,0.2,0.2,0.6,0.5,0.7,0.9,-0.09999999999999998,-0.4,1979.5423726978795,1821.042214100274,158.5001585976056,0,0
2025-09-04,Brazil,Chile,0.5,0.2,1.3,1.2,0.9,1.5,0.4,-0.30000000000000004,2075.3210772891434,1766.8200214915853,308.50105579755814,0,0
2025-09-04,Guinea-Bissau,Sierra Leone,0.1,0.3,0.6,1.2,1.4,1.5,-0.7999999999999999,-0.30000000000000004,1373.2850128314162,1458.314518891519,-85.02950606010268,0,1
2025-09-04,Angola,Libya,0.5,0.3,1.1,0.9,0.6,1.1,0.5000000000000001,-0.20000000000000007,1625.105078946025,1498.1062997649549,126.99877918107018,0,2
2025-09-04,Cameroon,Eswatini,0.6,0.0,1.5,0.6,0.4,1.9,1.1,-1.2999999999999998,1700.743604625756,1324.276401221657,376.4672034040991,0,0
2025-09-04,Mauritius,Cape Verde,0.1,0.4,0.7,1.1,1.3,0.7,-0.6000000000000001,0.40000000000000013,1213.0484522473816,1633.5816899633642,-420.5332377159825,0,2
2025-09-04,Paraguay,Ecuador,0.5,0.4,1.2,0.8,0.7,0.2,0.5,0.6000000000000001,1899.9445046888927,1987.4482353045937,-87.50373061570099,0,1
2025-09-04,São Tomé and Príncipe,Equatorial Guinea,0.0,0.3,0.3,1.0,2.2,1.2,-1.9000000000000001,-0.19999999999999996,1160.8665607942382,1554.8654842924154,-393.9989234981772,1,2
2025-09-05,Ukraine,France,0.4,0.6,1.5,2.0,1.7,1.3,-0.19999999999999996,0.7,1863.6884930228528,2110.6795422931164,-246.9910492702636,1,2
2025-09-05,Slovenia,Sweden,0.5,0.8,1.1,3.0,1.0,0.9,0.10000000000000009,2.1,1805.514449910312,1811.9522177387507,-6.437767828438837,0,1
2025-09-05,Switzerland,Kosovo,0.3,0.8,1.8,2.4,1.8,1.0,0.0,1.4,1913.9102920403911,1656.5305004215911,257.3797916188,0,0
2025-09-05,Denmark,Scotland,0.5,0.4,1.7,1.3,1.1,1.4,0.5999999999999999,-0.09999999999999987,1915.0159512223408,1765.395647053875,149.62030416846574,0,1
2025-09-05,Greece,Belarus,0.8,0.4,2.2,1.5,0.6,0.9,1.6,0.6,1885.794139517884,1549.98265558662,335.8114839312641,0,0
2025-09-05,Iceland,Azerbaijan,0.3,0.0,1.5,0.4,2.0,2.4,-0.5,-2.0,1610.6432592404365,1430.2868101142694,180.35644912616704,0,0
2025-09-05,Nicaragua,Costa Rica,0.4,0.6,1.1,3.3,1.1,1.3,0.0,1.9999999999999998,1501.9246209837288,1819.486072981617,-317.5614519978883,0,1
2025-09-05,Faroe Islands,Croatia,0.2,0.5,0.8,2.2,1.1,1.1,-0.30000000000000004,1.1,1322.3822959342626,1977.1070537454352,-654.7247578111726,0,2
2025-09-05,Montenegro,Czech Republic,0.3,0.6,1.0,1.8,1.4,1.4,-0.3999999999999999,0.40000000000000013,1567.3695235420132,1799.734057203776,-232.36453366176283,0,2
2025-09-05,Bermuda,Jamaica,0.6,0.5,2.5,1.7,2.1,1.2,0.3999999999999999,0.5,1366.447191472579,1677.5429935942605,-311.09580212168134,0,2
2025-09-05,Trinidad and Tobago,Curaçao,0.3,0.5,1.8,2.1,2.0,0.7,-0.19999999999999996,1.4000000000000001,1558.8448037620044,1578.9871804404563,-20.14237667845191,0,1
2025-09-05,Haiti,Honduras,0.6,0.6,3.0,1.6,1.3,1.4,1.7,0.20000000000000018,1628.3073237091744,1716.163343493868,-87.85601978469367,1,1
2025-09-05,Namibia,Malawi,0.1,0.2,0.5,0.9,0.9,1.6,-0.4,-0.7000000000000001,1499.5993989670394,1436.6832703350908,62.916128631948595,1,2
2025-09-05,Italy,Estonia,0.5,0.2,1.9,0.8,1.6,1.7,0.2999999999999998,-0.8999999999999999,1937.376400673559,1422.7108313107765,514.6655693627824,0,0
2025-09-05,Uganda,Mozambique,0.5,0.5,1.1,1.4,1.2,1.3,-0.09999999999999987,0.09999999999999987,1501.50624789306,1558.1750320633748,-56.66878417031489,0,0
2025-09-05,Moldova,Israel,0.4,0.4,0.9,1.3,1.4,1.9,-0.4999999999999999,-0.5999999999999999,1366.4123666426522,1675.2563039015552,-308.843937258903,0,2
2025-09-05,Ivory Coast,Burundi,0.6,0.3,1.4,1.0,0.4,1.2,0.9999999999999999,-0.19999999999999996,1708.8872381630356,1446.9520810330278,261.93515713000784,0,0
2025-09-05,Somalia,Guinea,0.0,0.4,0.5,1.1,2.1,0.8,-1.6,0.30000000000000004,1029.682268636669,1575.553716026467,-545.871447389798,1,2
2025-09-05,Australia,New Zealand,0.5,0.7,1.6,3.6,0.7,0.7,0.9000000000000001,2.9000000000000004,1889.0027163212928,1815.2301584607435,73.77255786054934,0,0
2025-09-05,Indonesia,Taiwan,0.4,0.2,0.9,1.4,2.0,2.5,-1.1,-1.1,1507.3774981068052,1078.5697809812568,428.8077171255484,0,0
2025-09-05,Romania,Canada,0.7,0.6,2.3,2.0,0.7,0.7,1.5999999999999999,1.3,1736.0588119928218,1878.930976201928,-142.87216420910613,0,2
2025-09-05,Djibouti,Burkina Faso,0.1,0.5,0.8,1.3,2.4,1.1,-1.5999999999999999,0.19999999999999996,1091.8124917609969,1639.4347119336874,-547.6222201726905,1,2
2025-09-05,South Sudan,DR Congo,0.1,0.8,0.8,1.4,1.8,0.4,-1.0,0.9999999999999999,1272.5383865726376,1698.9388321372355,-426.40044556459793,0,2
2025-09-05,Egypt,Ethiopia,0.7,0.2,1.8,1.0,0.4,1.6,1.4,-0.6000000000000001,1777.6503422476378,1398.9739115145624,378.67643073307545,0,0
2025-09-05,Senegal,Sudan,0.7,0.2,1.6,0.5,0.3,0.7,1.3,-0.19999999999999996,1896.8377660453837,1524.5220037960798,372.3157622493038,0,0
2025-09-05,Benin,Zimbabwe,0.3,0.2,1.1,1.0,1.3,1.0,-0.19999999999999996,0.0,1519.277870777213,1488.3946939577045,30.883176819508435,1,0
2025-09-05,South Africa,Lesotho,0.6,0.3,2.0,0.8,0.8,1.5,1.2,-0.7,1675.7769377205675,1443.7145625270866,232.06237519348088,0,0
2025-09-05,Congo,Tanzania,0.1,0.3,0.9,0.5,2.5,1.1,-1.6,-0.6000000000000001,1346.9082984039624,1485.103013138938,-138.1947147349756,0,1
2025-09-05,Morocco,Niger,1.0,0.4,3.3,1.9,0.3,1.2,3.0,0.7,1908.8563446708745,1457.5629607732908,451.2933838975837,0,0
2025-09-05,Kenya,Gambia,0.2,0.3,1.0,1.2,1.0,1.2,0.0,0.0,1479.5787149100315,1503.753476503663,-24.1747615936315,0,2
2025-09-05,Mauritania,Togo,0.2,0.1,0.6,1.0,1.2,1.6,-0.6,-0.6000000000000001,1446.0949112171083,1482.4558983803918,-36.360987163283426,0,0
2025-09-06,Armenia,Portugal,0.2,0.6,1.3,2.2,2.5,1.1,-1.2,1.1,1450.4818867979652,2068.8457192667565,-618.3638324687913,0,2
2025-09-06,England,Andorra,0.8,0.1,2.3,0.2,0.6,1.3,1.6999999999999997,-1.1,2044.161919887693,1129.6262614591133,914.5356584285798,0,0
2025-09-06,San Marino,Bosnia and Herzegovina,0.2,0.3,0.6,0.9,1.8,2.0,-1.2000000000000002,-1.1,922.9809125483677,1573.5878970260094,-650.6069844776417,0,2
2025-09-06,Austria,Cyprus,0.5,0.3,2.1,0.9,0.9,2.1,1.2000000000000002,-1.2000000000000002,1901.79684569305,1354.0250088955936,547.7718367974564,0,0
2025-09-06,Republic of Ireland,Hungary,0.4,0.2,0.8,0.7,1.5,2.0,-0.7,-1.3,1689.6629657290653,1760.7762597945843,-71.11329406551909,0,1
2025-09-06,Latvia,Serbia,0.2,0.3,0.6,0.9,1.5,0.7,-0.9,0.20000000000000007,1363.3469164689204,1891.8457887934217,-528.4988723245012,0,2
2025-09-06,United States,South Korea,0.4,0.6,1.5,2.0,1.5,0.7,0.0,1.3,1807.6160080616191,1885.721885129028,-78.10587706740876,0,2
2025-09-06,Nepal,Bangladesh,0.2,0.3,0.6,0.6,2.2,1.2,-1.6,-0.6,1113.226714307535,1098.560580136421,14.666134171113981,0,1
2025-09-06,Mexico,Japan,0.8,0.7,1.7,3.0,0.8,0.3,0.8999999999999999,2.7,1972.7202040250197,1961.4982574742744,11.221946550745315,1,1
2025-09-06,Sri Lanka,Maldives,0.4,0.1,0.9,0.7,0.9,2.0,0.0,-1.3,1018.6097734829634,1047.4134136226812,-28.8036401397178,0,2
2025-09-06,Nigeria,Rwanda,0.4,0.2,1.4,0.6,0.8,1.4,0.5999999999999999,-0.7999999999999999,1690.356621109638,1428.4355080095274,261.92111310011046,0,0
2025-09-07,Thailand,Iraq,0.6,0.4,1.9,0.9,1.3,1.2,0.5999999999999999,-0.29999999999999993,1525.4616102791524,1687.9402908214256,-162.4786805422732,0,2
2025-09-07,Fiji,Hong Kong,0.3,0.7,1.2,1.8,1.8,0.4,-0.6000000000000001,1.4,1517.263012055009,1321.786888353435,195.47612370157412,1,2
2025-09-07,Qatar,Russia,0.2,0.8,1.4,3.6,2.0,0.3,-0.6000000000000001,3.3000000000000003,1635.2775513942431,1841.6592673268376,-206.3817159325945,0,2
2025-09-07,North Macedonia,Liechtenstein,0.7,0.1,1.6,0.4,0.4,2.5,1.2000000000000002,-2.1,1680.3086918664162,988.4319882969364,691.8767035694798,0,0
2025-09-07,Poland,Finland,0.3,0.2,1.3,0.7,1.7,1.6,-0.3999999999999999,-0.9000000000000001,1756.6210539020449,1617.034088036201,139.58696586584392,0,0
2025-09-07,Belgium,Kazakhstan,0.3,0.2,1.8,0.6,1.5,2.1,0.30000000000000004,-1.5,1913.8267911995151,1470.37381930313,443.4529718963852,0,0
2025-09-07,Turkey,Spain,0.7,0.7,2.0,2.8,1.1,1.5,0.8999999999999999,1.2999999999999998,1906.7626356787207,2215.466045513682,-308.7034098349611,0,2
2025-09-07,Georgia,Bulgaria,0.4,0.2,1.6,0.7,1.0,1.9,0.6000000000000001,-1.2,1743.4569979521552,1509.3641781951917,234.09281975696354,0,0
2025-09-07,Luxembourg,Slovakia,0.1,0.4,0.6,1.2,1.2,1.1,-0.6,0.09999999999999987,1477.009129716942,1767.7757307946397,-290.7666010776977,0,2
2025-09-07,Germany,Northern Ireland,0.4,0.4,1.9,1.6,1.4,1.2,0.5,0.40000000000000013,1944.1075522677768,1642.3812864522995,301.7262658154773,0,0
2025-09-07,Central African Republic,Comoros,0.2,0.4,0.6,1.0,2.1,1.4,-1.5,-0.3999999999999999,1381.1144676798351,1497.7393323651852,-116.62486468535008,1,2
2025-09-07,Lithuania,Netherlands,0.0,0.3,0.7,2.4,1.9,1.1,-1.2,1.2999999999999998,1349.3895904767555,2017.3860512253625,-667.996460748607,0,2
2025-09-08,Ghana,Mali,0.3,0.6,1.7,1.6,0.9,0.2,0.7999999999999999,1.4000000000000001,1586.358434958905,1725.1013668999224,-138.74293194101733,0,0
2025-09-08,Panama,Guatemala,0.6,0.4,1.9,1.3,1.2,1.3,0.7,0.0,1869.7722911674184,1634.7318658993056,235.0404252681128,0,1
2025-09-08,Switzerland,Slovenia,0.4,0.5,2.2,1.2,1.6,1.1,0.6000000000000001,0.09999999999999987,1922.409480619124,1800.255098961425,122.1543816576991,0,0
2025-09-08,Belarus,Scotland,0.4,0.4,1.6,1.1,1.4,1.1,0.20000000000000018,0.0,1544.3390362629004,1777.714798683151,-233.37576242025057,1,2
2025-09-08,Croatia,Montenegro,0.6,0.3,2.2,1.0,0.9,1.4,1.3000000000000003,-0.3999999999999999,1978.6838712727329,1548.276160140534,430.40771113219876,0,0
2025-09-08,Israel,Italy,0.5,0.5,1.6,2.1,1.6,1.5,0.0,0.6000000000000001,1692.587578691479,1939.6357543671604,-247.04817567568148,1,2
2025-09-08,Gibraltar,Faroe Islands,0.1,0.2,0.7,0.7,2.1,1.1,-1.4000000000000001,-0.40000000000000013,1139.756411158112,1320.8054784069652,-181.04906724885313,0,2
2025-09-08,El Salvador,Suriname,0.4,0.3,0.9,0.7,0.8,1.1,0.09999999999999998,-0.40000000000000013,1545.7758141139125,1561.8730817506084,-16.09726763669596,0,2
2025-09-08,Madagascar,Chad,0.2,0.0,1.1,0.3,1.5,1.7,-0.3999999999999999,-1.4,1451.2224598503665,1287.7771428893557,163.4453169610108,1,0
2025-09-08,Greece,Denmark,0.8,0.4,2.4,1.5,0.7,1.1,1.7,0.3999999999999999,1891.4377588416032,1902.6967995930647,-11.259040751461498,0,2
2025-09-08,Malawi,Liberia,0.2,0.3,0.8,0.7,1.6,1.7,-0.8,-1.0,1460.2659375641151,1398.8065251931168,61.45941237099828,0,1
2025-09-08,Kosovo,Sweden,0.8,0.7,2.4,2.9,1.1,1.0,1.2999999999999998,1.9,1648.0313118428585,1817.211568687638,-169.18025684477948,0,0
2025-09-08,Uganda,Somalia,0.6,0.0,1.3,0.5,1.0,2.1,0.30000000000000004,-1.6,1534.3534493183952,1026.7845343088188,507.56891500957636,0,0
2025-09-08,Equatorial Guinea,Tunisia,0.4,0.6,1.3,1.4,1.2,0.8,0.10000000000000009,0.5999999999999999,1558.617671492016,1737.0467618996488,-178.42909040763288,0,2
2025-09-08,Indonesia,Lebanon,0.5,0.5,1.5,1.9,1.6,0.6,-0.10000000000000009,1.2999999999999998,1509.3101656717488,1446.2309630357752,63.079202635973616,0,1
2025-09-08,Malaysia,Palestine,0.4,0.2,1.5,1.0,1.1,1.3,0.3999999999999999,-0.30000000000000004,1461.1578120429415,1591.1232611629775,-129.96544912003606,0,0
2025-09-08,Syria,Kuwait,0.5,0.1,1.1,0.8,1.5,1.7,-0.3999999999999999,-0.8999999999999999,1567.617289386789,1436.5674204060108,131.04986898077823,1,1
2025-09-08,United Arab Emirates,Bahrain,0.4,0.4,1.7,1.1,0.9,1.3,0.7999999999999999,-0.19999999999999996,1678.110324747938,1564.775368303424,113.33495644451386,0,0
2025-09-08,Czech Republic,Saudi Arabia,0.7,0.5,1.9,1.0,1.0,0.7,0.8999999999999999,0.30000000000000004,1818.8274206052552,1699.3332933940371,119.49412721121803,0,1
2025-09-08,Libya,Eswatini,0.3,0.0,0.8,0.6,1.0,2.1,-0.19999999999999996,-1.5,1529.5847838127784,1320.0416448989358,209.54313891384254,0,0
2025-09-08,Zambia,Morocco,0.4,1.0,0.8,3.4,1.3,0.2,-0.5,3.1999999999999997,1587.9444202060777,1912.0703639374783,-324.12594373140064,0,2
2025-09-08,Mozambique,Botswana,0.4,0.4,1.3,1.1,1.7,1.4,-0.3999999999999999,-0.2999999999999998,1525.3278306380396,1464.441046518376,60.886784119663616,0,0
2025-09-08,Guinea,Algeria,0.4,0.8,1.2,2.9,0.7,0.9,0.5,2.0,1578.451450354317,1816.939526180865,-238.48807582654786,1,1
2025-09-08,Guinea-Bissau,Djibouti,0.0,0.0,0.6,0.5,1.5,2.9,-0.9,-2.4,1372.4237748589355,1088.3276518238172,284.09612303511835,0,0
2025-09-09,France,Iceland,0.7,0.3,2.1,1.8,1.0,2.0,1.1,-0.19999999999999996,2122.3423647570985,1623.927514589115,498.41485016798356,0,0
2025-09-09,Angola,Mauritius,0.4,0.1,1.0,0.7,0.7,1.5,0.30000000000000004,-0.8,1593.6265948982018,1204.861763916797,388.7648309814049,0,0
2025-09-09,Tanzania,Niger,0.2,0.4,0.4,1.9,1.1,1.6,-0.7000000000000001,0.2999999999999998,1482.9131631949515,1454.348941506687,28.564221688264524,0,2
2025-09-09,Kenya,Seychelles,0.2,0.0,1.1,0.4,1.2,4.0,-0.09999999999999987,-3.6,1443.1334431160035,1020.1041852259244,423.02925789007907,0,0
2025-09-09,Gabon,Ivory Coast,0.7,0.6,2.0,1.3,1.0,0.4,1.0,0.9,1579.5448964498812,1713.3158074191997,-133.7709109693185,0,1
2025-09-09,Gambia,Burundi,0.4,0.2,1.4,0.7,1.2,1.1,0.19999999999999996,-0.40000000000000013,1540.1987482976908,1442.523511776864,97.67523652082673,1,0
2025-09-09,Namibia,São Tomé and Príncipe,0.1,0.0,0.5,0.5,1.0,2.4,-0.5,-1.9,1476.016731738015,1157.1143735946375,318.90235814337757,1,0
2025-09-09,Azerbaijan,Ukraine,0.0,0.4,0.3,1.4,2.6,1.7,-2.3000000000000003,-0.30000000000000004,1417.002554765591,1852.025670558871,-435.0231157932801,0,1
2025-09-09,Hungary,Portugal,0.2,0.6,0.9,2.5,1.7,1.0,-0.7999999999999999,1.5,1762.4352912237237,2072.698248152285,-310.2629569285614,0,2
2025-09-09,Jamaica,Trinidad and Tobago,0.6,0.3,2.0,1.7,1.1,1.9,0.8999999999999999,-0.19999999999999996,1694.7021250216037,1554.3271079109095,140.37501711069422,0,0
2025-09-09,Cyprus,Romania,0.2,0.6,0.8,2.0,2.2,1.0,-1.4000000000000001,1.0,1353.0867514459649,1720.707348233146,-367.62059678718106,0,1
2025-09-09,Norway,Moldova,0.9,0.3,2.9,0.7,0.9,1.8,2.0,-1.1,1908.9765120259297,1349.0810918527284,559.8954201732013,0,0
2025-09-09,Albania,Latvia,0.3,0.2,0.7,0.5,0.8,1.2,-0.10000000000000009,-0.7,1681.120925470441,1360.217702798003,320.903222672438,0,0
2025-09-09,Serbia,England,0.4,0.8,1.0,2.3,0.7,0.6,0.30000000000000004,1.6999999999999997,1894.975002464339,2044.3359205158035,-149.36091805146452,0,2
2025-09-09,Cape Verde,Cameroon,0.4,0.6,1.1,1.7,0.7,0.4,0.40000000000000013,1.2999999999999998,1641.768378293949,1704.978360948477,-63.209982654528176,0,0
2025-09-09,Curaçao,Bermuda,0.5,0.6,2.1,2.3,0.7,2.2,1.4000000000000001,0.09999999999999964,1583.5048762915517,1349.288060045236,234.2168162463156,0,0
2025-09-09,Costa Rica,Haiti,0.6,0.5,3.2,2.7,1.2,1.2,2.0,1.5000000000000002,1808.377579475432,1633.2596148572943,175.11796461813765,0,1
2025-09-09,Honduras,Nicaragua,0.6,0.3,1.5,0.8,1.2,1.2,0.30000000000000004,-0.3999999999999999,1711.211052345748,1513.0331144899142,198.17793785583376,0,0
2025-09-09,Bosnia and Herzegovina,Austria,0.4,0.6,1.3,2.1,1.5,0.8,-0.19999999999999996,1.3,1577.015767013154,1902.7351031426788,-325.7193361295249,0,2
2025-09-09,Benin,Lesotho,0.3,0.2,1.0,0.6,1.2,1.8,-0.19999999999999996,-1.2000000000000002,1537.5047596813183,1434.697729339843,102.80703034147541,1,0
2025-09-09,Armenia,Republic of Ireland,0.1,0.4,0.9,1.0,2.9,1.5,-2.0,-0.5,1446.6293579124365,1688.003934299926,-241.37457638748947,0,0
2025-09-09,Zimbabwe,Rwanda,0.2,0.2,1.0,0.5,1.1,1.4,-0.10000000000000009,-0.8999999999999999,1470.1678050535988,1424.0066203586168,46.16118469498201,1,2
2025-09-09,South Africa,Nigeria,0.7,0.4,2.1,1.2,0.6,0.8,1.5,0.3999999999999999,1684.7937709078114,1694.7855087605485,-9.99173785273706,0,1
2025-09-09,Estonia,Andorra,0.2,0.1,0.8,0.2,2.1,1.4,-1.3,-1.2,1420.4514776171748,1129.452260831003,290.9992167861717,0,1
2025-09-09,Jordan,Dominican Republic,0.2,0.5,0.9,3.1,0.7,1.3,0.20000000000000007,1.8,1754.6667647589925,1479.7421375924332,274.9246271665593,0,0
2025-09-09,Malta,San Marino,0.3,0.1,0.5,0.5,1.4,2.4,-0.8999999999999999,-1.9,1313.17550842347,919.5530425612232,393.62246586224694,0,0
2025-09-09,Mexico,South Korea,0.7,0.7,1.5,2.2,0.8,0.7,0.7,1.5000000000000002,1972.397322713506,1901.6658811749724,70.73144153853355,1,1
2025-09-09,New Zealand,Australia,0.7,0.6,3.6,1.7,0.5,0.6,3.1,1.1,1807.1637751607357,1897.069099621301,-89.90532446056523,0,2
2025-09-09,Sri Lanka,Maldives,0.4,0.2,0.9,0.9,1.2,1.7,-0.29999999999999993,-0.7999999999999999,987.054684207446,1078.9685028981987,-91.91381869075269,0,1
2025-09-09,United States,Japan,0.4,0.6,1.5,2.3,1.6,0.3,-0.10000000000000009,1.9999999999999998,1791.672012015675,1961.821138785788,-170.14912677011307,0,0
2025-09-09,Wales,Canada,0.6,0.6,2.0,2.2,1.0,0.7,1.0,1.5000000000000002,1790.7682373433051,1894.282439961604,-103.5142026182989,0,2
2025-09-09,Ecuador,Argentina,0.4,0.6,0.8,2.0,0.1,0.7,0.7000000000000001,1.3,1988.1672683656557,2207.0632246724463,-218.8959563067906,0,0
2025-09-09,Singapore,Myanmar,0.3,0.4,1.2,1.3,1.4,1.6,-0.19999999999999996,-0.30000000000000004,1248.8984589924437,1135.1590320987827,113.73942689366095,0,1
2025-09-09,Peru,Paraguay,0.2,0.5,0.4,1.2,1.1,0.7,-0.7000000000000001,0.5,1808.147156138881,1899.225471627831,-91.07831548895001,0,2
2025-09-09,Bolivia,Brazil,0.3,0.5,0.8,1.5,2.1,0.9,-1.3,0.6,1735.2399892960916,2081.4072232938406,-346.167233997749,0,0
2025-09-09,Venezuela,Colombia,0.2,0.3,1.0,1.5,1.8,1.1,-0.8,0.3999999999999999,1824.7409510152704,2033.303971240345,-208.56302022507452,0,2
2025-09-09,Mauritania,South Sudan,0.2,0.1,0.7,0.8,1.2,2.1,-0.5,-1.3,1470.6605170733726,1263.2624140369826,207.39810303639,0,1
2025-09-09,Chile,Uruguay,0.2,0.3,1.1,0.9,1.6,0.7,-0.5,0.20000000000000007,1760.733875486888,1992.4374306592724,-231.7035551723843,0,1
2025-09-09,Sierra Leone,Ethiopia,0.2,0.2,1.1,1.0,1.5,1.8,-0.3999999999999999,-0.8,1459.1757568639996,1395.3872474219968,63.788509442002805,1,0
2025-09-09,Burkina Faso,Egypt,0.6,0.7,1.9,1.8,1.0,0.3,0.8999999999999999,1.5,1642.919551870867,1781.2370063402034,-138.31745446933633,0,1
2025-09-09,Togo,Sudan,0.1,0.1,0.9,0.4,1.7,0.9,-0.7999999999999999,-0.5,1457.8902925241275,1520.8098558969164,-62.91956337278884,0,0
2025-09-09,DR Congo,Senegal,0.8,0.8,1.7,1.7,0.5,0.2,1.2,1.5,1708.2148046728903,1900.549913944547,-192.33510927165662,0,2
2025-10-04,Saint Kitts and Nevis,Saint Martin,0.4,0.6,1.7,2.8,2.4,1.4,-0.7,1.4,1254.5153164174608,1284.5563763188718,-30.041059901411018,0,0
2025-10-05,Saint Kitts and Nevis,Saint Martin,0.4,0.5,2.0,2.2,2.4,1.9,-0.3999999999999999,0.30000000000000027,1270.5417147935657,1268.5299779427671,2.0117368507985702,0,0
2025-10-05,Saint Vincent and the Grenadines,Cuba,0.5,0.2,2.1,1.2,1.1,1.6,1.0,-0.40000000000000013,1340.164712400032,1386.8201025195983,-46.65539011956639,0,0
2025-10-08,Gibraltar,New Caledonia,0.1,0.6,0.5,2.8,2.0,1.0,-1.5,1.7999999999999998,1124.3391419246614,1608.011254323179,-483.6721123985176,0,2
2025-10-08,Chad,Mali,0.0,0.6,0.4,1.5,1.8,0.2,-1.4,1.3,1270.9336266319335,1702.8803427840303,-431.94671615209677,0,2
2025-10-08,Central African Republic,Ghana,0.1,0.4,0.3,1.7,2.2,0.8,-1.9000000000000001,0.8999999999999999,1360.8227460432497,1608.5794590747971,-247.7567130315474,1,2
2025-10-08,Tanzania,Zambia,0.2,0.4,0.4,0.8,1.1,1.4,-0.7000000000000001,-0.5999999999999999,1455.8326716170266,1574.995004762498,-119.1623331454714,0,2
2025-10-08,Comoros,Madagascar,0.5,0.3,1.1,1.4,1.3,1.5,-0.19999999999999996,-0.10000000000000009,1518.0310540017708,1468.0659761077884,49.965077893982425,1,2
2025-10-08,Saint Vincent and the Grenadines,Cuba,0.5,0.2,2.6,1.2,1.0,2.3,1.6,-1.0999999999999999,1359.2369971901614,1367.7478177294688,-8.51082053930736,0,0
2025-10-08,Niger,Congo,0.5,0.1,1.9,0.8,1.5,2.4,0.3999999999999999,-1.5999999999999999,1481.429433084612,1349.0981483479486,132.3312847366633,1,0
2025-10-08,Sierra Leone,Burkina Faso,0.3,0.6,1.1,1.9,1.3,0.7,-0.19999999999999996,1.2,1483.7288787020786,1645.1163823065108,-161.38750360443214,1,2
2025-10-08,Eswatini,Angola,0.0,0.5,0.5,1.2,2.1,0.7,-1.6,0.5,1311.3973282833256,1597.0223541453513,-285.6250258620257,0,1
2025-10-08,Libya,Cape Verde,0.3,0.5,0.8,1.2,0.9,0.6,-0.09999999999999998,0.6,1538.2291004283886,1659.6584547689345,-121.42935434054584,0,1
2025-10-08,Djibouti,Egypt,0.0,0.7,0.5,1.7,2.5,0.2,-2.0,1.5,1082.4018173210354,1779.0401759045596,-696.6383585835242,1,2
2025-10-08,Ethiopia,Guinea-Bissau,0.2,0.1,0.9,0.7,1.9,1.3,-0.9999999999999999,-0.6000000000000001,1370.8341255839175,1378.3496093617173,-7.515483777799773,1,0
2025-10-08,Saudi Arabia,Indonesia,0.4,0.4,1.0,1.3,0.8,1.6,0.19999999999999996,-0.30000000000000004,1704.9258874391564,1504.9331859861734,199.99270145298306,0,0
2025-10-08,Qatar,Oman,0.2,0.3,1.5,0.8,1.9,0.9,-0.3999999999999999,-0.09999999999999998,1622.9744936399102,1616.8466600866625,6.127833553247683,0,1
2025-10-08,Mauritius,Cameroon,0.1,0.6,0.8,1.7,1.7,0.5,-0.8999999999999999,1.2,1201.4660046696474,1687.0882844734915,-485.6222798038441,0,2
2025-10-09,Timor-Leste,Philippines,0.2,0.4,0.5,1.7,2.5,1.3,-2.0,0.3999999999999999,919.4635228461542,1300.1036436231657,-380.6401207770115,1,2
2025-10-09,Brunei,Yemen,0.5,0.2,0.9,0.8,1.0,1.1,-0.09999999999999998,-0.30000000000000004,917.6499424645094,1267.0310006309865,-349.38105816647703,0,2
2025-10-09,Lebanon,Bhutan,0.4,0.3,1.5,0.5,0.6,1.7,0.9,-1.2,1450.6079427213506,878.3862607981949,572.2216819231556,1,0
2025-10-09,Singapore,India,0.2,0.1,1.0,0.6,1.5,1.0,-0.5,-0.4,1243.4207468096972,1293.3169658288257,-49.896219019128466,0,1
2025-10-09,Bangladesh,Hong Kong,0.3,0.7,0.6,2.3,1.1,0.3,-0.5000000000000001,1.9999999999999998,1101.7461083588776,1375.577890057101,-273.8317816982235,0,2
2025-10-09,Sri Lanka,Turkmenistan,0.4,0.3,0.8,1.4,1.1,1.8,-0.30000000000000004,-0.40000000000000013,986.8219872144936,1414.3434179736296,-427.521430759136,0,0
2025-10-09,Thailand,Taiwan,0.5,0.2,1.6,1.4,1.2,2.9,0.40000000000000013,-1.5,1513.130326467743,1076.6371134163132,436.49321305142985,0,0
2025-10-09,Laos,Malaysia,0.1,0.5,1.2,1.5,2.4,1.0,-1.2,0.5,951.458279150818,1472.0181547984173,-520.5598756475993,0,2
2025-10-09,Syria,Myanmar,0.5,0.3,1.3,1.2,1.6,1.7,-0.30000000000000004,-0.5,1564.0146267587506,1140.636744281529,423.37788247722165,1,0
2025-10-09,Vietnam,Nepal,0.8,0.2,2.4,0.6,1.0,1.7,1.4,-1.1,1454.1060777762889,1110.0411860850786,344.0648916912103,0,0
2025-10-09,Liberia,Namibia,0.2,0.2,0.8,0.8,1.9,1.0,-1.0999999999999999,-0.19999999999999996,1407.484951732038,1485.6455651432243,-78.1606134111862,0,0
2025-10-09,Nicaragua,Haiti,0.2,0.4,0.7,2.5,1.4,1.2,-0.7,1.3,1503.893376454175,1646.4487661225885,-142.55538966841345,0,2
2025-10-09,Honduras,Costa Rica,0.6,0.6,1.2,3.5,0.9,1.2,0.29999999999999993,2.3,1720.350790381487,1795.1884282101378,-74.83763782865071,0,1
2025-10-09,Tajikistan,Maldives,0.4,0.2,1.2,1.0,1.4,1.7,-0.19999999999999996,-0.7,1418.7886269457535,1079.2011998911512,339.58742705460236,0,0
2025-10-09,Pakistan,Afghanistan,0.1,0.1,0.2,0.4,2.9,1.6,-2.6999999999999997,-1.2000000000000002,1009.7817809524928,1242.368847061624,-232.58706610913111,0,1
2025-10-09,Czech Republic,Croatia,0.6,0.6,1.7,2.5,0.9,0.9,0.7999999999999999,1.6,1813.234826560136,1982.064602199824,-168.82977563968802,0,1
2025-10-09,Austria,San Marino,0.7,0.1,2.2,0.6,0.7,2.6,1.5000000000000002,-2.0,1911.3061144243684,917.8994019682966,993.4067124560718,0,0
2025-10-09,Cyprus,Bosnia and Herzegovina,0.2,0.4,1.0,1.4,2.0,1.7,-1.0,-0.30000000000000004,1366.0285263655408,1568.4447557314645,-202.41622936592375,0,1
2025-10-09,Faroe Islands,Montenegro,0.3,0.3,0.8,0.9,1.0,1.6,-0.19999999999999996,-0.7000000000000001,1336.2227476404155,1544.895429213443,-208.6726815730276,0,0
2025-10-09,Poland,New Zealand,0.4,0.7,1.6,3.6,1.7,0.7,-0.09999999999999987,2.9000000000000004,1768.6895608030982,1784.0102257904598,-15.320664987361624,0,0
2025-10-09,Romania,Moldova,0.5,0.2,1.9,0.7,1.1,2.9,0.7999999999999998,-2.2,1707.76557331357,1346.7805527812775,360.98502053229254,0,0
2025-10-09,Morocco,Bahrain,1.0,0.3,3.5,0.8,0.2,1.2,3.3,-0.3999999999999999,1925.019779381058,1560.2449267941515,364.7748525869065,0,0
2025-10-09,Grenada,British Virgin Islands,0.4,0.0,1.7,0.2,1.4,1.9,0.30000000000000004,-1.7,1303.8391843603383,924.7024465395592,379.1367378207791,0,0
2025-10-09,Burundi,Kenya,0.2,0.3,0.7,1.5,1.2,1.1,-0.5,0.3999999999999999,1420.7420832709515,1446.8886761828958,-26.146592911944254,0,2
2025-10-09,Algeria,Somalia,0.7,0.0,2.4,0.5,0.8,2.1,1.5999999999999999,-1.6,1805.025931938168,1025.021438185786,780.0044937523819,0,0
2025-10-09,England,Wales,0.8,0.5,2.6,1.8,0.6,1.0,2.0,0.8,2078.6909639987834,1780.8693807761376,297.8215832226458,0,0
2025-10-09,Mozambique,Guinea,0.5,0.4,1.4,1.2,1.6,0.6,-0.20000000000000018,0.6,1542.3503543855786,1590.3650445970147,-48.01469021143612,0,2
2025-10-09,Malawi,Equatorial Guinea,0.2,0.4,1.0,1.1,1.7,1.1,-0.7,0.0,1451.587511025194,1543.0572581236586,-91.4697470984645,0,0
2025-10-09,Scotland,Greece,0.5,0.7,1.2,2.2,0.9,1.0,0.29999999999999993,1.2000000000000002,1790.1317019249973,1847.6876210129533,-57.555919087956,0,0
2025-10-09,Belarus,Denmark,0.3,0.4,1.5,1.6,1.6,1.1,-0.10000000000000009,0.5,1531.9221330210542,1946.446937421715,-414.52480440066074,1,2
2025-10-09,Malta,Netherlands,0.4,0.4,0.8,2.5,1.3,1.1,-0.5,1.4,1314.8291490163967,2018.851137627886,-704.0219886114892,0,2
2025-10-09,Finland,Lithuania,0.2,0.0,0.8,0.8,1.7,1.9,-0.8999999999999999,-1.0999999999999999,1604.9655811351474,1347.924504074232,257.04107706091554,0,0
2025-10-09,Botswana,Uganda,0.3,0.6,0.8,1.3,1.5,1.0,-0.7,0.30000000000000004,1447.418522770837,1536.116545441428,-88.69802267059094,0,2
2025-10-10,Seychelles,Ivory Coast,0.0,0.5,0.2,1.1,4.1,0.4,-3.8999999999999995,0.7000000000000001,1016.348952159032,1711.377896759651,-695.0289446006191,1,2
2025-10-10,Tunisia,São Tomé and Príncipe,0.6,0.0,1.3,0.5,0.7,2.1,0.6000000000000001,-1.6,1752.6071752680064,1147.485540189428,605.1216350785783,0,0
2025-10-10,Northern Ireland,Slovakia,0.4,0.4,1.7,1.1,1.4,1.1,0.30000000000000004,0.0,1636.9758163887411,1777.7792671535972,-140.80345076485605,0,0
2025-10-10,Germany,Luxembourg,0.5,0.1,2.0,0.6,1.3,1.2,0.7,-0.6,1949.5130223313356,1467.0055933579845,482.5074289733511,0,0
2025-10-10,Kosovo,Slovenia,0.8,0.4,2.2,0.9,1.1,1.4,1.1,-0.4999999999999999,1683.9271027941193,1785.0125590423402,-101.08545624822091,0,1
2025-10-10,Sweden,Switzerland,0.6,0.5,2.6,2.4,1.2,1.2,1.4000000000000001,1.2,1781.315777736377,1937.6520205382085,-156.33624280183153,0,2
2025-10-10,Belgium,North Macedonia,0.4,0.7,2.4,1.9,1.3,0.4,1.0999999999999999,1.5,1917.3927282604595,1681.1382962840778,236.25443197638174,0,1
2025-10-10,France,Azerbaijan,0.7,0.0,2.1,0.4,1.1,2.5,1.0,-2.1,2123.579393894673,1431.9260998558134,691.6532940388597,0,0
2025-10-10,Curaçao,Jamaica,0.5,0.7,2.3,2.1,0.9,1.0,1.4,1.1,1588.6019385871032,1706.726955780255,-118.12501719315173,0,0
2025-10-10,Suriname,Guatemala,0.4,0.3,0.9,1.2,1.1,1.4,-0.20000000000000007,-0.19999999999999996,1586.6111620549236,1649.6558526029946,-63.044690548071,0,1
2025-10-10,El Salvador,Panama,0.4,0.6,0.9,1.9,0.8,0.7,0.09999999999999998,1.2,1521.0377338095973,1854.8483044637296,-333.81057065413233,0,2
2025-10-10,Bermuda,Trinidad and Tobago,0.5,0.2,2.4,1.5,2.5,2.0,-0.10000000000000009,-0.5,1344.1909977496844,1542.3022771522585,-198.11127940257416,0,2
2025-10-10,Gambia,Gabon,0.5,0.6,1.5,1.8,1.0,1.0,0.5,0.8,1561.9801768036032,1581.4828071094294,-19.502630305826187,1,2
2025-10-10,Iceland,Ukraine,0.3,0.4,1.8,1.3,1.9,1.5,-0.09999999999999987,-0.19999999999999996,1622.6904854515403,1837.1021254686489,-214.41164001710854,0,2
2025-10-10,South Africa,Zimbabwe,0.6,0.2,1.9,1.0,0.5,1.2,1.4,-0.19999999999999996,1679.7253625754483,1447.526079716508,232.19928285894025,0,1
2025-10-10,Kazakhstan,Liechtenstein,0.2,0.1,0.6,0.2,2.3,2.8,-1.6999999999999997,-2.5999999999999996,1466.8078822421858,987.6023838792748,479.20549836291093,0,0
2025-10-10,Lesotho,Nigeria,0.2,0.4,0.6,1.3,2.1,0.9,-1.5,0.4,1407.9811657612477,1699.8539170929116,-291.87275133166395,1,2
2025-10-10,Rwanda,Benin,0.3,0.4,0.6,1.4,1.4,0.9,-0.7999999999999999,0.4999999999999999,1446.6483456957076,1564.2213232599138,-117.57297756420621,0,2
2025-10-10,Argentina,Venezuela,0.6,0.2,1.9,1.2,0.6,2.3,1.2999999999999998,-1.0999999999999999,2180.474244188108,1800.3348215342485,380.1394226538596,1,0
2025-10-10,Chile,Peru,0.2,0.2,1.0,0.4,1.4,1.1,-0.3999999999999999,-0.7000000000000001,1767.9719237647123,1787.633695547578,-19.6617717828658,0,0
2025-10-10,Canada,Australia,0.6,0.7,2.0,2.0,0.7,0.7,1.3,1.3,1904.181296528771,1920.2226489915763,-16.041352462805207,0,2
2025-10-10,Russia,Iran,0.8,0.7,3.2,1.9,0.4,0.8,2.8000000000000003,1.0999999999999999,1853.9623250811703,1899.0795619827063,-45.11723690153599,0,0
2025-10-10,Uzbekistan,Kuwait,0.5,0.1,1.3,0.9,0.7,1.6,0.6000000000000001,-0.7000000000000001,1825.084950110621,1440.1700830340492,384.9148670765719,0,0
2025-10-10,Japan,Paraguay,0.5,0.5,1.8,1.2,0.5,0.7,1.3,0.5,1943.8330515275704,1919.738932219134,24.094119308436348,0,1
2025-10-10,South Korea,Brazil,0.6,0.5,2.1,1.5,0.8,0.9,1.3,0.6,1903.674029225432,2049.212186220743,-145.53815699531128,0,2
2025-10-10,Uruguay,Dominican Republic,0.3,0.4,0.9,2.6,0.7,1.6,0.20000000000000007,1.0,1985.199382381448,1476.117405784359,509.0819765970889,1,0
2025-10-10,United States,Ecuador,0.5,0.4,1.6,0.8,1.4,0.1,0.20000000000000018,0.7000000000000001,1809.660099273892,2014.7562488499937,-205.09614957610165,0,1
2025-10-10,Togo,DR Congo,0.2,0.7,1.0,1.7,1.6,0.8,-0.6000000000000001,0.8999999999999999,1475.763838643619,1693.4083407094613,-217.6445020658423,0,2
2025-10-10,South Sudan,Senegal,0.1,0.8,0.8,1.9,1.8,0.4,-1.0,1.5,1277.4383612497224,1915.356377907976,-637.9180166582535,0,2
2025-10-10,Sudan,Mauritania,0.1,0.2,0.3,0.7,0.8,1.0,-0.5,-0.30000000000000004,1502.9363097774249,1456.4845698606327,46.45173991679212,1,1
2025-10-10,Jordan,Bolivia,0.3,0.3,1.2,0.7,0.7,2.0,0.5,-1.3,1758.2914965670664,1767.435026369189,-9.143529802122657,1,2
2025-10-11,Portugal,Republic of Ireland,0.6,0.4,2.6,1.1,1.1,1.5,1.5,-0.3999999999999999,2081.8836655671244,1660.287038736862,421.59662683026227,0,0
2025-10-11,Serbia,Albania,0.4,0.4,1.0,0.8,1.0,0.7,0.0,0.10000000000000009,1860.619958981359,1684.3786061387618,176.24135284259728,0,2
2025-10-11,Estonia,Italy,0.2,0.5,0.8,2.4,1.8,1.8,-1.0,0.5999999999999999,1412.357134784606,1947.4089097028095,-535.0517749182036,0,2
2025-10-11,Norway,Israel,0.9,0.5,3.8,1.9,0.9,1.9,2.9,0.0,1911.2770510973803,1684.8144233558296,226.4626277415507,0,0
2025-10-11,Hungary,Armenia,0.2,0.2,1.1,1.1,2.0,2.8,-0.8999999999999999,-1.6999999999999997,1753.2498738088843,1474.3462534755004,278.90362033338397,0,0
2025-10-11,Latvia,Andorra,0.1,0.1,0.4,0.2,1.3,1.3,-0.9,-1.1,1356.9600221296823,1137.546603663572,219.41341846611044,0,1
2025-10-11,Spain,Georgia,0.7,0.4,3.0,1.8,1.4,1.0,1.6,0.8,2235.120377147578,1752.3824139714482,482.7379631761298,0,0
2025-10-11,Iraq,Indonesia,0.5,0.3,1.0,1.4,1.2,1.9,-0.19999999999999996,-0.5,1700.271574632835,1498.893788273385,201.37778635944983,1,0
2025-10-11,United Arab Emirates,Oman,0.4,0.3,1.5,0.7,0.9,0.8,0.6,-0.10000000000000009,1682.6407662572103,1622.7726939850982,59.86807227211216,1,0
2025-10-11,Mexico,Colombia,0.6,0.3,1.5,1.9,0.9,1.3,0.6,0.5999999999999999,1970.3891746630463,2057.7101007213664,-87.32092605832008,1,2
2025-10-11,Grenada,Cuba,0.5,0.2,2.0,1.1,1.3,2.3,0.7,-1.1999999999999997,1305.9261987132936,1360.321865433447,-54.395666720153486,0,0
2025-10-11,Bulgaria,Turkey,0.1,0.6,0.6,1.7,2.2,1.6,-1.6,0.09999999999999987,1500.4387621758983,1887.1083040448243,-386.669541868926,0,2
2025-10-12,Croatia,Gibraltar,0.5,0.0,2.3,0.4,0.8,2.2,1.4999999999999998,-1.8000000000000003,1978.1534748348204,1121.3697006446089,856.7837741902115,0,0
2025-10-12,Faroe Islands,Czech Republic,0.4,0.5,1.0,1.5,0.8,0.9,0.19999999999999996,0.6,1385.0840739357525,1817.145953925139,-432.0618799893866,0,0
2025-10-12,Romania,Austria,0.5,0.7,1.8,2.8,1.2,0.7,0.6000000000000001,2.0999999999999996,1709.0808697988746,1911.499699149332,-202.41882935045737,0,0
2025-10-12,San Marino,Cyprus,0.1,0.2,0.6,1.2,3.5,1.9,-2.9,-0.7,917.7058172433328,1371.7590496913422,-454.05323244800934,0,2
2025-10-12,Lithuania,Poland,0.0,0.5,0.8,1.6,1.9,1.4,-1.0999999999999999,0.20000000000000018,1343.3837609207817,1776.2994339276129,-432.9156730068312,0,2
2025-10-12,Netherlands,Finland,0.5,0.3,2.8,0.9,1.0,1.6,1.7999999999999998,-0.7000000000000001,2021.0991057867088,1609.506324288598,411.59278149811075,0,0
2025-10-12,Scotland,Belarus,0.6,0.3,1.4,1.5,0.8,2.2,0.5999999999999999,-0.7000000000000002,1816.4849089485908,1524.762468275602,291.7224406729888,0,0
2025-10-12,Denmark,Greece,0.5,0.6,2.2,2.1,1.0,1.2,1.2000000000000002,0.9000000000000001,1953.6066021671668,1821.33441398936,132.2721881778068,0,0
2025-10-12,Ghana,Comoros,0.5,0.5,2.2,1.1,0.8,1.4,1.4000000000000001,-0.2999999999999998,1624.0747472297228,1495.1744985459618,128.900248683761,0,0
2025-10-12,Chad,Central African Republic,0.0,0.1,0.4,0.3,2.0,2.5,-1.6,-2.2,1263.2004285108171,1345.3274578883238,-82.12702937750669,0,2
2025-10-12,Zambia,Niger,0.5,0.6,0.8,2.2,1.2,1.4,-0.3999999999999999,0.8000000000000003,1593.8930493242026,1500.525288057717,93.36776126648556,0,2
2025-10-12,Egypt,Guinea-Bissau,0.7,0.1,1.7,0.7,0.2,1.3,1.5,-0.6000000000000001,1780.286694601224,1357.917050803396,422.3696437978281,0,0
2025-10-12,Djibouti,Sierra Leone,0.0,0.3,0.5,1.1,2.7,1.4,-2.2,-0.2999999999999998,1081.1552986243712,1472.4039449363484,-391.24864631197715,1,2
2025-10-12,Burkina Faso,Ethiopia,0.7,0.3,1.9,1.0,0.6,1.9,1.2999999999999998,-0.8999999999999999,1656.441316072241,1391.266684142239,265.1746319300021,0,0
2025-10-12,Malta,Bosnia and Herzegovina,0.3,0.4,0.7,1.5,1.7,1.7,-1.0,-0.19999999999999996,1312.581180857574,1562.7142324056629,-250.13305154808882,0,2
2025-10-12,Mali,Madagascar,0.6,0.4,1.6,1.5,0.2,1.5,1.4000000000000001,0.0,1710.613540905147,1490.9225315635974,219.6910093415495,0,0
2025-10-13,Slovenia,Switzerland,0.4,0.6,0.9,2.6,1.1,1.0,-0.20000000000000007,1.6,1784.9500753612265,1962.8297471600688,-177.8796717988423,0,1
2025-10-13,Sweden,Kosovo,0.6,0.7,2.4,2.0,1.2,1.0,1.2,1.0,1756.1380511145169,1683.9895864752332,72.1484646392837,0,2
2025-10-13,Iceland,France,0.3,0.7,1.9,2.0,2.2,1.0,-0.30000000000000027,1.0,1602.2273206342215,2124.3062222088497,-522.0789015746282,0,1
2025-10-13,Costa Rica,Nicaragua,0.5,0.2,2.8,0.6,1.2,1.6,1.5999999999999999,-1.0,1796.6343630677677,1473.1590151693013,323.47534789846645,0,0
2025-10-13,Wales,Belgium,0.5,0.4,1.6,2.2,1.1,1.1,0.5,1.1,1777.651103381758,1902.4378506465775,-124.7867472648195,0,2
2025-10-13,Honduras,Haiti,0.5,0.4,1.0,2.0,0.9,1.2,0.09999999999999998,0.8,1718.9048555238571,1677.1831274074625,41.721728116394615,0,0
2025-10-13,Slovakia,Luxembourg,0.4,0.1,0.9,0.6,1.1,1.6,-0.20000000000000007,-1.0,1744.2721233666505,1464.4712601161912,279.8008632504593,0,0
2025-10-13,Ukraine,Azerbaijan,0.4,0.0,1.7,0.3,1.8,2.5,-0.10000000000000009,-2.2,1857.5652902859676,1431.1992715416368,426.36601874433086,1,0
2025-10-13,Northern Ireland,Germany,0.5,0.5,1.9,2.2,1.4,1.2,0.5,1.0000000000000002,1670.4829601756878,1952.0473555731285,-281.56439539744065,0,2
2025-10-13,North Macedonia,Kazakhstan,0.6,0.3,1.6,1.0,0.4,2.2,1.2000000000000002,-1.2000000000000002,1696.093173897959,1469.389173617191,226.704000280768,0,1
2025-10-13,São Tomé and Príncipe,Malawi,0.0,0.3,0.5,1.1,2.3,1.4,-1.7999999999999998,-0.2999999999999998,1146.042826217286,1485.7283621994677,-339.6855359821818,1,0
2025-10-13,Uzbekistan,Uruguay,0.5,0.4,1.2,1.0,0.5,0.6,0.7,0.4,1826.8186796260595,1986.2126967883744,-159.39401716231487,1,2
2025-10-13,Tunisia,Namibia,0.7,0.2,1.9,0.9,0.6,1.2,1.2999999999999998,-0.29999999999999993,1754.0498892401483,1457.5288495915418,296.5210396486066,0,0
2025-10-13,South Sudan,Togo,0.1,0.2,0.8,0.9,2.2,1.6,-1.4000000000000001,-0.7000000000000001,1273.978229247236,1462.2885225367393,-188.3102932895033,0,1
2025-10-13,Lesotho,Zimbabwe,0.2,0.1,0.6,0.9,2.0,1.2,-1.4,-0.29999999999999993,1401.6981659089304,1462.377140196396,-60.678974287465735,1,0
2025-10-13,Montenegro,Liechtenstein,0.3,0.0,0.9,0.1,1.9,3.2,-0.9999999999999999,-3.1,1496.0341029181063,985.0210925042696,511.0130104138367,0,0
2025-10-13,Cameroon,Angola,0.6,0.4,1.5,1.3,0.4,0.9,1.1,0.4,1692.9673657081846,1587.249560568018,105.71780514016655,0,1
2025-10-13,Mauritius,Libya,0.1,0.3,0.7,1.1,1.7,1.1,-1.0,0.0,1195.5869234349543,1539.4611113265155,-343.8741878915612,0,1
2025-10-13,Equatorial Guinea,Liberia,0.3,0.3,1.0,1.0,1.4,1.9,-0.3999999999999999,-0.8999999999999999,1508.916406949385,1435.6016672837209,73.31473966566409,0,1
2025-10-13,Cape Verde,Eswatini,0.5,0.0,1.5,0.7,0.8,2.2,0.7,-1.5000000000000002,1658.4264438708076,1321.1701218606588,337.2563220101488,0,0
2025-10-14,Bhutan,Lebanon,0.2,0.4,0.4,1.6,1.9,0.6,-1.5,1.0,876.2395485234711,1452.7546549960744,-576.5151064726033,1,2
2025-10-14,Portugal,Hungary,0.6,0.3,2.4,1.2,1.0,1.9,1.4,-0.7,2083.776095006041,1759.3372660746445,324.43882893139653,0,1
2025-10-14,Republic of Ireland,Armenia,0.3,0.2,0.9,0.9,1.5,2.8,-0.6,-1.9,1658.3946092979452,1468.2588612097404,190.13574808820476,0,0
2025-10-14,Estonia,Moldova,0.1,0.1,0.6,0.6,2.0,3.1,-1.4,-2.5,1407.8239464235642,1345.465256295973,62.35869012759122,0,1
2025-10-14,Italy,Israel,0.6,0.5,2.5,1.8,1.7,2.0,0.8,-0.19999999999999996,1951.9420980638515,1674.216603269498,277.7254947943536,0,0
2025-10-14,Andorra,Serbia,0.1,0.3,0.4,0.8,1.3,1.1,-0.9,-0.30000000000000004,1152.0583585750164,1827.394341021734,-675.3359824467175,0,2
2025-10-14,Latvia,England,0.1,0.9,0.6,2.8,1.2,0.4,-0.6,2.4,1342.4482672182378,2081.909241393163,-739.4609741749252,0,2
2025-10-14,Maldives,Tajikistan,0.2,0.5,0.9,1.4,1.8,1.3,-0.9,0.09999999999999987,1074.776222270248,1423.2136045666568,-348.43738229640894,0,2
2025-10-14,Philippines,Timor-Leste,0.4,0.2,1.8,0.6,1.4,2.7,0.40000000000000013,-2.1,1307.142065624863,912.4251008444568,394.71696478040633,0,0
2025-10-14,Yemen,Brunei,0.3,0.4,1.0,0.8,0.8,1.2,0.19999999999999996,-0.3999999999999999,1278.565099002184,906.115844093312,372.44925490887204,1,0
2025-10-14,Myanmar,Syria,0.3,0.6,1.3,1.8,2.2,1.2,-0.9000000000000001,0.6000000000000001,1134.6080438655645,1570.0433271747152,-435.4352833091507,0,2
2025-10-14,Hong Kong,Bangladesh,0.7,0.3,2.6,0.9,0.6,1.3,2.0,-0.4,1386.330387236155,1090.9936111798236,295.3367760563315,0,1
2025-10-14,Taiwan,Thailand,0.2,0.6,1.3,1.7,2.6,1.0,-1.3,0.7,1074.0215739900436,1515.7458658940127,-441.72429190396906,0,2
2025-10-14,Turkmenistan,Sri Lanka,0.3,0.5,1.3,0.9,1.6,0.9,-0.30000000000000004,0.0,1379.6143725055806,1021.5510326825424,358.0633398230382,0,0
2025-10-14,Turkey,Georgia,0.6,0.4,2.2,1.8,1.7,1.1,0.5000000000000002,0.7,1899.9948303140511,1750.357545425759,149.63728488829202,0,0
2025-10-14,Afghanistan,Pakistan,0.1,0.1,0.4,0.2,1.2,2.9,-0.7999999999999999,-2.6999999999999997,1235.086641709963,1017.063986304154,218.02265540580902,1,1
2025-10-14,Malaysia,Laos,0.6,0.1,1.6,1.2,0.8,2.6,0.8,-1.4000000000000001,1477.729454576137,945.7469793730984,531.9824752030386,0,0
2025-10-14,Panama,Suriname,0.6,0.4,1.9,1.0,0.7,0.9,1.2,0.09999999999999998,1863.1098205204296,1584.4918299207393,278.6179905996903,0,1
2025-10-14,El Salvador,Guatemala,0.3,0.3,0.8,1.2,0.9,1.4,-0.09999999999999998,-0.19999999999999996,1512.776217752897,1651.775184737179,-138.99896698428188,0,2
2025-10-14,Curaçao,Trinidad and Tobago,0.5,0.2,2.0,1.4,0.9,2.0,1.1,-0.6000000000000001,1620.1655601692491,1567.673328249782,52.49223191946726,0,1
2025-10-14,Jamaica,Bermuda,0.6,0.4,1.8,1.8,1.2,2.7,0.6000000000000001,-0.9000000000000001,1675.163334198109,1318.8199466521603,356.34338754594864,0,0
2025-10-14,India,Singapore,0.1,0.2,0.7,0.9,1.1,1.2,-0.40000000000000013,-0.29999999999999993,1296.1813423499989,1240.5563702885242,55.62497206147464,0,2
2025-10-14,Spain,Bulgaria,0.7,0.1,3.1,0.7,1.4,2.8,1.7000000000000002,-2.0999999999999996,2237.145245693267,1487.5522359066715,749.5930097865955,0,0
2025-10-14,Vietnam,Nepal,0.8,0.2,2.6,0.7,1.1,1.7,1.5,-1.0,1458.4265693564853,1105.7206945048822,352.7058748516031,0,0
2025-10-14,Guinea,Botswana,0.5,0.3,1.4,0.8,0.6,1.5,0.7999999999999999,-0.7,1613.3354257648182,1426.7681580430158,186.5672677218024,1,1
2025-10-14,Somalia,Mozambique,0.0,0.4,0.4,1.3,2.1,1.7,-1.7000000000000002,-0.3999999999999999,1024.582548604094,1519.3799732177752,-494.7974246136812,1,2
2025-10-14,Japan,Brazil,0.4,0.5,1.8,1.8,0.7,0.8,1.1,1.0,1938.6922475952333,2066.6057078341696,-127.9134602389363,0,0
2025-10-14,Iran,Tanzania,0.6,0.2,1.9,0.4,1.0,1.0,0.8999999999999999,-0.6,1890.646205673547,1436.934627055322,453.7115786182251,1,0
2025-10-14,Canada,Colombia,0.6,0.4,2.0,2.3,0.6,1.2,1.4,1.0999999999999999,1891.810737389856,2071.8444448523487,-180.03370746249266,1,1
2025-10-14,South Korea,Paraguay,0.5,0.5,1.9,1.4,1.3,0.9,0.5999999999999999,0.4999999999999999,1886.2805076120053,1924.879736151471,-38.599228539465685,0,0
2025-10-14,Mexico,Ecuador,0.6,0.4,1.3,0.9,0.9,0.2,0.4,0.7,1956.2548305320645,2011.820342928679,-55.56551239661462,0,1
2025-10-14,Norway,New Zealand,0.9,0.6,4.0,3.3,0.9,0.8,3.1,2.5,1921.874871183712,1776.400352665945,145.4745185177669,0,1
2025-10-14,Puerto Rico,Argentina,0.4,0.7,1.5,1.9,1.5,0.5,0.0,1.4,1348.789690551765,2182.4904412536016,-833.7007507018366,1,2
2025-10-14,Russia,Bolivia,0.8,0.3,3.0,0.7,0.5,2.0,2.5,-1.3,1862.39568139033,1777.1719151667808,85.22376622354932,0,0
2025-10-14,United States,Australia,0.5,0.7,1.6,1.8,1.3,0.6,0.30000000000000004,1.2000000000000002,1812.5960051952068,1932.593208130492,-119.99720293528526,0,0
2025-10-14,Albania,Jordan,0.5,0.3,0.9,1.1,0.5,0.7,0.4,0.40000000000000013,1717.604224098387,1748.5546077694746,-30.950383671087593,0,0
2025-10-14,Saudi Arabia,Iraq,0.5,0.5,1.3,1.0,1.0,1.2,0.30000000000000004,-0.19999999999999996,1710.9652851519447,1709.823909331631,1.1413758203136695,0,1
2025-10-14,Senegal,Mauritania,0.8,0.2,2.0,0.7,0.4,0.8,1.6,-0.10000000000000009,1918.8165099104624,1459.1427272721442,459.67378263831824,0,0
2025-10-14,DR Congo,Sudan,0.7,0.1,1.7,0.3,0.8,0.8,0.8999999999999999,-0.5,1706.883656816341,1500.2781523659137,206.60550445042736,0,0
2025-10-14,Nigeria,Benin,0.4,0.4,1.4,1.3,1.0,0.8,0.3999999999999999,0.5,1706.136916945229,1583.2106030983737,122.92631384685524,0,0
2025-10-14,South Africa,Rwanda,0.5,0.3,1.4,0.6,0.5,1.2,0.8999999999999999,-0.6,1664.8743020955606,1427.6590658572477,237.21523623831285,0,0
2025-10-14,Algeria,Uganda,0.7,0.6,2.6,1.3,0.8,1.0,1.8,0.30000000000000004,1805.4648215198597,1556.766910169249,248.69791135061064,0,0
2025-10-14,Morocco,Congo,1.0,0.1,3.1,0.7,0.2,2.3,2.9,-1.5999999999999999,1926.308521029139,1330.0022933748437,596.3062276542953,0,0
2025-10-14,Seychelles,Gambia,0.0,0.5,0.2,1.7,4.7,1.3,-4.5,0.3999999999999999,1014.7316363728348,1543.101660793166,-528.3700244203312,1,2
2025-10-14,Ivory Coast,Kenya,0.5,0.4,1.4,1.6,0.3,1.1,1.0999999999999999,0.5,1712.9952125458487,1471.077124506745,241.91808803910385,0,0
2025-10-14,Gabon,Burundi,0.7,0.2,2.2,0.6,1.3,0.9,0.9000000000000001,-0.30000000000000004,1600.3613231198665,1396.5536349471024,203.80768817276407,0,0
2025-10-14,Qatar,United Arab Emirates,0.2,0.4,1.4,1.2,1.8,1.0,-0.40000000000000013,0.19999999999999996,1617.0484597414743,1699.228191899071,-82.17973215759662,0,0
2025-11-12,Cayman Islands,British Virgin Islands,0.3,0.0,0.5,0.3,2.1,2.3,-1.6,-1.9999999999999998,1066.371194319766,922.615432186604,143.75576213316185,0,2
2025-11-12,Bahamas,Anguilla,0.1,0.1,1.4,0.5,4.3,3.1,-2.9,-2.6,1048.5727203029762,880.9537167975234,167.61900350545284,1,2
2025-11-12,Antigua and Barbuda,Aruba,0.0,0.1,0.3,1.0,2.0,2.6,-1.7,-1.6,1129.4455033022411,1164.950628015078,-35.50512471283696,0,1
2025-11-12,Barbados,Bonaire,0.4,0.2,2.3,0.8,1.6,1.9,0.6999999999999997,-1.0999999999999999,1159.27709842462,1158.0950545463618,1.1820438782581277,1,0
2025-11-12,Saint Kitts and Nevis,Sint Maarten,0.4,0.5,1.9,1.2,2.4,2.4,-0.5,-1.2,1277.687143127219,1266.5009289303837,11.186214196835408,0,1
2025-11-12,Dominican Republic,Saint Vincent and the Grenadines,0.3,0.5,2.0,2.4,1.6,0.9,0.3999999999999999,1.5,1475.104091377433,1366.662949486183,108.44114189125003,0,0
2025-11-12,Cuba,Saint Lucia,0.2,0.4,0.9,1.2,2.3,2.4,-1.4,-1.2,1347.2795326882667,1266.2058493359957,81.07368335227102,1,0
2025-11-12,Russia,Peru,0.8,0.1,3.0,0.4,0.5,1.3,2.5,-0.9,1871.3598809863304,1779.9056664750167,91.4542145113137,0,1
2025-11-12,Tunisia,Mauritania,0.8,0.2,2.1,0.7,0.5,1.1,1.6,-0.40000000000000013,1760.530334493113,1456.2660491860502,304.2642853070629,0,1
2025-11-12,Dominica,Saint Martin,0.2,0.4,0.9,2.1,2.3,2.0,-1.4,0.10000000000000009,1193.0511635674077,1261.3845496091135,-68.33338604170581,1,2
2025-11-13,Moldova,Italy,0.1,0.6,0.7,2.4,3.1,1.6,-2.4000000000000004,0.7999999999999998,1354.1856551767355,1959.0874505571007,-604.9017953803652,0,2
2025-11-13,England,Serbia,0.9,0.4,3.0,1.1,0.3,0.9,2.7,0.20000000000000007,2083.875453003045,1829.5042526067425,254.37120039630258,0,0
2025-11-13,Andorra,Albania,0.0,0.5,0.3,1.2,1.6,0.7,-1.3,0.5,1149.9484469900078,1729.6617513882527,-579.7133043982449,0,2
2025-11-13,Iran,Cape Verde,0.6,0.6,2.0,1.7,1.0,0.7,1.0,1.0,1892.6977410396248,1663.6534517446396,229.04428929498522,1,1
2025-11-13,Papua New Guinea,Solomon Islands,0.3,0.2,1.5,1.1,2.3,2.0,-0.7999999999999998,-0.8999999999999999,1424.6175196663266,1436.9650163828355,-12.347496716508886,0,0
2025-11-13,Bermuda,Curaçao,0.3,0.4,1.5,1.7,2.9,0.9,-1.4,0.7999999999999999,1313.7630244711672,1611.9107838816735,-298.1477594105063,0,2
2025-11-13,Guatemala,Panama,0.3,0.6,0.9,1.9,1.2,0.6,-0.29999999999999993,1.2999999999999998,1669.53960501466,1847.1740816381016,-177.63447662344151,0,2
2025-11-13,Trinidad and Tobago,Jamaica,0.2,0.6,1.3,1.9,1.8,1.0,-0.5,0.8999999999999999,1575.9281045373575,1680.2202563791022,-104.29215184174473,0,1
2025-11-13,Nicaragua,Honduras,0.2,0.5,0.7,1.2,1.8,0.9,-1.1,0.29999999999999993,1467.535130610483,1740.37053477404,-272.83540416355686,0,0
2025-11-13,Haiti,Costa Rica,0.3,0.5,1.7,2.6,1.5,1.2,0.19999999999999996,1.4000000000000001,1655.7174481572797,1802.2582476265857,-146.54079946930597,1,0
2025-11-13,Norway,Estonia,0.9,0.1,4.0,0.7,0.5,1.8,3.5,-1.1,1915.7898929522685,1399.1035475428016,516.6863454094669,0,0
2025-11-13,Suriname,El Salvador,0.3,0.2,1.0,0.7,1.0,1.0,0.0,-0.30000000000000004,1600.4275688030675,1495.011797475416,105.41577132765156,0,0
2025-11-13,Armenia,Hungary,0.2,0.2,0.9,1.2,2.7,2.1,-1.8000000000000003,-0.9000000000000001,1461.9227239458196,1776.1399713478795,-314.2172474020599,0,2
2025-11-13,Bangladesh,Nepal,0.3,0.2,1.0,0.7,1.0,1.4,0.0,-0.7,1107.267528257294,1102.9705241060014,4.29700415129264,0,1
2025-11-13,Azerbaijan,Iceland,0.0,0.3,0.3,1.9,2.4,2.0,-2.1,-0.10000000000000009,1428.034460029755,1618.9898342922577,-190.95537426250257,0,2
2025-11-13,Algeria,Zimbabwe,0.8,0.0,2.8,0.6,0.9,1.2,1.9,-0.6,1810.2025051774544,1438.919263717151,371.28324146030354,1,0
2025-11-13,Republic of Ireland,Portugal,0.4,0.6,1.0,2.6,1.3,1.2,-0.30000000000000004,1.4000000000000001,1664.730746561866,2066.9733897328065,-402.2426431709405,0,0
2025-11-13,Czech Republic,San Marino,0.5,0.1,1.5,0.6,1.0,3.7,0.5,-3.1,1782.2984428279608,909.0612473955584,873.2371954324024,0,0
2025-11-13,Hong Kong,Cambodia,0.6,0.2,2.4,1.5,0.7,2.1,1.7,-0.6000000000000001,1370.0564701586843,1040.3290375370727,329.72743262161157,0,1
2025-11-13,Lithuania,Israel,0.0,0.5,0.7,1.7,1.9,1.9,-1.2,-0.19999999999999996,1335.6880596486512,1667.071250776249,-331.3831911275977,0,1
2025-11-13,Canada,Ecuador,0.5,0.4,1.8,1.0,0.5,0.3,1.3,0.7,1896.573668164088,2013.0923426623608,-116.51867449827273,0,1
2025-11-13,Thailand,Singapore,0.6,0.3,2.0,1.1,1.0,1.3,1.0,-0.19999999999999996,1525.561723858024,1268.960202164863,256.601521693161,0,0
2025-11-13,United Arab Emirates,Iraq,0.4,0.4,1.2,0.9,1.1,1.2,0.09999999999999987,-0.29999999999999993,1680.2531103651754,1715.4870004223249,-35.23389005714944,0,1
2025-11-13,Cameroon,DR Congo,0.5,0.7,1.4,1.6,0.4,0.8,0.9999999999999999,0.8,1682.3392309689796,1712.7304499416032,-30.39121897262362,1,2
2025-11-13,Nigeria,Gabon,0.5,0.7,1.7,2.2,0.9,1.3,0.7999999999999999,0.9000000000000001,1722.411513300213,1609.2528036162628,113.15870968395029,1,0
2025-11-13,France,Ukraine,0.6,0.5,2.0,1.8,1.1,1.8,0.8999999999999999,0.0,2107.5437085508133,1860.7301017978489,246.81360675296446,0,0
2025-11-13,North Macedonia,Latvia,0.5,0.1,1.5,0.5,0.5,1.6,1.0,-1.1,1681.3856999623054,1340.4820556083555,340.90364435394986,0,1
2025-11-14,Tunisia,Jordan,0.7,0.3,1.9,1.3,0.4,1.1,1.5,0.19999999999999996,1752.3083478183532,1736.497080479609,15.811267338744301,0,0
2025-11-14,Uzbekistan,Egypt,0.5,0.7,1.3,1.4,0.7,0.2,0.6000000000000001,1.2,1821.1095149327089,1782.171117571368,38.938397361340776,1,0
2025-11-14,Gibraltar,Montenegro,0.0,0.4,0.4,1.1,2.5,1.9,-2.1,-0.7999999999999998,1121.0869647806355,1496.6105973131262,-375.52363253249064,0,2
2025-11-14,Croatia,Faroe Islands,0.6,0.5,2.3,1.1,0.5,0.8,1.7999999999999998,0.30000000000000004,1978.4362106987935,1419.9315850329308,558.5046256658627,0,0
2025-11-14,Poland,Netherlands,0.6,0.6,1.5,3.2,1.1,0.9,0.3999999999999999,2.3000000000000003,1783.9951351997431,2024.8472330611748,-240.85209786143173,0,1
2025-11-14,Finland,Malta,0.3,0.2,0.8,0.7,1.7,2.1,-0.8999999999999999,-1.4000000000000001,1605.7581970141318,1302.2052479153872,303.55294909874465,0,2
2025-11-14,Slovakia,Northern Ireland,0.4,0.4,0.8,1.4,1.0,1.5,-0.19999999999999996,-0.10000000000000009,1750.331322580405,1660.076803121168,90.25451945923692,0,0
2025-11-14,Luxembourg,Germany,0.1,0.5,0.5,2.2,1.7,1.2,-1.2,1.0000000000000002,1458.412060902437,1962.4535126276485,-504.0414517252116,0,2
2025-11-14,Saudi Arabia,Ivory Coast,0.4,0.6,1.1,1.7,1.0,0.2,0.10000000000000009,1.5,1705.302194061251,1721.575685864789,-16.273491803538036,0,0
2025-11-14,Angola,Argentina,0.3,0.7,1.1,1.9,0.8,0.5,0.30000000000000004,1.4,1597.8776953072231,2182.8376371579016,-584.9599418506784,0,2
2025-11-14,Burkina Faso,Niger,0.7,0.7,2.1,2.3,0.7,1.3,1.4000000000000001,0.9999999999999998,1662.9748064224882,1530.6336584314977,132.34114799099052,1,0
2025-11-14,Uganda,Chad,0.5,0.0,1.2,0.6,1.1,2.2,0.09999999999999987,-1.6,1552.0292265116543,1242.1724842196018,309.85674229205256,1,0
2025-11-14,Comoros,Namibia,0.4,0.2,1.0,0.8,1.5,1.3,-0.5,-0.5,1486.726155353054,1451.048404338577,35.67775101447705,0,0
2025-11-14,Oman,Sudan,0.2,0.0,0.6,0.1,0.9,0.9,-0.30000000000000004,-0.8,1606.1852683432376,1494.431359240651,111.75390910258648,0,0
2025-11-14,Morocco,Mozambique,1.0,0.5,2.8,1.3,0.2,1.6,2.5999999999999996,-0.30000000000000004,1927.0221562492611,1521.5707789133576,405.45137733590354,0,0
2025-11-14,South Korea,Bolivia,0.5,0.3,1.8,0.7,1.1,1.7,0.7,-1.0,1898.6568801794149,1768.2077155707802,130.44916460863465,0,0
2025-11-14,Australia,Venezuela,0.7,0.2,1.8,1.1,0.7,2.2,1.1,-1.1,1922.018277092494,1798.318624468755,123.69965262373898,1,2
2025-11-14,Japan,Ghana,0.5,0.6,2.0,2.3,0.8,0.6,1.2,1.6999999999999997,1954.8947823102703,1632.5230904226305,322.3716918876398,0,0
2025-11-15,Cyprus,Austria,0.3,0.6,1.6,2.3,1.6,0.7,0.0,1.5999999999999999,1380.4036195391163,1885.7690384439445,-505.3654189048282,0,2
2025-11-15,Bosnia and Herzegovina,Romania,0.5,0.5,1.9,1.7,1.6,1.1,0.2999999999999998,0.5999999999999999,1573.0901653478495,1734.8115305042625,-161.72136515641296,0,0
2025-11-15,Liechtenstein,Wales,0.0,0.4,0.2,1.7,3.4,1.5,-3.1999999999999997,0.19999999999999996,984.4445981092496,1749.7877394831223,-765.3431413738728,0,2
2025-11-15,Kazakhstan,Belgium,0.3,0.5,1.1,2.5,2.1,1.1,-1.0,1.4,1484.096647552845,1930.3012145452133,-446.2045669923682,0,1
2025-11-15,Martinique,Cuba,0.3,0.3,0.7,1.1,0.8,2.0,-0.10000000000000009,-0.8999999999999999,1524.2352035987133,1367.512936399129,156.72226719958417,1,2
2025-11-15,Saint Vincent and the Grenadines,Saint Lucia,0.5,0.4,2.3,1.1,1.0,2.5,1.2999999999999998,-1.4,1356.2456334255178,1245.972445625133,110.27318780038468,1,0
2025-11-15,Guyana,Bonaire,0.4,0.1,2.0,0.7,2.2,2.2,-0.20000000000000018,-1.5000000000000002,1452.5971740019168,1143.1460872859618,309.45108671595494,1,0
2025-11-15,Saint Martin,Belize,0.4,0.5,1.5,1.4,2.1,1.9,-0.6000000000000001,-0.5,1273.4718211280217,1260.6034419312923,12.868379196729393,1,2
2025-11-15,Barbados,Aruba,0.4,0.1,2.3,0.8,1.6,2.4,0.6999999999999997,-1.5999999999999999,1174.22606568502,1167.7035471296126,6.522518555407487,1,2
2025-11-15,Bahamas,British Virgin Islands,0.1,0.1,1.3,0.5,4.3,2.1,-3.0,-1.6,1026.84971117049,946.6960298863564,80.15368128413365,1,2
2025-11-15,Cayman Islands,Anguilla,0.2,0.2,0.5,0.7,2.3,2.8,-1.7999999999999998,-2.0999999999999996,1042.2905966200135,902.6767259300098,139.61387069000375,0,0
2025-11-15,Basque Country,Palestine,0.6,0.2,2.5,1.0,0.8,1.4,1.7,-0.3999999999999999,1793.1786846941377,1580.2629184075015,212.9157662866362,0,0
2025-11-15,Dominica,Sint Maarten,0.1,0.5,0.8,1.0,2.4,2.1,-1.5999999999999999,-1.1,1180.9638920484997,1271.1437992505964,-90.17990720209673,1,2
2025-11-15,Georgia,Spain,0.4,0.7,1.9,3.2,1.4,1.4,0.5,1.8000000000000003,1736.917122340352,2237.7047797919804,-500.7876574516283,0,2
2025-11-15,Denmark,Belarus,0.6,0.3,2.3,1.5,0.9,2.3,1.4,-0.7999999999999998,1966.0861783107805,1520.9654851977043,445.1206931130762,0,1
2025-11-15,Greece,Scotland,0.5,0.7,2.0,1.6,1.5,0.9,0.5,0.7000000000000001,1808.8548378457465,1820.2818920264883,-11.427054180741834,0,0
2025-11-15,Russia,Chile,0.7,0.3,2.9,1.2,0.5,1.1,2.4,0.09999999999999987,1866.346817029256,1775.6999528372737,90.64686419198233,0,2
2025-11-15,Libya,Mauritania,0.3,0.2,1.0,0.7,1.0,1.1,0.0,-0.40000000000000013,1527.3493298042697,1464.48803586081,62.861293943459714,0,0
2025-11-15,Kuwait,Tanzania,0.1,0.1,0.8,0.2,1.7,1.2,-0.8999999999999999,-1.0,1438.436353518611,1434.883091689244,3.5532618293668747,1,0
2025-11-15,Lesotho,Malawi,0.3,0.3,0.7,1.0,1.9,1.2,-1.2,-0.19999999999999996,1425.1560423881756,1450.6870475497603,-25.531005161584744,1,1
2025-11-15,Turkey,Bulgaria,0.6,0.1,2.2,0.7,1.6,2.7,0.6000000000000001,-2.0,1913.435253399458,1486.9927018079586,426.4425515914993,0,0
2025-11-15,Brazil,Senegal,0.4,0.8,1.6,2.3,1.1,0.4,0.5,1.9,2050.4031731191326,1921.6931879965568,128.70998512257574,1,0
2025-11-15,Guinea,Liberia,0.5,0.3,1.5,1.1,0.6,1.7,0.9,-0.5999999999999999,1603.5213978990023,1444.825753803165,158.69564409583722,1,0
2025-11-15,Mexico,Uruguay,0.5,0.5,1.3,1.2,1.0,0.7,0.30000000000000004,0.5,1954.9828307983823,1991.9218614817248,-36.93903068334248,0,1
2025-11-15,South Africa,Zambia,0.6,0.5,1.6,0.8,0.4,1.2,1.2000000000000002,-0.3999999999999999,1673.6606819288377,1563.7846789504222,109.8760029784155,0,0
2025-11-15,United States,Paraguay,0.6,0.4,1.8,1.2,1.0,1.0,0.8,0.19999999999999996,1823.1709362332044,1912.5033635840612,-89.33242735085673,0,0
2025-11-15,Slovenia,Kosovo,0.3,0.7,0.8,1.8,1.1,1.0,-0.30000000000000004,0.8,1789.3595828005105,1713.1607355499757,76.19884725053475,0,2
2025-11-15,Switzerland,Sweden,0.6,0.5,2.4,2.1,0.8,1.3,1.5999999999999999,0.8,1958.4202397207844,1726.9669020397744,231.45333768101,0,0
2025-11-15,Colombia,New Zealand,0.3,0.5,1.9,3.0,1.2,0.9,0.7,2.1,2067.081514078117,1782.4853308973886,284.5961831807283,1,0
2025-11-16,Serbia,Latvia,0.4,0.1,1.0,0.5,1.0,1.5,0.0,-1.0,1822.5997880603231,1349.017381153155,473.5824069071682,0,0
2025-11-16,Albania,England,0.6,0.9,1.3,2.9,0.7,0.3,0.6000000000000001,2.6,1732.0394772558982,2090.7799175494647,-358.7404402935665,0,2
2025-11-16,Italy,Norway,0.6,0.9,2.5,4.0,1.6,0.5,0.8999999999999999,3.5,1962.1975935294493,1917.744602388061,44.45299114138834,0,2
2025-11-16,Hungary,Republic of Ireland,0.3,0.4,1.3,1.1,1.7,1.3,-0.3999999999999999,-0.19999999999999996,1785.1653090617751,1715.770815918032,69.39449314374315,0,2
2025-11-16,Moldova,Israel,0.0,0.5,0.6,1.7,3.3,1.9,-2.6999999999999997,-0.19999999999999996,1351.0755122043868,1661.2479949226552,-310.1724827182684,0,2
2025-11-16,Azerbaijan,France,0.0,0.7,0.3,2.4,2.6,1.1,-2.3000000000000003,1.2999999999999998,1405.7135476591568,2116.512160073117,-710.79861241396,0,2
2025-11-16,Ukraine,Iceland,0.5,0.3,1.7,1.9,2.1,2.0,-0.40000000000000013,-0.10000000000000009,1851.761650275545,1641.3107466628562,210.45090361268876,1,0
2025-11-16,Nigeria,DR Congo,0.6,0.8,2.0,1.7,0.8,0.7,1.2,1.0,1746.3987979516533,1730.985439139777,15.41335881187615,1,1
2025-11-16,Portugal,Armenia,0.5,0.2,2.1,0.9,1.3,2.7,0.8,-1.8000000000000003,2015.9333203766405,1452.897386231924,563.0359341447165,0,0
2025-11-17,Vanuatu,Fiji,0.3,0.2,1.1,1.1,2.6,2.6,-1.5,-1.5,1377.2071968492053,1463.472010351343,-86.26481350213771,1,0
2025-11-17,Cape Verde,Egypt,0.6,0.6,1.7,1.2,0.6,0.4,1.1,0.7999999999999999,1672.3213375092937,1762.1822711923696,-89.86093368307593,1,1
2025-11-17,Montenegro,Croatia,0.5,0.7,1.3,2.6,1.8,0.5,-0.5,2.1,1503.408259555784,1979.7611380686849,-476.3528785129008,0,2
2025-11-17,Netherlands,Lithuania,0.5,0.0,2.9,0.6,1.0,1.7,1.9,-1.1,2017.1559509800725,1341.511315502245,675.6446354778275,0,0
2025-11-17,Malta,Poland,0.2,0.6,0.6,1.5,2.1,0.7,-1.5,0.8,1338.6359322609126,1791.6864172808455,-453.0504850199329,0,2
2025-11-17,Germany,Slovakia,0.5,0.5,1.7,0.8,1.2,0.8,0.5,0.0,1967.7937897700683,1760.3569887779631,207.4368009921052,0,0
2025-11-17,Czech Republic,Gibraltar,0.6,0.0,1.6,0.4,1.0,2.6,0.6000000000000001,-2.2,1782.3719513766937,1114.2893025379776,668.0826488387161,0,0
2025-11-17,Bahrain,Somalia,0.2,0.0,0.6,0.4,1.3,2.1,-0.7000000000000001,-1.7000000000000002,1558.9561851460703,1022.3917429085116,536.5644422375588,0,2
2025-11-17,Qatar,Zimbabwe,0.3,0.0,1.5,0.6,1.7,1.4,-0.19999999999999996,-0.7999999999999999,1636.0235412753698,1435.7534827960096,200.27005847936016,0,2
2025-11-17,Finland,Andorra,0.3,0.0,0.8,0.3,1.7,1.6,-0.8999999999999999,-1.3,1569.3275126686065,1147.5707211223623,421.75679154624413,0,0
2025-11-17,Madagascar,Equatorial Guinea,0.4,0.2,1.5,0.9,1.8,1.4,-0.30000000000000004,-0.4999999999999999,1481.3313365538577,1499.6923204299408,-18.360983876083083,1,0
2025-11-17,Mozambique,Chad,0.4,0.0,1.0,0.6,1.7,2.3,-0.7,-1.6999999999999997,1520.537169972236,1239.2954947740966,281.2416751981393,1,1
2025-11-17,Comoros,Namibia,0.5,0.2,1.0,0.8,1.4,1.3,-0.3999999999999999,-0.5,1493.0081403610218,1444.766419330609,48.24172103041269,0,0
2025-11-17,Northern Ireland,Luxembourg,0.3,0.1,1.2,0.5,1.6,1.8,-0.40000000000000013,-1.3,1650.05113692361,1453.0717837600166,196.9793531635935,0,0
2025-11-18,Spain,Turkey,0.7,0.7,3.4,2.4,1.3,1.6,2.0999999999999996,0.7999999999999998,2244.494909636581,1916.199404316208,328.29550532037274,0,1
2025-11-18,Belarus,Greece,0.3,0.6,1.7,2.3,2.3,1.4,-0.5999999999999999,0.8999999999999999,1539.3027635711353,1823.8638273166316,-284.5610637454963,1,1
2025-11-18,Scotland,Denmark,0.6,0.6,1.7,2.4,1.2,0.9,0.5,1.5,1805.2729025556037,1947.7488999373493,-142.47599738174563,0,0
2025-11-18,Sweden,Slovenia,0.4,0.3,2.0,0.7,1.6,0.9,0.3999999999999999,-0.20000000000000007,1717.9224928823917,1745.3281432388787,-27.405650356487058,0,1
2025-11-18,United States,Uruguay,0.6,0.4,1.5,0.9,1.1,0.5,0.3999999999999999,0.4,1832.863995258249,1993.71722987148,-160.85323461323105,0,0
2025-11-18,South Korea,Ghana,0.5,0.6,1.7,2.2,1.0,0.7,0.7,1.5000000000000002,1904.948688899556,1628.8865561096347,276.0621327899212,0,0
2025-11-18,Iraq,United Arab Emirates,0.4,0.4,1.0,1.2,1.1,1.0,-0.10000000000000009,0.19999999999999996,1719.1726446966002,1676.5674660909,42.605178605700075,0,0
2025-11-18,Mexico,Paraguay,0.4,0.3,1.0,1.1,0.8,1.1,0.19999999999999996,0.0,1953.1874624086277,1902.810304559017,50.37715784961074,1,2
2025-11-18,Bulgaria,Georgia,0.0,0.4,0.6,1.8,2.9,1.7,-2.3,0.10000000000000009,1484.228550891209,1730.126992495752,-245.898441604543,0,0
2025-11-18,Kosovo,Switzerland,0.8,0.7,2.0,2.7,1.0,0.8,1.0,1.9000000000000001,1757.1921751116074,1967.464648878167,-210.27247376655964,0,1
2025-11-18,Austria,Bosnia and Herzegovina,0.6,0.6,2.3,2.2,0.7,1.0,1.5999999999999999,1.2000000000000002,1891.0723538336424,1608.3642512763004,282.70810255734204,0,1
2025-11-18,Panama,El Salvador,0.6,0.2,2.0,0.6,0.8,1.3,1.2,-0.7000000000000001,1862.77800475464,1477.4161455938695,385.36185916077056,0,0
2025-11-18,Wales,North Macedonia,0.5,0.4,1.8,1.4,1.5,0.5,0.30000000000000004,0.8999999999999999,1750.637653260657,1672.850374417506,77.78727884315117,0,0
2025-11-18,Belgium,Liechtenstein,0.5,0.0,2.6,0.2,1.1,3.3,1.5,-3.0999999999999996,1915.0991725192264,983.5946843317148,931.5044881875116,0,0
2025-11-18,Dominican Republic,Martinique,0.3,0.2,1.6,0.6,1.5,1.0,0.10000000000000009,-0.4,1485.521407438098,1492.2224560331836,-6.701048595085467,0,1
2025-11-18,Saint Kitts and Nevis,Belize,0.4,0.5,1.8,1.1,2.3,1.9,-0.4999999999999998,-0.7999999999999998,1273.0442728070063,1276.1587606104868,-3.114487803480415,0,2
2025-11-18,Antigua and Barbuda,Guyana,0.0,0.5,0.2,2.1,1.9,2.0,-1.7,0.10000000000000009,1126.6925841877064,1456.921293003178,-330.2287088154717,0,2
2025-11-18,Iran,Uzbekistan,0.6,0.5,2.0,1.4,1.0,0.7,1.0,0.7,1884.0298552749707,1841.098361311707,42.93149396326362,1,1
2025-11-18,Guatemala,Suriname,0.3,0.3,1.1,1.3,1.2,1.0,-0.09999999999999987,0.30000000000000004,1653.935681898122,1618.0232206846138,35.91246121350832,0,0
2025-11-18,Jamaica,Curaçao,0.6,0.5,1.8,2.4,0.9,0.7,0.9,1.7,1679.973192826443,1633.709204692087,46.26398813435594,0,1
2025-11-18,Haiti,Nicaragua,0.3,0.2,1.5,0.6,1.5,1.6,0.0,-1.0,1683.685998502603,1511.3386543724043,172.34734413019874,1,0
2025-11-18,Costa Rica,Honduras,0.4,0.4,1.8,1.0,1.3,1.1,0.5,-0.10000000000000009,1774.2896972812623,1696.5670110121189,77.72268626914342,0,1
2025-11-18,Faroe Islands,Kazakhstan,0.4,0.3,1.1,1.2,1.1,1.7,0.0,-0.5,1418.60665766304,1499.298689578832,-80.69203191579186,1,0
2025-11-18,Romania,San Marino,0.5,0.1,1.8,0.5,1.4,3.7,0.40000000000000013,-3.2,1699.5374445758116,908.9877388468256,790.549705728986,0,0
2025-11-18,Ecuador,New Zealand,0.3,0.4,0.6,2.3,0.3,1.0,0.3,1.2999999999999998,2012.617254914108,1779.2313115727604,233.38594334134746,1,0
2025-11-18,Trinidad and Tobago,Bermuda,0.2,0.2,1.4,1.3,1.5,3.5,-0.10000000000000009,-2.2,1576.175168090017,1291.9646036607537,284.2105644292633,0,1
2025-11-18,Colombia,Australia,0.4,0.7,1.9,1.8,1.0,0.8,0.8999999999999999,1.0,2070.335533402745,1908.6010984616264,161.7344349411187,1,0
2025-11-18,Angola,Zambia,0.2,0.5,0.9,0.9,1.0,1.3,-0.09999999999999998,-0.4,1596.1443895986856,1556.8837873018283,39.260602296857314,0,0
2025-11-18,Morocco,Uganda,1.0,0.6,2.4,1.4,0.1,1.0,2.3,0.3999999999999999,1928.055765190383,1554.9062159571597,373.1495492332233,0,0
2025-11-18,Oman,Ivory Coast,0.3,0.6,0.7,1.7,0.7,0.2,0.0,1.5,1613.0288884431077,1713.9399379690456,-100.91104952593787,0,2
2025-11-18,Saudi Arabia,Algeria,0.4,0.8,1.0,2.6,1.0,0.9,0.0,1.7000000000000002,1712.9379419569943,1813.3682860985955,-100.43034414160115,0,2
2025-11-18,Guinea,Niger,0.5,0.6,1.3,2.1,0.5,1.6,0.8,0.5,1612.109766114315,1524.2686198204165,87.84114629389865,1,1
2025-11-18,Kenya,Senegal,0.4,0.7,1.5,2.2,1.3,0.6,0.19999999999999996,1.6,1462.496651187805,1912.0090602382704,-449.5124090504655,1,2
2025-11-18,Benin,Burkina Faso,0.3,0.7,1.0,2.2,1.2,0.9,-0.19999999999999996,1.3000000000000003,1566.9360067433895,1669.3398450335692,-102.40383829017969,1,2
2025-11-18,Japan,Bolivia,0.5,0.3,1.8,0.7,0.8,1.5,1.0,-0.8,1958.531316623266,1761.915906850639,196.61540977262712,0,0
2025-11-18,Mali,Jordan,0.6,0.3,1.9,1.4,0.3,1.3,1.5999999999999999,0.09999999999999987,1720.204735914887,1729.712192512557,-9.50745659767017,1,0
2025-11-18,Kuwait,Gambia,0.2,0.5,1.1,2.3,1.9,1.3,-0.7999999999999998,0.9999999999999998,1448.334085987604,1547.2042227619402,-98.87013677433606,1,1
2025-11-18,Lesotho,Malawi,0.3,0.3,0.7,1.0,1.9,0.8,-1.2,0.19999999999999996,1425.889563942969,1449.9535259949669,-24.063962051997805,1,2
2025-11-18,Maldives,Philippines,0.2,0.5,0.8,2.0,1.9,1.2,-1.0999999999999999,0.8,1061.2606289509572,1310.4297131554565,-249.1690842044993,0,2
2025-11-18,Cyprus,Estonia,0.2,0.1,1.4,0.8,1.7,2.2,-0.30000000000000004,-1.4000000000000001,1375.1003041494184,1397.148838107009,-22.048533957590507,0,2
2025-11-18,Yemen,Bhutan,0.4,0.2,1.9,0.4,0.8,1.9,1.0999999999999999,-1.5,1289.0545137896488,873.6193766443694,415.43513714527944,1,0
2025-11-18,Timor-Leste,Tajikistan,0.1,0.6,0.6,1.7,3.0,1.3,-2.4,0.3999999999999999,909.1374533138631,1436.7291978859475,-527.5917445720844,1,2
2025-11-18,Chile,Peru,0.4,0.1,1.4,0.5,1.1,1.0,0.2999999999999998,-0.5,1798.1934218935226,1784.9187304320917,13.274691461430848,1,0
2025-11-18,Canada,Venezuela,0.4,0.3,1.4,1.1,0.3,2.1,1.0999999999999999,-1.0,1897.048755912341,1811.735803099623,85.3129528127181,1,0
2025-11-18,Malaysia,Nepal,0.6,0.2,1.8,0.7,0.7,1.4,1.1,-0.7,1479.6517869925408,1105.885397209905,373.76638978263577,0,0
2025-11-18,Pakistan,Syria,0.0,0.6,0.2,1.9,3.0,1.2,-2.8,0.7,1028.190824999836,1578.9087366468466,-550.7179116470106,0,2
2025-11-18,Brazil,Tunisia,0.5,0.8,1.7,2.2,1.0,0.5,0.7,1.7000000000000002,2060.0873008774183,1759.093235785405,300.9940650920132,1,1
2025-11-18,Sri Lanka,Thailand,0.5,0.7,1.0,2.2,1.1,1.0,-0.10000000000000009,1.2000000000000002,1018.8788034829176,1527.8371929735522,-508.95838949063454,0,2
2025-11-18,Hong Kong,Singapore,0.5,0.3,2.3,1.3,0.7,1.4,1.5999999999999999,-0.09999999999999987,1361.610907847616,1266.684733049335,94.92617479828118,0,2
2025-11-18,Bangladesh,India,0.2,0.1,1.1,0.7,1.2,1.1,-0.09999999999999987,-0.40000000000000013,1104.3526551533903,1267.77751047366,-163.42485532026967,0,0
2025-11-18,Brunei,Lebanon,0.3,0.5,0.7,2.0,2.1,0.5,-1.4000000000000001,1.5,895.6264293058472,1455.374826875176,-559.7483975693289,0,2
2025-11-18,Turkmenistan,Taiwan,0.4,0.2,1.3,1.4,1.5,2.9,-0.19999999999999996,-1.5,1382.2866017052056,1064.2057160260324,318.0808856791732,0,0
2025-11-19,Laos,Vietnam,0.1,0.9,1.2,2.6,2.8,1.0,-1.5999999999999999,1.6,943.8246469566946,1461.176739755366,-517.3520927986715,0,2
2025-11-20,Vanuatu,Solomon Islands,0.3,0.2,1.2,1.1,2.6,2.0,-1.4000000000000001,-0.8999999999999999,1405.1816865117353,1425.6709857619794,-20.48929925024413,1,0
2025-11-20,Papua New Guinea,Fiji,0.4,0.2,1.6,1.0,1.9,2.7,-0.2999999999999998,-1.7000000000000002,1435.9115502871828,1435.497520688813,0.4140295983697797,0,0
2025-11-23,Papua New Guinea,Vanuatu,0.5,0.4,1.7,1.4,1.4,2.3,0.30000000000000004,-0.8999999999999999,1452.0839249748542,1421.0652566100118,31.01866836484237,0,1
2025-11-25,Syria,South Sudan,0.6,0.1,2.1,0.6,1.2,1.9,0.9000000000000001,-1.2999999999999998,1584.4679837428382,1278.9550591824218,305.5129245604164,1,0
2025-11-25,Palestine,Libya,0.2,0.4,0.9,1.0,1.4,0.8,-0.4999999999999999,0.19999999999999996,1575.30361593822,1532.9774218559935,42.32619408222649,1,1
2025-11-25,Mauritania,Kuwait,0.1,0.1,0.6,1.1,1.2,2.0,-0.6,-0.8999999999999999,1458.8599438090862,1451.1053906284276,7.754553180658604,1,2
2025-11-26,Oman,Somalia,0.3,0.1,0.7,0.6,0.9,1.9,-0.20000000000000007,-1.2999999999999998,1598.0682215227828,1041.8921317093327,556.1760898134501,1,1
2025-11-26,Bahrain,Djibouti,0.2,0.0,0.6,0.5,1.3,2.8,-0.7000000000000001,-2.3,1539.4557963452494,1077.3489323929884,462.10686395226094,1,0
2025-11-26,Sudan,Lebanon,0.0,0.6,0.1,2.3,0.7,0.5,-0.6,1.7999999999999998,1487.5877391407812,1460.0090748431107,27.578664297670457,1,0
2025-11-26,Comoros,Yemen,0.5,0.5,1.2,2.4,1.3,0.7,-0.10000000000000009,1.7,1504.210553690103,1296.1798947993684,208.03065889073468,1,1
2025-12-01,Tunisia,Syria,0.7,0.6,2.2,2.2,0.6,1.2,1.6,1.0000000000000002,1766.0882855865657,1593.285374897639,172.80291068892666,1,2
2025-12-01,Qatar,Palestine,0.3,0.2,1.5,0.9,1.8,1.3,-0.30000000000000004,-0.4,1619.0391491092685,1572.8791067307056,46.16004237856282,0,2
2025-12-02,Egypt,Kuwait,0.5,0.2,1.2,1.2,0.5,1.9,0.7,-0.7,1758.3869177684694,1481.7748614111335,276.61205635733586,1,1
2025-12-02,Saudi Arabia,Oman,0.4,0.3,0.9,0.7,1.0,0.9,-0.09999999999999998,-0.20000000000000007,1697.9565213975925,1579.632433354769,118.3240880428234,1,0
2025-12-02,Morocco,Comoros,1.0,0.4,2.1,1.5,0.1,1.7,2.0,-0.19999999999999996,1930.365432859795,1493.487215991477,436.8782168683181,1,0
2025-12-03,Jordan,United Arab Emirates,0.2,0.4,1.3,1.2,1.5,1.1,-0.19999999999999996,0.09999999999999987,1719.438614198613,1664.3445720098543,55.09404218875875,1,0
2025-12-03,Algeria,Sudan,0.8,0.1,2.5,0.3,0.8,0.8,1.7,-0.5,1828.349706657997,1506.0035095327785,322.3461971252186,1,1
2025-12-03,Iraq,Bahrain,0.5,0.2,1.1,0.6,0.9,1.3,0.20000000000000007,-0.7000000000000001,1731.395538777646,1542.0705629882118,189.32497578943412,1,0
2025-12-04,Palestine,Tunisia,0.3,0.6,0.8,2.0,1.1,0.7,-0.30000000000000004,1.3,1593.8416843871755,1744.1876296133005,-150.34594522612497,1,1
2025-12-04,Qatar,Syria,0.2,0.7,1.0,2.2,1.8,1.0,-0.8,1.2000000000000002,1598.0765714527986,1615.1860308709042,-17.109459418105644,0,1
2025-12-05,Oman,Morocco,0.3,1.0,0.7,2.2,1.0,0.1,-0.30000000000000004,2.1,1569.5521469786556,1933.732426030969,-364.1802790523134,1,1
2025-12-05,Comoros,Saudi Arabia,0.4,0.4,1.6,1.0,1.7,1.1,-0.09999999999999987,-0.10000000000000009,1490.1202228203028,1708.036807773706,-217.91658495340312,1,2
2025-12-06,Sudan,Iraq,0.1,0.6,0.3,1.1,0.8,0.8,-0.5,0.30000000000000004,1516.9469158930708,1738.944978791277,-221.99806289820617,1,2
2025-12-06,Bahrain,Algeria,0.1,0.7,0.5,2.0,1.4,0.7,-0.8999999999999999,1.3,1534.5211229745807,1817.4063002977048,-282.885177323124,1,2
2025-12-06,United Arab Emirates,Egypt,0.4,0.5,1.3,1.2,1.1,0.5,0.19999999999999996,0.7,1651.7034344696829,1748.458704766355,-96.75527029667205,1,1
2025-12-06,Kuwait,Jordan,0.2,0.3,1.3,1.4,1.9,1.5,-0.5999999999999999,-0.10000000000000009,1491.703074413248,1732.0797517387848,-240.37667732553678,1,2
2025-12-07,Qatar,Tunisia,0.2,0.5,1.0,2.0,1.6,0.9,-0.6000000000000001,1.1,1594.5642868392406,1738.0736201846937,-143.50933334545311,0,2
2025-12-07,Syria,Palestine,0.7,0.3,2.3,1.0,0.7,1.2,1.5999999999999999,-0.19999999999999996,1618.6983154844622,1599.955693815782,18.742621668680158,1,1
2025-12-08,Morocco,Saudi Arabia,0.9,0.5,2.0,1.3,0.1,1.1,1.9,0.19999999999999996,1922.0158711197296,1718.0238580785044,203.99201304122516,1,0
2025-12-08,Oman,Comoros,0.2,0.3,0.6,1.6,1.0,2.0,-0.4,-0.3999999999999999,1581.268701889895,1480.1331725155044,101.13552937439067,1,0
2025-12-09,Egypt,Jordan,0.5,0.4,1.2,1.7,0.5,1.4,0.7,0.30000000000000004,1744.3861828938802,1741.098305891109,3.2878770027712108,1,2
2025-12-09,United Arab Emirates,Kuwait,0.3,0.2,1.2,1.2,1.1,2.0,0.09999999999999987,-0.8,1655.7759563421575,1482.6845202609238,173.09143608123372,1,0
2025-12-09,Algeria,Iraq,0.7,0.7,2.3,1.2,0.8,0.6,1.4999999999999998,0.6,1826.633955143684,1748.750653580779,77.88330156290499,1,0
2025-12-09,Bahrain,Sudan,0.1,0.1,0.6,0.3,1.7,1.0,-1.1,-0.7,1525.2934681286015,1507.1412411035687,18.152227025032744,1,0
2025-12-11,Morocco,Syria,0.9,0.6,1.9,2.1,0.1,0.7,1.7999999999999998,1.4000000000000001,1929.098378896346,1617.889915491246,311.2084634051,1,0
2025-12-11,Palestine,Saudi Arabia,0.3,0.5,0.9,1.2,1.1,1.1,-0.20000000000000007,0.09999999999999987,1600.7640938089985,1710.941350301888,-110.17725649288946,1,2
2025-12-12,Algeria,United Arab Emirates,0.7,0.4,2.3,1.5,0.8,1.2,1.4999999999999998,0.30000000000000004,1844.1730356370676,1667.9102475374789,176.26278809958876,1,1
2025-12-12,Jordan,Iraq,0.4,0.7,1.7,1.2,1.4,0.6,0.30000000000000004,0.6,1767.5967093323616,1731.2115730873957,36.385136244965906,1,0
2025-12-15,Morocco,United Arab Emirates,0.9,0.4,1.9,1.5,0.1,1.2,1.7999999999999998,0.30000000000000004,1933.3851936787328,1674.9281237917426,258.4570698869902,1,0
2025-12-15,Saudi Arabia,Jordan,0.6,0.5,1.4,1.8,1.0,1.3,0.3999999999999999,0.5,1721.3379022030306,1781.031554384327,-59.69365218129633,1,2
2025-12-18,Jordan,Morocco,0.6,0.9,1.9,1.7,1.3,0.1,0.5999999999999999,1.5999999999999999,1793.4794353231125,1943.0584442516345,-149.57900892852194,1,2
2025-12-21,Morocco,Comoros,0.9,0.3,1.8,1.5,0.3,1.8,1.5,-0.30000000000000004,1951.9720698898448,1469.3802586585175,482.59181123132726,0,0
2025-12-22,Mali,Zambia,0.7,0.4,2.2,0.8,0.5,1.4,1.7000000000000002,-0.5999999999999999,1730.4783142288304,1550.6903271773572,179.78798705147324,1,1
2025-12-22,South Africa,Angola,0.6,0.2,1.7,1.1,0.5,1.2,1.2,-0.09999999999999987,1680.5615735774315,1602.3378497231568,78.2237238542748,1,0
2025-12-22,Egypt,Zimbabwe,0.4,0.1,1.0,0.7,0.8,1.3,0.19999999999999996,-0.6000000000000001,1717.8877794526277,1452.737874962111,265.14990449051675,1,0
2025-12-23,Nigeria,Tanzania,0.5,0.0,1.9,0.4,0.9,1.6,0.9999999999999999,-1.2000000000000002,1745.5121153113028,1424.985359220251,320.52675609105177,1,0
2025-12-23,Tunisia,Uganda,0.6,0.5,2.3,1.3,0.7,1.4,1.5999999999999999,-0.09999999999999987,1761.0534117819225,1552.5965482877475,208.45686349417497,1,0
2025-12-23,DR Congo,Benin,0.8,0.3,1.7,0.9,0.6,1.3,1.1,-0.4,1731.8721217801276,1554.4496417599937,177.4224800201339,1,0
2025-12-23,Senegal,Botswana,0.7,0.3,2.8,1.0,0.6,1.3,2.1999999999999997,-0.30000000000000004,1915.3312409450436,1436.5821859088317,478.749055036212,1,0
2025-12-24,Cameroon,Gabon,0.5,0.7,1.4,2.2,0.5,1.2,0.8999999999999999,1.0000000000000002,1664.0842417708056,1585.2655189648226,78.81872280598304,1,0
2025-12-24,Ivory Coast,Mozambique,0.6,0.4,1.5,1.2,0.2,1.8,1.3,-0.6000000000000001,1728.9006048893705,1513.8441446166066,215.05646027276384,1,0
2025-12-24,Burkina Faso,Equatorial Guinea,0.8,0.2,2.4,0.9,0.7,1.6,1.7,-0.7000000000000001,1681.8262100169652,1483.9003501744903,197.9258598424749,1,0
2025-12-24,Algeria,Sudan,0.7,0.1,2.1,0.4,0.5,1.3,1.6,-0.9,1837.155159382804,1485.8157146104063,351.33944477239766,1,0
2025-12-26,Zambia,Comoros,0.4,0.3,0.9,1.5,1.5,1.7,-0.6,-0.19999999999999996,1562.583979530073,1466.8471145848018,95.73686494527124,1,1
2025-12-26,Morocco,Mali,0.9,0.6,1.9,2.2,0.3,0.6,1.5999999999999999,1.6,1954.505213963561,1718.5846618761143,235.9205520874466,0,1
2025-12-26,Angola,Zimbabwe,0.2,0.1,1.1,0.6,1.3,1.3,-0.19999999999999996,-0.7000000000000001,1582.873282008736,1443.8112780199267,139.06200398880924,1,1
2025-12-26,Egypt,South Africa,0.4,0.6,1.1,1.6,0.9,0.6,0.20000000000000007,1.0,1726.814376394812,1700.0261412918524,26.78823510295956,1,0
2025-12-27,Senegal,DR Congo,0.8,0.8,3.1,1.7,0.6,0.6,2.5,1.1,1920.559737160052,1745.1105824253195,175.44915473473247,1,1
2025-12-27,Uganda,Tanzania,0.5,0.0,1.3,0.5,1.4,1.7,-0.09999999999999987,-1.2,1535.2355623688757,1418.1628991270954,117.07266324178022,1,1
2025-12-27,Nigeria,Tunisia,0.6,0.6,2.0,2.3,0.9,0.8,1.1,1.4999999999999998,1752.3345754044583,1778.4143977007943,-26.079822296336033,1,0
2025-12-27,Benin,Botswana,0.3,0.2,0.8,0.9,1.3,1.6,-0.5,-0.7000000000000001,1541.2111811148015,1431.353689693823,109.85749142097848,1,0
2025-12-28,Ivory Coast,Cameroon,0.6,0.5,1.5,1.3,0.2,0.4,1.3,0.9,1740.1401295332098,1683.5081103054165,56.63201922779331,1,1
2025-12-28,Gabon,Mozambique,0.6,0.3,2.1,1.0,1.3,1.8,0.8,-0.8,1565.8416504302118,1502.6046199727673,63.23703045744446,1,2
2025-12-28,Algeria,Burkina Faso,0.7,0.8,2.1,2.2,0.4,0.7,1.7000000000000002,1.5000000000000002,1847.380722567944,1693.9481700621327,153.43255250581137,1,0
2025-12-28,Equatorial Guinea,Sudan,0.2,0.1,1.0,0.3,1.5,1.5,-0.5,-1.2,1471.778390129323,1475.5901514252662,-3.8117612959431426,1,2
2025-12-29,Zimbabwe,South Africa,0.1,0.6,0.6,1.6,1.3,0.4,-0.7000000000000001,1.2000000000000002,1453.315405381392,1676.9498991255955,-223.63449374420338,1,2
2025-12-29,Morocco,Zambia,0.8,0.3,1.9,0.8,0.4,1.5,1.5,-0.7,1935.8222164984693,1555.8643753962233,379.957841102246,0,0
2025-12-29,Comoros,Mali,0.2,0.5,1.3,1.7,1.7,0.7,-0.3999999999999999,1.0,1473.5667187186516,1737.2676593412064,-263.70094062255475,1,1
2025-12-29,Angola,Egypt,0.2,0.4,1.2,1.0,1.4,0.9,-0.19999999999999996,0.09999999999999998,1573.3691546472708,1749.8906185610688,-176.52146391379802,1,1
2025-12-30,Benin,Senegal,0.4,0.7,0.9,3.0,1.3,0.7,-0.4,2.3,1558.5596153370368,1908.9090572985403,-350.34944196150354,1,2
2025-12-30,Botswana,DR Congo,0.1,0.7,0.8,1.6,1.7,0.7,-0.8999999999999999,0.9000000000000001,1414.0052554715878,1756.7612622868312,-342.7560068152434,1,2
2025-12-30,Uganda,Nigeria,0.4,0.6,1.3,2.1,1.5,1.0,-0.19999999999999996,1.1,1527.1164950975442,1779.2076527949691,-252.09115769742493,1,2
2025-12-30,Tanzania,Tunisia,0.0,0.5,0.6,2.4,1.6,1.1,-1.0,1.2999999999999998,1426.281966398427,1751.5413203102837,-325.2593539118568,1,1
2025-12-31,Gabon,Ivory Coast,0.5,0.5,2.0,1.5,1.6,0.3,0.3999999999999999,1.2,1536.340970308341,1736.1008383103244,-199.75986800198348,1,2
2025-12-31,Mozambique,Cameroon,0.3,0.5,1.0,1.4,1.9,0.5,-0.8999999999999999,0.8999999999999999,1532.105300094638,1687.547401528302,-155.442101433664,1,2
2025-12-31,Equatorial Guinea,Algeria,0.1,0.8,0.8,2.2,1.6,0.4,-0.8,1.8000000000000003,1447.0526573983514,1862.0061798391412,-414.9535224407898,1,2
2025-12-31,Sudan,Burkina Faso,0.2,0.7,0.4,2.0,1.3,0.7,-0.9,1.3,1500.3158841562376,1679.3227127909352,-179.0068286346975,1,2
2026-01-03,Senegal,Sudan,0.8,0.2,3.2,0.4,0.6,1.4,2.6,-0.9999999999999999,1919.186197389116,1480.5910626433142,438.5951347458017,1,0
2026-01-03,Mali,Tunisia,0.4,0.4,1.4,1.9,0.7,1.2,0.7,0.7,1721.255583519163,1733.204860824151,-11.949277304987845,1,1
2026-01-04,Morocco,Tanzania,0.8,0.0,2.1,0.7,0.4,1.5,1.7000000000000002,-0.8,1941.016609665006,1444.6184258845594,496.3981837804465,0,0
2026-01-04,South Africa,Cameroon,0.6,0.5,1.7,1.3,0.6,0.5,1.1,0.8,1687.765037553005,1702.0534493830737,-14.288411830068753,1,2
2026-01-05,Egypt,Benin,0.4,0.4,1.0,0.7,0.9,1.4,0.09999999999999998,-0.7,1738.1796242574185,1548.282475246461,189.8971490109575,1,0
2026-01-05,Nigeria,Mozambique,0.7,0.3,2.2,1.0,0.9,1.6,1.3000000000000003,-0.6000000000000001,1793.4444623276747,1517.5992522398662,275.8452100878085,1,0
2026-01-06,Ivory Coast,Burkina Faso,0.6,0.8,1.8,2.2,0.4,0.5,1.4,1.7000000000000002,1748.1261122736826,1699.0475343038586,49.07857796982398,1,0
2026-01-06,Algeria,DR Congo,0.8,0.7,2.2,1.8,0.5,0.7,1.7000000000000002,1.1,1868.30926835575,1767.4415436749753,100.8677246807747,1,0
2026-01-09,Mali,Senegal,0.4,0.8,1.5,3.2,0.8,0.6,0.7,2.6,1722.115064281614,1924.7467555119183,-202.63169123030434,1,2
2026-01-09,Morocco,Cameroon,0.8,0.5,1.8,1.2,0.4,0.6,1.4,0.6,1942.5803866277463,1726.0258947394757,216.5544918882706,0,0
2026-01-10,Algeria,Nigeria,0.8,0.8,2.1,2.5,0.4,0.8,1.7000000000000002,1.7,1886.2485205731969,1809.3520176256263,76.89650294757053,1,2
2026-01-10,Egypt,Ivory Coast,0.4,0.7,1.0,2.1,1.0,0.4,0.0,1.7000000000000002,1757.0067419070328,1785.7367900033987,-28.730048096365863,1,0
2026-01-14,Senegal,Egypt,0.8,0.4,3.1,1.2,0.6,1.2,2.5,0.0,1936.6216930891896,1784.0693359031247,152.5523571860649,1,0
2026-01-14,Morocco,Nigeria,0.8,0.8,1.7,2.6,0.3,0.8,1.4,1.8,1953.017837402435,1855.0188225722852,97.99901483014969,0,1
2026-01-17,Egypt,Nigeria,0.4,0.8,1.2,2.5,1.1,0.7,0.09999999999999987,1.8,1769.3913953569602,1867.9007292484291,-98.50933389146894,1,1
2026-01-18,Bolivia,Panama,0.3,0.6,0.5,2.0,1.6,0.8,-1.1,1.2,1753.8574700838317,1866.8135772175535,-112.95610713372184,0,1
2026-01-18,Morocco,Senegal,0.8,0.8,1.7,2.9,0.3,0.4,1.4,2.5,1940.1359307262908,1951.2996336353544,-11.163702909063659,0,0
2026-01-18,Grenada,Jamaica,0.6,0.5,2.2,1.7,1.3,0.9,0.9000000000000001,0.7999999999999999,1318.9685314584742,1672.018051755649,-353.0495202971747,0,2
2026-01-22,Panama,Mexico,0.5,0.3,1.6,0.9,0.7,1.0,0.9000000000000001,-0.09999999999999998,1866.4408432360965,1941.7475679933696,-75.30672475727306,0,2
2026-01-25,Bolivia,Mexico,0.3,0.4,0.5,1.0,1.4,1.0,-0.8999999999999999,0.0,1754.230204065289,1952.4571032815215,-198.2268992162326,0,2
2026-01-26,Uzbekistan,China,0.5,0.3,1.2,0.7,0.4,2.0,0.7999999999999999,-1.3,1842.942486611979,1527.3932373696186,315.54924924236025,1,1
2026-02-25,Mexico,Iceland,0.4,0.3,0.9,1.8,1.0,1.8,-0.09999999999999998,0.0,1959.7028993714807,1627.5441007486836,332.1587986227971,0,0
2026-03-15,Bolivia,Trinidad and Tobago,0.3,0.1,0.5,1.0,1.5,1.5,-1.0,-0.5,1746.9844079753295,1560.123379543834,186.86102843149547,0,0
2026-03-25,Bermuda,DR Congo,0.2,0.6,1.4,1.5,3.1,0.7,-1.7000000000000002,0.8,1308.0163922069366,1749.5022914575284,-441.48589925059173,1,2
2026-03-25,Equatorial Guinea,Kyrgyzstan,0.1,0.2,0.8,1.2,1.8,1.8,-1.0,-0.6000000000000001,1440.7495688817428,1477.6725295838753,-36.922960702132514,1,0
2026-03-25,Kazakhstan,Namibia,0.2,0.2,1.0,0.7,1.8,1.4,-0.8,-0.7,1487.017063245887,1433.5640060015278,53.453057244359115,0,0
2026-03-25,United States Virgin Islands,American Samoa,0.1,0.0,1.2,0.4,2.2,6.9,-1.0000000000000002,-6.5,951.424346491621,983.024599176312,-31.600252684690986,1,0
2026-03-25,Puerto Rico,Guam,0.3,0.1,1.4,0.7,2.1,2.2,-0.7000000000000002,-1.5000000000000002,1348.442494647465,969.926968384958,378.51552626250714,0,0
2026-03-26,Czech Republic,Republic of Ireland,0.6,0.5,2.0,1.4,0.9,1.0,1.1,0.3999999999999999,1783.381261263785,1744.8163147380103,38.56494652577476,0,1
2026-03-26,Denmark,North Macedonia,0.6,0.3,2.6,1.4,1.3,1.2,1.3,0.19999999999999996,1914.0993918249085,1650.3797213047426,263.7196705201659,0,0
2026-03-26,Aruba,Macau,0.2,0.0,1.1,0.2,2.2,2.1,-1.1,-1.9000000000000001,1194.44628882829,847.6236866886996,346.82260213959046,1,0
2026-03-26,Tanzania,Liechtenstein,0.0,0.0,0.7,0.1,1.4,3.7,-0.7,-3.6,1443.0546489218189,983.3579085803956,459.69674034142326,1,2
2026-03-26,Cayman Islands,British Virgin Islands,0.3,0.2,0.9,1.1,2.0,1.7,-1.1,-0.5999999999999999,1053.6034220581523,985.7968782298808,67.80654382827151,0,1
2026-03-26,Dominican Republic,El Salvador,0.3,0.1,1.4,0.3,1.3,1.6,0.09999999999999987,-1.3,1481.587477045355,1473.3805731309558,8.206903914399163,0,1
2026-03-26,Saint Martin,Barbados,0.3,0.3,1.1,2.0,2.2,1.9,-1.1,0.10000000000000009,1257.9165024488273,1147.4833239863426,110.43317846248465,1,0
2026-03-26,Bonaire,Saint Vincent and the Grenadines,0.1,0.6,0.8,2.5,2.0,1.0,-1.2,1.5,1138.8219682847007,1371.8348343532512,-233.01286606855047,0,0
2026-03-26,Turkey,Romania,0.7,0.5,2.5,2.1,1.5,1.4,1.0,0.7000000000000002,1933.066812267184,1700.0391785764066,233.02763369077752,0,0
2026-03-26,Martinique,Cuba,0.1,0.4,0.5,1.2,1.0,1.8,-0.5,-0.6000000000000001,1496.1563864259267,1399.5256839646588,96.6307024612679,1,1
2026-03-26,Slovakia,Kosovo,0.4,0.7,0.7,2.0,1.4,1.1,-0.7,0.8999999999999999,1747.9832319484642,1763.335070394801,-15.351838446336842,0,2
2026-03-26,Bahamas,Anguilla,0.1,0.2,1.2,0.7,4.3,2.4,-3.0999999999999996,-1.7,987.7488628269656,891.3639004918708,96.38496233509477,1,2
2026-03-26,Poland,Albania,0.7,0.6,1.7,1.2,0.7,0.7,1.0,0.5,1796.3204521924547,1720.9990367678702,75.32141542458453,0,0
2026-03-26,Ukraine,Sweden,0.5,0.3,1.7,1.5,2.0,1.7,-0.30000000000000004,-0.19999999999999996,1865.5282961897176,1713.8033953734673,151.72490081625028,1,2
2026-03-26,Brazil,France,0.5,0.7,1.7,2.4,1.0,1.1,0.7,1.2999999999999998,2053.092251076258,2118.2437174215274,-65.15146634526945,1,2
2026-03-26,Colombia,Croatia,0.5,0.8,2.2,2.8,0.9,0.6,1.3000000000000003,2.1999999999999997,2080.230669698367,1983.873256607715,96.35741309065202,1,2
2026-03-26,Georgia,Israel,0.4,0.5,1.8,2.0,1.7,2.0,0.10000000000000009,0.0,1702.189572228204,1677.328925623989,24.860646604214935,0,1
2026-03-26,Moldova,Lithuania,0.0,0.0,0.6,0.6,3.6,2.0,-3.0,-1.4,1334.9945815030526,1340.6582514910272,-5.663669987974572,0,2
2026-03-26,Cyprus,Belarus,0.2,0.3,1.5,1.6,1.7,2.2,-0.19999999999999996,-0.6000000000000001,1356.7902247676734,1552.7936232213751,-196.00339845370172,0,2
2026-03-26,New Caledonia,Jamaica,0.7,0.5,3.0,1.5,0.9,0.9,2.1,0.6,1610.9806956032314,1675.7975947172324,-64.81689911400099,1,2
2026-03-26,Bolivia,Suriname,0.4,0.2,0.8,1.3,1.3,1.3,-0.5,0.0,1752.6170516863076,1599.1947262120325,153.4223254742751,1,0
2026-03-26,Italy,Northern Ireland,0.6,0.4,2.5,1.1,1.7,1.4,0.8,-0.2999999999999998,1913.4299873304797,1656.1800175973974,257.24996973308225,0,0
2026-03-26,Wales,Bosnia and Herzegovina,0.5,0.6,2.1,2.2,1.5,1.0,0.6000000000000001,1.2000000000000002,1773.1083063734206,1624.3851558174058,148.72315055601484,0,1
2026-03-26,Vietnam,Bangladesh,0.9,0.3,2.3,1.2,1.0,1.1,1.2999999999999998,0.09999999999999987,1466.1558041081394,1127.9636598831262,338.1921442250132,0,0
2026-03-27,Indonesia,Saint Kitts and Nevis,0.3,0.3,1.1,1.8,1.7,2.8,-0.5999999999999999,-0.9999999999999998,1489.341453574589,1237.2735293402293,252.06792423435968,0,0
2026-03-27,Iran,Nigeria,0.5,0.7,1.6,2.3,0.9,0.6,0.7000000000000001,1.6999999999999997,1882.1857299746991,1860.9964424878888,21.18928748681037,1,2
2026-03-27,China,Curaçao,0.3,0.4,0.9,2.0,1.5,0.7,-0.6,1.3,1534.5960235330351,1641.664345762881,-107.06832222984599,1,0
2026-03-27,Azerbaijan,Saint Lucia,0.0,0.4,0.4,1.0,2.3,2.6,-1.9,-1.6,1403.9819903107464,1230.3832446974,173.5987456133464,0,0
2026-03-27,Solomon Islands,Bulgaria,0.2,0.1,1.2,0.7,1.9,2.9,-0.7,-2.2,1409.7874156637029,1512.1659711587567,-102.37855549505389,1,2
2026-03-27,Chile,Cape Verde,0.4,0.5,1.2,1.7,1.0,0.7,0.19999999999999996,1.0,1807.8115313729115,1676.116690933194,131.6948404397176,1,0
2026-03-27,Uzbekistan,Gabon,0.4,0.4,1.3,2.0,0.6,1.8,0.7000000000000001,0.19999999999999996,1835.7397004485624,1524.3156963449828,311.4240041035796,0,0
2026-03-27,Kenya,Estonia,0.3,0.2,1.3,1.2,2.1,2.3,-0.8,-1.0999999999999999,1459.174470481032,1415.458917488754,43.715552992277935,1,1
2026-03-27,Rwanda,Grenada,0.2,0.6,0.4,2.2,1.4,1.3,-0.9999999999999999,0.9000000000000001,1418.8726860239706,1315.1889884968907,103.68369752707986,0,0
2026-03-27,Venezuela,Trinidad and Tobago,0.3,0.1,0.9,0.9,1.9,1.6,-0.9999999999999999,-0.7000000000000001,1800.3467748876078,1554.490735832856,245.85603905475182,1,0
2026-03-27,Costa Rica,Jordan,0.3,0.5,1.6,1.8,1.2,1.6,0.40000000000000013,0.19999999999999996,1764.8670149399973,1784.5658096849013,-19.698794744904035,1,1
2026-03-27,Guyana,Dominica,0.6,0.1,2.3,1.0,1.9,2.5,0.3999999999999999,-1.5,1467.943004844712,1169.7721320245648,298.1708728201472,1,0
2026-03-27,Belize,Sint Maarten,0.5,0.5,1.6,1.2,2.1,2.3,-0.5,-1.0999999999999999,1311.9295040772638,1282.3355592745313,29.593944802732494,1,2
2026-03-27,New Zealand,Finland,0.3,0.4,1.5,1.2,1.2,1.5,0.30000000000000004,-0.30000000000000004,1773.0231485011632,1571.1001075686197,201.92304093254347,0,2
2026-03-27,Switzerland,Germany,0.7,0.6,2.6,2.2,0.6,1.1,2.0,1.1,1961.3217535949732,1980.1675465995672,-18.845793004594043,0,2
2026-03-27,Australia,Cameroon,0.7,0.5,1.6,1.1,0.9,0.7,0.7000000000000001,0.40000000000000013,1898.7059621660044,1715.5884439647873,183.11751820121708,0,0
2026-03-27,Spain,Serbia,0.6,0.5,3.3,1.2,1.3,1.1,1.9999999999999998,0.09999999999999987,2227.627501685605,1824.0201597954097,403.60734189019513,0,0
2026-03-27,Russia,Nicaragua,0.6,0.2,2.5,0.6,0.7,1.7,1.8,-1.1,1843.8533479730067,1495.1089360849576,348.74441188804917,0,0
2026-03-27,Algeria,Guatemala,0.7,0.3,1.8,1.3,0.5,1.3,1.3,0.0,1840.581715626538,1672.7641763707031,167.81753925583484,1,0
2026-03-27,Argentina,Mauritania,0.8,0.1,2.0,0.4,0.3,1.2,1.7,-0.7999999999999999,2184.570942866439,1428.1904730263802,756.3804698400588,0,0
2026-03-27,Austria,Ghana,0.6,0.6,2.3,2.1,0.7,0.6,1.5999999999999999,1.5,1875.0514492925367,1626.8274073899468,248.22404190259,0,0
2026-03-27,Greece,Paraguay,0.5,0.4,2.1,1.1,1.4,1.0,0.7000000000000002,0.10000000000000009,1810.372967666392,1914.2501989742748,-103.87723130788277,0,2
2026-03-27,Guinea,Togo,0.4,0.2,1.1,0.7,0.6,1.4,0.5000000000000001,-0.7,1609.6340223903096,1457.3116926015534,152.32232978875618,1,1
2026-03-27,England,Uruguay,0.9,0.4,2.6,0.9,0.3,0.9,2.3000000000000003,0.0,2101.820358037493,1971.7163483005072,130.10400973698574,0,1
2026-03-27,Libya,Niger,0.4,0.5,1.0,2.0,0.7,1.6,0.30000000000000004,0.3999999999999999,1535.4019310635078,1526.744363544422,8.657567519085887,1,1
2026-03-27,Montenegro,Andorra,0.4,0.0,1.2,0.3,2.0,2.0,-0.8,-1.7,1499.296141016754,1145.7981262223493,353.49801479440475,0,0
2026-03-27,Morocco,Ecuador,0.8,0.3,1.9,0.7,0.3,0.3,1.5999999999999999,0.39999999999999997,1972.9370043697809,2018.825417985705,-45.88841361592404,1,1
2026-03-27,Netherlands,Norway,0.6,0.9,3.2,3.9,0.9,0.6,2.3000000000000003,3.3,2018.0090149912903,1966.5122085870312,51.49680640425913,0,0
2026-03-27,Saudi Arabia,Egypt,0.5,0.4,1.2,1.1,1.0,1.0,0.19999999999999996,0.10000000000000009,1708.890021264245,1776.2956821175003,-67.40566085325531,0,2
2026-03-27,South Africa,Panama,0.6,0.4,1.8,1.5,0.8,0.8,1.0,0.7,1663.7925921966032,1855.7313079479443,-191.93871575134108,0,1
2026-03-27,Liberia,Benin,0.3,0.4,1.1,0.8,1.8,1.5,-0.7,-0.7,1436.2373855878525,1529.4553575968464,-93.21797200899391,1,2
2026-03-28,United States,Belgium,0.6,0.6,1.9,3.3,1.2,1.0,0.7,2.3,1854.8648768292212,1915.335948270546,-60.47107144132474,0,2
2026-03-28,Puerto Rico,United States Virgin Islands,0.4,0.2,1.6,1.6,1.8,2.2,-0.19999999999999996,-0.6000000000000001,1351.8079217336235,980.0552967132757,371.75262502034786,0,0
2026-03-28,American Samoa,Guam,0.0,0.1,0.6,0.7,6.9,2.3,-6.300000000000001,-1.5999999999999999,954.3936489546576,966.5615412987996,-12.167892344142047,1,2
2026-03-28,Namibia,Comoros,0.2,0.2,0.7,1.2,1.6,1.5,-0.9000000000000001,-0.30000000000000004,1420.4021936457316,1489.5787945406946,-69.17660089496303,1,1
2026-03-28,Botswana,Zimbabwe,0.1,0.1,0.7,0.8,1.9,1.4,-1.2,-0.5999999999999999,1403.3249740834435,1442.5002669539824,-39.1752928705389,0,2
2026-03-28,Kyrgyzstan,Madagascar,0.2,0.5,1.2,1.7,1.8,1.7,-0.6000000000000001,0.0,1466.6137841427935,1497.123306809308,-30.509522666514385,1,2
2026-03-28,Senegal,Peru,0.7,0.1,2.4,0.6,0.7,1.2,1.7,-0.6,1918.498559991864,1775.3006209527027,143.19793903916138,1,0
2026-03-28,Haiti,Tunisia,0.3,0.3,1.2,1.7,1.5,1.3,-0.30000000000000004,0.3999999999999999,1699.9157167900498,1732.3453800617003,-32.4296632716505,1,2
2026-03-28,San Marino,Faroe Islands,0.0,0.5,0.3,1.2,4.3,1.0,-4.0,0.19999999999999996,908.4860048462308,1430.8882839959851,-522.4022791497543,0,2
2026-03-28,Mexico,Portugal,0.4,0.6,1.2,2.9,1.0,1.3,0.19999999999999996,1.5999999999999999,1962.5800696374497,2017.978272494539,-55.398202857089245,0,1
2026-03-28,Ivory Coast,South Korea,0.6,0.6,2.2,1.7,0.7,0.9,1.5000000000000002,0.7999999999999999,1758.6741960073068,1907.007837619244,-148.33364161193708,1,0
2026-03-28,Hungary,Slovenia,0.3,0.3,1.4,0.7,1.9,0.9,-0.5,-0.20000000000000007,1756.1198102417968,1749.447240747803,6.672569493993706,0,0
2026-03-28,Canada,Iceland,0.5,0.3,1.6,1.7,0.3,2.0,1.3,-0.30000000000000004,1908.437784124356,1624.666930482715,283.770853641641,0,1
2026-03-28,Burkina Faso,Guinea-Bissau,0.7,0.1,2.0,0.7,0.8,1.4,1.2,-0.7,1661.4368565741424,1356.032627833252,305.4042287408904,0,0
2026-03-28,Scotland,Japan,0.6,0.5,1.9,1.8,1.3,0.7,0.5999999999999999,1.1,1838.9224106680444,1966.5897533900736,-127.66734272202916,0,2
2026-03-29,Cayman Islands,Bahamas,0.2,0.1,0.9,1.2,2.1,3.9,-1.2000000000000002,-2.7,1046.873944233808,959.1622999308488,87.71164430295926,0,0
2026-03-29,British Virgin Islands,Anguilla,0.2,0.2,1.2,0.8,1.7,2.5,-0.5,-1.7,992.5263560542252,919.9504633879876,72.57589266623756,1,0
2026-03-29,Bonaire,Saint Martin,0.2,0.4,1.0,1.4,2.0,2.1,-1.0,-0.7000000000000002,1169.538357740606,1273.496321125588,-103.95796338498212,0,2
2026-03-29,Barbados,Saint Vincent and the Grenadines,0.2,0.6,1.6,2.6,2.2,1.0,-0.6000000000000001,1.6,1131.9035053095818,1341.118444897346,-209.21493958776432,1,2
2026-03-29,Dominican Republic,Cuba,0.2,0.3,1.4,1.0,1.5,2.0,-0.10000000000000009,-1.0,1477.061217347599,1403.5932237572492,73.4679935903498,0,1
2026-03-29,Macau,Tanzania,0.0,0.0,0.3,0.7,2.4,1.5,-2.1,-0.8,841.3460568251104,1415.0413067598342,-573.6952499347238,1,2
2026-03-29,Aruba,Liechtenstein,0.3,0.1,1.5,0.2,2.2,3.4,-0.7000000000000002,-3.1999999999999997,1200.7239186918791,1011.3712507423802,189.35266794949894,1,0
2026-03-29,Lithuania,Georgia,0.1,0.3,0.8,1.7,1.9,1.9,-1.0999999999999999,-0.19999999999999996,1359.6338558337798,1698.7429133111898,-339.10905747741003,0,2
2026-03-29,Colombia,France,0.5,0.8,2.2,2.6,0.9,1.0,1.3000000000000003,1.6,2067.5262655552583,2126.390182694417,-58.86391713915873,1,2
2026-03-29,Armenia,Belarus,0.1,0.3,0.8,1.2,3.5,2.2,-2.7,-1.0000000000000002,1450.8524341140255,1560.0986658088589,-109.24623169483334,0,2
2026-03-29,Martinique,El Salvador,0.1,0.1,0.7,0.4,1.2,1.7,-0.5,-1.2999999999999998,1492.0888466333363,1477.9068328287117,14.182013804624603,1,2
2026-03-30,Dominica,Sint Maarten,0.1,0.6,0.9,1.5,2.1,2.3,-1.2000000000000002,-0.7999999999999998,1162.9170921788086,1298.6101515383964,-135.69305935958778,1,1
2026-03-30,Guyana,Belize,0.7,0.4,2.4,1.7,1.6,2.4,0.7999999999999998,-0.7,1474.7980446904685,1295.6549118133987,179.14313287706977,1,0
2026-03-30,Uzbekistan,Venezuela,0.5,0.4,1.6,1.2,0.7,1.7,0.9000000000000001,-0.5,1839.592531371213,1810.605567028584,28.986964342629108,0,1
2026-03-30,Gabon,Trinidad and Tobago,0.4,0.1,1.8,1.0,1.7,1.5,0.10000000000000009,-0.5,1520.462865422332,1544.23194369188,-23.76907826954789,1,1
2026-03-30,Grenada,Kenya,0.5,0.3,1.8,1.4,1.7,2.1,0.10000000000000009,-0.7000000000000002,1301.8912733097882,1457.2970155745356,-155.40574226474746,1,2
2026-03-30,New Zealand,Chile,0.2,0.4,0.8,1.0,1.4,1.1,-0.5999999999999999,-0.10000000000000009,1734.7536202596602,1822.1692175155356,-87.41559725587535,0,0
2026-03-30,Rwanda,Estonia,0.3,0.2,0.8,1.2,1.3,2.2,-0.5,-1.0000000000000002,1432.170401211073,1417.3363723952502,14.834028815822876,0,0
2026-03-30,Indonesia,Bulgaria,0.4,0.2,1.5,1.6,1.6,2.9,-0.10000000000000009,-1.2999999999999998,1495.8907244015738,1537.5870224214266,-41.69629801985275,0,2
2026-03-30,Saint Kitts and Nevis,Solomon Islands,0.3,0.2,1.8,1.4,2.8,2.8,-0.9999999999999998,-1.4,1230.7242585132444,1384.366364401033,-153.6421058877886,1,0
2026-03-30,Azerbaijan,Sierra Leone,0.1,0.4,1.0,1.1,2.1,1.2,-1.1,-0.09999999999999987,1414.2726091530285,1476.210311167731,-61.93770201470261,0,1
2026-03-30,Germany,Ghana,0.6,0.5,2.4,1.7,1.3,1.1,1.0999999999999999,0.5999999999999999,1992.4617790646896,1622.3751370686605,370.08664199602913,0,0
2026-03-30,Cyprus,Moldova,0.1,0.0,1.3,0.6,1.8,3.3,-0.5,-2.6999999999999997,1349.4851821801897,1316.0189771603,33.466205019889685,0,0
2026-03-30,Cape Verde,Finland,0.4,0.4,1.7,1.3,1.0,1.5,0.7,-0.19999999999999996,1661.75900479057,1609.3696358101224,52.38936898044767,1,1
2026-03-31,Spain,Egypt,0.7,0.5,3.4,1.4,1.1,0.9,2.3,0.4999999999999999,2229.454612719645,1796.7995532405996,432.65505947904535,0,1
2026-03-31,Russia,Mali,0.6,0.4,2.3,1.5,0.8,0.8,1.4999999999999998,0.7,1845.960211126016,1710.2401267043429,135.72008442167316,0,1
2026-03-31,Republic of Ireland,North Macedonia,0.4,0.2,1.4,1.1,1.1,1.6,0.2999999999999998,-0.5,1752.3951256937428,1642.1517056960456,110.24341999769717,0,1
2026-03-31,San Marino,Andorra,0.0,0.0,0.4,0.3,4.3,2.1,-3.9,-1.8,906.8700289352915,1143.7442399812385,-236.87421104594694,0,1
2026-03-31,Senegal,Gambia,0.7,0.5,2.2,2.4,0.7,1.3,1.5000000000000002,1.0999999999999999,1927.6440231045424,1544.4329181211167,383.2111049834257,0,0
2026-03-31,Serbia,Saudi Arabia,0.5,0.5,1.1,1.1,1.3,1.3,-0.19999999999999996,-0.19999999999999996,1822.1930487613697,1688.3861501411457,133.80689862022405,0,0
2026-03-31,Slovakia,Romania,0.4,0.5,1.0,2.1,1.8,1.4,-0.8,0.7000000000000002,1723.2046702084592,1694.911592837936,28.29307737052318,0,0
2026-03-31,South Africa,Panama,0.5,0.3,1.7,1.2,0.9,0.8,0.7999999999999999,0.3999999999999999,1666.3787172841364,1853.145182860411,-186.76646557627464,0,2
2026-03-31,Ukraine,Albania,0.4,0.6,1.5,1.3,2.2,0.7,-0.7000000000000002,0.6000000000000001,1823.201151467687,1710.3138233972604,112.88732807042652,1,0
2026-03-31,Australia,Curaçao,0.7,0.3,1.2,1.5,0.8,0.8,0.3999999999999999,0.7,1903.621878143353,1612.4420432937857,291.1798348495672,0,0
2026-03-31,Wales,Northern Ireland,0.4,0.4,1.9,1.0,1.5,1.5,0.3999999999999999,-0.5,1760.8212559985811,1649.376159997149,111.44509600143215,0,1
2026-03-31,Iraq,Bolivia,0.6,0.4,1.1,0.8,0.7,1.4,0.40000000000000013,-0.5999999999999999,1717.7767280354306,1764.3179048419297,-46.54117680649915,1,0
2026-03-31,Bosnia and Herzegovina,Italy,0.5,0.7,2.2,2.6,1.1,1.5,1.1,1.1,1636.6722061922453,1920.233844930728,-283.56163873848277,0,1
2026-03-31,Sweden,Poland,0.4,0.7,1.8,1.8,1.7,0.8,0.10000000000000009,1.0,1756.130540095498,1807.0056655630644,-50.87512546756648,0,0
2026-03-31,Kosovo,Turkey,0.7,0.7,2.2,2.3,1.3,1.4,0.9000000000000001,0.8999999999999999,1788.113632134806,1938.1943980056544,-150.08076587084838,0,2
2026-03-31,Czech Republic,Denmark,0.5,0.6,2.0,2.9,1.0,1.3,1.0,1.5999999999999999,1775.8024503080526,1922.3274074336048,-146.5249571255522,0,1
2026-03-31,Cameroon,China,0.4,0.4,0.8,1.0,0.8,1.3,0.0,-0.30000000000000004,1710.6725279874386,1563.8183260021306,146.854201985308,1,0
2026-03-31,Peru,Honduras,0.1,0.4,0.6,1.0,1.3,0.5,-0.7000000000000001,0.5,1766.155157840025,1705.9896933533837,60.16546448664121,1,1
2026-03-31,Kazakhstan,Comoros,0.3,0.2,1.1,1.2,1.5,1.4,-0.3999999999999999,-0.19999999999999996,1500.1788756016829,1486.6310508092247,13.547824792458186,0,0
2026-03-31,United States,Portugal,0.5,0.6,1.9,2.9,1.6,1.2,0.2999999999999998,1.7,1835.3823889507464,2019.255009578432,-183.8726206276856,0,2
2026-03-31,Norway,Switzerland,0.8,0.7,3.5,2.8,0.8,0.9,2.7,1.9,1960.6157987383444,1949.027521129851,11.5882776084934,0,1
2026-03-31,DR Congo,Jamaica,0.6,0.6,1.3,1.6,0.6,0.8,0.7000000000000001,0.8,1751.692488385176,1692.1091261466431,59.5833622385328,1,0
2026-03-31,Netherlands,Ecuador,0.7,0.2,3.2,0.6,0.8,0.3,2.4000000000000004,0.3,2023.905424839977,2017.512270123977,6.393154716000026,0,1
2026-03-31,Niger,Togo,0.5,0.2,1.9,0.8,1.4,1.1,0.5,-0.30000000000000004,1527.1180634362024,1463.4966879112806,63.62137552492186,1,2
2026-03-31,Algeria,Uruguay,0.7,0.4,2.3,1.0,0.5,0.9,1.7999999999999998,0.09999999999999998,1852.9869301498848,1977.5152192127389,-124.52828906285413,1,1
2026-03-31,Argentina,Zambia,0.8,0.2,2.1,0.7,0.4,1.8,1.7000000000000002,-1.1,2184.714475551953,1550.6699822296866,634.0444933222664,0,0
2026-03-31,Austria,South Korea,0.7,0.6,2.7,1.6,0.7,1.2,2.0,0.40000000000000013,1879.503719613823,1880.7060945379435,-1.2023749241204769,0,0
2026-03-31,Brazil,Croatia,0.4,0.8,1.6,2.8,1.1,0.7,0.5,2.0999999999999996,2044.945785803368,1996.577660750823,48.36812505254488,1,0
2026-03-31,Burkina Faso,Guinea-Bissau,0.7,0.1,1.9,0.6,0.8,1.8,1.0999999999999999,-1.2000000000000002,1664.9716801821592,1352.4978042252353,312.47387595692385,0,1
2026-03-31,Canada,Tunisia,0.4,0.4,1.2,1.7,0.5,1.2,0.7,0.5,1900.4163980305195,1741.414680618648,159.0017174118716,0,1
2026-03-31,Costa Rica,Iran,0.2,0.4,1.4,1.4,1.1,0.9,0.2999999999999998,0.4999999999999999,1765.4333850693936,1871.576608277367,-106.1432232079735,1,2
2026-03-31,England,Japan,0.8,0.5,2.5,1.7,0.4,0.7,2.1,1.0,2096.021487125261,1975.7951022819216,120.22638484333947,0,2
2026-03-31,Benin,Guinea,0.5,0.3,0.9,1.2,1.4,0.8,-0.4999999999999999,0.3999999999999999,1540.5246830938454,1603.4490270805825,-62.924343986737085,1,0
2026-03-31,Haiti,Iceland,0.3,0.3,1.1,1.8,1.1,1.9,0.0,-0.09999999999999987,1690.8464162331022,1632.6883165765516,58.158099656550576,1,1
2026-03-31,Morocco,Paraguay,0.7,0.4,1.9,1.1,0.4,1.0,1.5,0.10000000000000009,1974.2501522315088,1924.138607918958,50.11154431255068,1,0
2026-03-31,Hungary,Greece,0.4,0.5,1.4,2.1,1.6,1.4,-0.20000000000000018,0.7000000000000002,1763.1424976968124,1800.4845587217085,-37.34206102489611,0,1
2026-03-31,Ivory Coast,Scotland,0.7,0.5,2.6,1.8,0.7,1.4,1.9000000000000001,0.40000000000000013,1784.9759390886074,1829.7170617761965,-44.74112268758904,1,0
2026-03-31,Jordan,Nigeria,0.5,0.7,2.0,2.1,1.7,0.7,0.30000000000000004,1.4000000000000001,1783.999439555505,1871.6055641852213,-87.6061246297163,1,1
2026-03-31,Liberia,Libya,0.3,0.3,1.0,0.9,1.7,0.7,-0.7,0.20000000000000007,1425.1680600908533,1535.0282311717274,-109.86017108087412,1,1
2026-03-31,Equatorial Guinea,Madagascar,0.2,0.6,0.8,2.0,1.6,1.6,-0.8,0.3999999999999999,1451.8083143228243,1513.090509051713,-61.282194728888726,1,1
2026-03-31,Botswana,Malawi,0.1,0.4,0.6,1.1,2.1,0.7,-1.5,0.40000000000000013,1372.5258304756478,1459.262014904601,-86.73618442895327,0,0
2026-03-31,Mexico,Belgium,0.3,0.7,1.0,3.7,0.9,0.9,0.09999999999999998,2.8000000000000003,1961.303332553557,1934.8184361490207,26.484896404536357,1,1
2026-03-31,Montenegro,Slovenia,0.4,0.3,1.1,0.7,1.9,1.0,-0.7999999999999998,-0.30000000000000004,1501.350027257865,1742.4245532927876,-241.07452603492266,0,2
2026-05-16,Republic of Ireland,Grenada,0.3,0.5,1.2,1.8,1.0,1.7,0.19999999999999996,0.10000000000000009,1746.9882323162817,1286.6576599219604,460.3305723943213,1,0
2026-05-22,Mexico,Ghana,0.3,0.4,1.1,1.5,1.0,1.3,0.10000000000000009,0.19999999999999996,1960.542509092484,1621.122774872386,339.419734220098,0,0
2026-05-26,Morocco,Burundi,0.7,0.2,1.8,0.6,0.5,0.9,1.3,-0.30000000000000004,1982.8177451082304,1387.662154450706,595.1555906575243,0,0
2026-05-26,Nigeria,Zimbabwe,0.6,0.2,1.9,1.0,0.8,1.3,1.0999999999999999,-0.30000000000000004,1869.1361713761323,1473.2994105617784,395.83676081435397,1,0
2026-05-27,India,Jamaica,0.1,0.5,0.7,1.4,1.2,0.8,-0.5,0.5999999999999999,1244.1665057439243,1675.5057862147385,-431.3392804708142,1,2
2026-05-28,Republic of Ireland,Qatar,0.4,0.1,1.6,0.9,0.9,1.9,0.7000000000000001,-0.9999999999999999,1749.6280989503769,1571.5844952420118,178.04360370836503,0,0
2026-05-28,Egypt,Russia,0.5,0.5,1.3,1.8,0.8,0.8,0.5,1.0,1805.909096828066,1840.055057831404,-34.145961003338016,0,0
2026-05-29,Andorra,Iraq,0.0,0.6,0.3,1.1,1.8,0.7,-1.5,0.40000000000000013,1139.9965865963811,1740.4399427310857,-600.4433561347046,1,2
2026-05-29,Bosnia and Herzegovina,North Macedonia,0.4,0.2,2.1,1.0,1.1,1.5,1.0,-0.5,1646.3543200731326,1647.558599073507,-1.2042790003742994,0,1
2026-05-29,Iran,Gambia,0.4,0.4,1.6,2.4,0.7,1.6,0.9000000000000001,0.7999999999999998,1885.649766267096,1542.6830978146484,342.9666684524477,1,0
2026-05-29,South Africa,Nicaragua,0.4,0.2,1.5,0.7,1.1,1.9,0.3999999999999999,-1.2,1658.825402955714,1493.0020729319483,165.82333002376572,0,1
2026-05-30,Nigeria,Jamaica,0.7,0.6,2.0,1.5,0.7,0.4,1.3,1.1,1873.3170865952204,1678.9734586737168,194.34362792150364,1,0
2026-05-30,Zimbabwe,India,0.2,0.1,1.0,0.7,1.4,1.1,-0.3999999999999999,-0.40000000000000013,1469.1184953426905,1240.698833284946,228.41966205774452,1,0
2026-05-30,Scotland,Curaçao,0.5,0.3,1.8,1.6,1.2,1.3,0.6000000000000001,0.30000000000000004,1818.436380150069,1607.087421973291,211.34895817677807,0,0
2026-05-30,Ecuador,Saudi Arabia,0.2,0.4,0.7,0.9,0.4,1.3,0.29999999999999993,-0.4,2020.4822516037052,1684.2553228306997,336.2269287730055,1,0
2026-05-30,South Korea,Trinidad and Tobago,0.6,0.1,1.5,1.1,1.2,1.6,0.30000000000000004,-0.5,1873.4754723013805,1543.2073480744418,330.26812422693865,1,0
2026-05-30,Mexico,Australia,0.4,0.7,1.1,1.5,0.8,0.9,0.30000000000000004,0.6,1962.7569769603,1908.976499463848,53.78047749645202,1,0
2026-05-31,Brazil,Panama,0.5,0.4,1.8,1.3,0.8,0.8,1.0,0.5,2057.870952617365,1860.6984971888332,197.17245542853198,0,0
2026-05-31,Cape Verde,Serbia,0.4,0.5,1.7,1.1,1.0,1.4,0.7,-0.2999999999999998,1659.514162023203,1826.323876071816,-166.80971404861293,1,0
2026-05-31,Czech Republic,Kosovo,0.4,0.6,1.8,1.9,1.2,1.3,0.6000000000000001,0.5999999999999999,1778.4647478739255,1770.9767109624015,7.488036911523977,0,0
2026-05-31,Germany,Finland,0.7,0.4,2.3,1.2,1.1,1.4,1.1999999999999997,-0.19999999999999996,1993.714141260964,1611.6144785774893,382.09966268347466,0,0
2026-05-31,Poland,Ukraine,0.6,0.5,1.8,1.6,1.1,1.9,0.7,-0.2999999999999998,1789.8148254026892,1830.061700768156,-40.24687536546685,0,2
2026-05-31,Singapore,Mongolia,0.4,0.2,1.4,0.5,1.2,2.0,0.19999999999999996,-1.5,1296.8597452904307,986.8138309749512,310.04591431547954,0,0
2026-05-31,Switzerland,Jordan,0.6,0.5,2.5,2.0,0.8,1.5,1.7,0.5,1952.133227882088,1786.468832364594,165.66439551749409,0,0
2026-05-31,United States,Senegal,0.5,0.8,1.7,2.5,1.6,0.6,0.09999999999999987,1.9,1823.9347220878064,1929.3938434110105,-105.45912132320404,0,0
2026-05-31,Japan,Iceland,0.6,0.2,1.8,1.6,0.7,1.9,1.1,-0.2999999999999998,1991.4021633373711,1634.3467799226148,357.0553834147563,0,0
2026-06-01,Maldives,Pakistan,0.1,0.0,0.7,0.2,2.1,3.1,-1.4000000000000001,-2.9,1043.4037953283369,1022.6315779038443,20.77221742449251,0,2
2026-06-01,Maldives,Afghanistan,0.1,0.1,0.7,0.5,2.1,1.3,-1.4000000000000001,-0.8,1043.4037953283369,1223.959803014281,-180.55600768594422,0,2
2026-06-01,Turkey,North Macedonia,0.7,0.2,2.1,0.9,1.4,1.4,0.7000000000000002,-0.4999999999999999,1955.3313191780585,1650.3279262362926,305.0033929417659,0,0
2026-06-01,Slovakia,Malta,0.5,0.2,1.2,0.8,1.7,2.4,-0.5,-1.5999999999999999,1732.9045434107925,1334.0018973493034,398.9026460614891,0,0
2026-06-01,Colombia,Costa Rica,0.5,0.1,2.1,1.2,1.0,1.5,1.1,-0.30000000000000004,2055.0435849940645,1751.3602270796648,303.6833579143997,0,0
2026-06-01,Canada,Uzbekistan,0.4,0.4,1.1,1.5,0.4,0.7,0.7000000000000001,0.8,1894.0920304390884,1834.2662057951743,59.825824643914075,0,0
2026-06-01,Bulgaria,Montenegro,0.3,0.3,1.6,1.2,2.7,2.2,-1.1,-1.0000000000000002,1555.080830272121,1495.201122163874,59.87970810824686,0,2
2026-06-01,Austria,Tunisia,0.8,0.3,2.8,1.4,0.5,1.0,2.3,0.3999999999999999,1886.734341850386,1747.7390482100789,138.99529364030718,0,0
2026-06-01,Norway,Sweden,0.7,0.4,3.1,1.6,0.6,1.8,2.5,-0.19999999999999996,1957.5100919861072,1773.3213802558732,184.188711730234,0,0
2026-06-02,Croatia,Belgium,0.8,0.6,2.9,3.5,0.8,1.0,2.0999999999999996,2.5,1983.652493936826,1935.5792596100944,48.07323432673161,0,2
2026-06-02,Georgia,Romania,0.3,0.4,1.3,1.6,1.8,1.5,-0.5,0.10000000000000009,1704.7904391948352,1685.211719635603,19.57871955923224,0,1
2026-06-02,Haiti,New Zealand,0.3,0.2,1.2,0.9,1.1,1.5,0.09999999999999987,-0.6,1689.187952887039,1760.0532392441685,-70.86528635712943,1,0
2026-06-02,Morocco,Madagascar,0.7,0.6,2.0,2.1,0.3,1.6,1.7,0.5,1983.5360376878536,1511.344732795544,472.19130489230974,0,0
2026-06-02,Wales,Ghana,0.4,0.4,1.9,1.4,1.5,1.3,0.3999999999999999,0.09999999999999987,1755.3899327285114,1618.90830700457,136.48162572394153,0,1
2026-06-03,Philippines,Guam,0.6,0.2,2.1,1.3,1.1,2.0,1.0,-0.7,1328.2865467780769,997.3206709319886,330.96587584608824,0,0
2026-06-03,Panama,Dominican Republic,0.4,0.2,1.5,1.3,1.4,1.2,0.10000000000000009,0.10000000000000009,1854.958077826063,1470.1379444068232,384.8201334192397,0,0
2026-06-03,Poland,Nigeria,0.5,0.7,1.6,2.1,1.3,0.6,0.30000000000000004,1.5,1772.2602131098577,1886.2450324572908,-113.98481934743313,0,1
2026-06-03,Netherlands,Algeria,0.7,0.7,3.0,2.3,0.6,0.5,2.4,1.7999999999999998,2020.9354433602489,1856.425156661416,164.51028669883294,0,2
2026-06-03,DR Congo,Denmark,0.7,0.6,1.2,2.9,0.3,1.0,0.8999999999999999,1.9,1768.2958283170806,1919.6651098677323,-151.36928155065175,1,1
2026-06-03,South Korea,El Salvador,0.6,0.2,1.8,0.5,1.2,1.7,0.6000000000000001,-1.2,1878.6744889187655,1493.5187797456124,385.1557091731531,1,0
2026-06-03,Albania,Israel,0.5,0.4,1.0,2.0,0.8,2.1,0.19999999999999996,-0.10000000000000009,1703.4532740967916,1680.7755845410036,22.677689555787993,0,2
2026-06-03,Luxembourg,Italy,0.1,0.7,0.3,2.4,1.7,1.3,-1.4,1.0999999999999999,1446.942903086229,1910.5517310498408,-463.6088279636117,0,2
2026-06-03,Gibraltar,British Virgin Islands,0.0,0.3,0.3,1.6,3.1,1.5,-2.8000000000000003,0.10000000000000009,1113.2799926508862,1014.860305919281,98.41968673160522,0,0
2026-06-04,Sweden,Greece,0.3,0.4,1.5,1.8,2.1,1.4,-0.6000000000000001,0.40000000000000013,1768.4307575189666,1802.2686985452967,-33.8379410263301,0,1
2026-06-04,Slovenia,Cyprus,0.3,0.2,0.9,1.5,1.2,1.8,-0.29999999999999993,-0.30000000000000004,1748.5734583867784,1355.8221507671374,392.751307619641,0,1
2026-06-04,Northern Ireland,Guinea,0.4,0.3,1.0,1.2,1.1,0.8,-0.10000000000000009,0.3999999999999999,1654.807483267219,1585.7616833563052,69.04579991091373,1,0
2026-06-04,Mexico,Serbia,0.5,0.5,1.2,1.1,0.4,1.7,0.7999999999999999,-0.5999999999999999,1971.221296202984,1801.0129738879402,170.2083223150437,0,0
2026-06-04,Lesotho,Kenya,0.3,0.4,0.7,1.4,1.8,1.8,-1.1,-0.40000000000000013,1416.5810750333349,1472.5306289623634,-55.949553929028525,1,1
2026-06-04,Spain,Iraq,0.7,0.6,3.1,1.1,0.8,0.7,2.3,0.40000000000000013,2220.345069132178,1741.0514964580134,479.2935726741648,0,1
2026-06-04,Guatemala,Czech Republic,0.3,0.4,1.3,1.8,1.9,1.3,-0.5999999999999999,0.5,1660.358961847356,1785.4660598309615,-125.1070979836054,1,2
2026-06-04,France,Ivory Coast,0.8,0.7,2.7,2.0,1.1,0.7,1.6,1.3,2138.8728632556117,1796.2566207147347,342.616242540877,0,2
2026-06-04,Cambodia,Bhutan,0.2,0.1,1.4,0.3,2.0,2.6,-0.6000000000000001,-2.3000000000000003,1048.7745998481414,866.4939956346498,182.28060421349164,0,0
2026-06-04,Andorra,Liechtenstein,0.0,0.1,0.3,0.3,1.8,3.6,-1.5,-3.3000000000000003,1139.3850328694532,998.161306710666,141.22372615878714,0,0
2026-06-04,Iran,Mali,0.4,0.3,1.7,1.2,0.8,0.8,0.8999999999999999,0.3999999999999999,1889.3076802777316,1716.1452799989545,173.1624002787771,1,0
2026-06-05,San Marino,Bangladesh,0.0,0.3,0.3,1.2,3.8,1.3,-3.5,-0.10000000000000009,910.6176823201488,1125.36315384457,-214.7454715244212,0,2
2026-06-05,Puerto Rico,Saudi Arabia,0.4,0.4,1.6,1.0,1.7,1.5,-0.09999999999999987,-0.5,1354.600511504529,1681.7324126145263,-327.1319011099972,1,2
2026-06-05,Central African Republic,Togo,0.2,0.3,0.6,0.9,2.2,1.0,-1.6,-0.09999999999999998,1366.3554021795392,1481.213148499128,-114.85774631958884,1,1
2026-06-05,Benin,Niger,0.5,0.4,0.9,1.3,1.4,1.5,-0.4999999999999999,-0.19999999999999996,1558.2120268181227,1509.401602848355,48.810423969767726,1,1
2026-06-05,Russia,Burkina Faso,0.5,0.7,1.7,2.0,0.8,0.9,0.8999999999999999,1.1,1831.9281121483352,1656.6746104092551,175.2535017390801,0,0
2026-06-05,Thailand,Kuwait,0.8,0.2,2.4,1.3,0.7,2.2,1.7,-0.9000000000000001,1534.3424063090454,1470.5502290656025,63.79217724344289,0,1
2026-06-05,Tajikistan,India,0.7,0.1,2.2,0.6,1.2,1.1,1.0000000000000002,-0.5000000000000001,1440.3915444962272,1234.3487380216734,206.0428064745538,0,0
2026-06-05,Slovakia,Montenegro,0.6,0.4,1.3,1.3,1.4,2.0,-0.09999999999999987,-0.7,1733.9757338475931,1509.5033561669572,224.47237768063587,0,1
2026-06-05,Singapore,China,0.5,0.4,1.8,0.9,1.1,1.2,0.7,-0.29999999999999993,1300.0938038710108,1550.300013133267,-250.20620926225615,0,2
2026-06-05,Paraguay,Nicaragua,0.4,0.2,1.0,0.6,1.0,1.8,0.0,-1.2000000000000002,1915.571015042236,1499.4427905492348,416.1282244930012,0,0
2026-06-05,Indonesia,Oman,0.4,0.2,1.5,0.7,1.6,1.1,-0.10000000000000009,-0.40000000000000013,1478.3969165508795,1592.0216157468817,-113.62469919600221,0,0
2026-06-05,Hungary,Finland,0.4,0.4,1.4,1.2,1.3,1.6,0.09999999999999987,-0.40000000000000013,1761.3583578732234,1609.4139880008106,151.94436987241284,0,0
2026-06-05,Hong Kong,Mongolia,0.4,0.2,1.9,0.5,0.9,2.3,0.9999999999999999,-1.7999999999999998,1331.4358956065198,983.5797723943708,347.856123212149,0,0
2026-06-05,Haiti,Peru,0.4,0.0,1.5,0.5,1.0,1.4,0.5,-0.8999999999999999,1711.710161840492,1764.4405614471686,-52.730399606676656,1,2
2026-06-05,Georgia,Bahrain,0.2,0.2,1.3,0.9,1.9,1.7,-0.5999999999999999,-0.7999999999999999,1701.478441712424,1546.618994621764,154.85944709066007,0,0
2026-06-05,Canada,Republic of Ireland,0.4,0.5,1.1,1.7,0.4,0.9,0.7000000000000001,0.7999999999999999,1902.6405753104875,1752.986200713474,149.65437459701343,0,1
2026-06-05,Belarus,Syria,0.3,0.5,1.2,2.0,2.3,0.8,-1.0999999999999999,1.2,1569.832600677785,1613.6031007088588,-43.77050003107388,0,0
2026-06-05,Azerbaijan,Malta,0.1,0.2,1.1,0.9,2.0,2.5,-0.8999999999999999,-1.6,1412.6358702835637,1332.9307069125025,79.70516337106119,1,2
2026-06-05,Angola,Mauritania,0.2,0.1,1.1,0.5,1.3,1.2,-0.19999999999999996,-0.7,1585.0801489509213,1428.0469403408658,157.03320861005545,1,1
2026-06-05,Moldova,Bulgaria,0.0,0.3,0.6,1.4,3.3,2.6,-2.6999999999999997,-1.2000000000000002,1309.6820085733525,1540.7785962690375,-231.096587695685,0,1
2026-06-06,Jamaica,South Africa,0.5,0.4,1.1,1.4,0.7,1.0,0.40000000000000013,0.3999999999999999,1666.0455128116464,1652.3846853384275,13.660827473218887,1,2
2026-06-06,Kyrgyzstan,Palestine,0.2,0.3,1.2,0.9,2.0,1.0,-0.8,-0.09999999999999998,1450.6465819003886,1590.3675419078556,-139.72096000746706,0,1
2026-06-06,Panama,Bosnia and Herzegovina,0.5,0.3,1.8,2.0,1.5,1.1,0.30000000000000004,0.8999999999999999,1856.6926983735648,1643.5849929103467,213.10770546321805,1,1
2026-06-06,Portugal,Chile,0.6,0.4,2.6,1.1,1.0,1.4,1.6,-0.2999999999999998,2030.7026764413715,1796.8695985310271,233.8330779103444,0,0
2026-06-06,Qatar,El Salvador,0.1,0.2,0.9,0.5,1.7,1.6,-0.7999999999999999,-1.1,1568.2263934789148,1491.5543332599668,76.67206021894799,1,1
2026-06-06,Romania,Wales,0.4,0.3,1.6,1.7,1.4,1.6,0.20000000000000018,0.09999999999999987,1688.5237171180142,1749.470522300506,-60.946805182491744,0,0
2026-06-06,Myanmar,Guam,0.3,0.2,1.1,1.4,2.2,2.4,-1.1,-1.0,1125.742634393433,994.4252058794328,131.3174285140002,1,0
2026-06-06,British Virgin Islands,Bonaire,0.3,0.2,1.5,0.9,1.6,2.2,-0.10000000000000009,-1.3000000000000003,1005.7884001660592,1143.5873830822422,-137.79898291618304,1,0
2026-06-06,Gibraltar,Cayman Islands,0.1,0.3,0.6,0.9,2.8,1.7,-2.1999999999999997,-0.7999999999999999,1122.3518984041082,1054.4759738250557,67.87592457905248,0,0
2026-06-06,Venezuela,Turkey,0.4,0.7,1.1,2.3,1.5,1.3,-0.3999999999999999,0.9999999999999998,1815.9318926046224,1958.6521936852173,-142.72030108059494,1,2
2026-06-06,Lithuania,Latvia,0.1,0.1,0.6,0.5,1.9,1.5,-1.2999999999999998,-1.0,1353.5863299501343,1347.5970094180682,5.989320532066131,0,1
2026-06-06,United States,Germany,0.5,0.8,1.8,2.6,1.7,0.9,0.10000000000000009,1.7000000000000002,1834.091835300568,1995.914631837643,-161.82279653707496,0,2
2026-06-06,Estonia,Faroe Islands,0.1,0.6,0.9,1.3,2.2,0.9,-1.3000000000000003,0.4,1402.0135789466028,1432.5042599069243,-30.49068096032147,0,0
2026-06-06,Gibraltar,Cayman Islands,0.1,0.3,0.6,0.9,2.8,1.7,-2.1999999999999997,-0.7999999999999999,1122.3518984041082,1054.4759738250557,67.87592457905248,0,0
2026-06-06,Sierra Leone,Liberia,0.4,0.2,1.1,1.1,0.9,1.9,0.20000000000000007,-0.7999999999999998,1477.8470500371957,1429.7591044102778,48.08794562691787,0,0
2026-06-06,Albania,Luxembourg,0.5,0.0,1.0,0.2,0.9,1.8,0.09999999999999998,-1.6,1690.062101233081,1444.7475188754129,245.3145823576681,0,2
2026-06-06,Argentina,Honduras,0.8,0.3,2.5,1.0,0.4,0.7,2.1,0.30000000000000004,2185.290772319519,1707.7042897462395,477.58648257327945,1,0
2026-06-06,Armenia,Kazakhstan,0.1,0.3,0.9,1.0,3.4,1.5,-2.5,-0.5,1441.1184992450994,1510.4440095537336,-69.3255103086342,0,1
2026-06-06,Australia,Switzerland,0.6,0.6,1.4,2.5,1.0,0.7,0.3999999999999999,1.8,1900.512180221164,1958.3666579528235,-57.85447773165947,1,1
2026-06-06,Belgium,Tunisia,0.7,0.3,3.6,1.3,0.9,1.0,2.7,0.30000000000000004,1956.6112322824176,1743.7052558517798,212.9059764306378,0,0
2026-06-06,Vanuatu,Fiji,0.3,0.1,1.4,0.9,2.4,2.9,-1.0,-2.0,1426.4680783098486,1419.3251460011415,7.1429323087070316,0,0
2026-06-06,Bolivia,Scotland,0.4,0.6,0.9,2.1,1.3,1.0,-0.4,1.1,1741.6546901462746,1823.434198238425,-81.77950809215054,1,2
2026-06-06,Bermuda,Cape Verde,0.2,0.4,1.1,1.7,2.8,1.0,-1.6999999999999997,0.7,1305.826195279289,1684.8250642070784,-378.9988689277893,1,0
2026-06-06,England,New Zealand,0.7,0.1,2.2,0.8,0.5,1.9,1.7000000000000002,-1.0999999999999999,2080.414426069812,1737.5310302907153,342.8833957790969,1,0
2026-06-06,Ethiopia,Malawi,0.3,0.4,1.1,1.1,2.0,0.8,-0.8999999999999999,0.30000000000000004,1384.733193791992,1444.8343818198184,-60.10118802782631,0,0
2026-06-06,Brazil,Egypt,0.6,0.6,2.4,1.4,1.0,0.5,1.4,0.8999999999999999,2063.611371980136,1814.036042511135,249.57532946900096,1,0
2026-06-06,Curaçao,Aruba,0.3,0.4,1.6,1.8,1.6,2.0,0.0,-0.19999999999999996,1602.0896038849346,1213.9338627235934,388.1557411613412,0,0
2026-06-07,Afghanistan,Pakistan,0.1,0.1,0.4,0.4,1.2,2.5,-0.7999999999999999,-2.1,1234.1460819855283,1057.655761399321,176.49032058620742,0,2
2026-06-07,Croatia,Slovenia,0.7,0.2,2.2,0.9,1.0,1.3,1.2000000000000002,-0.4,1962.6205212645027,1739.681120822793,222.93940044170972,0,0
2026-06-07,Greece,Italy,0.3,0.8,1.6,2.5,1.5,1.0,0.10000000000000009,1.5,1804.1503059351064,1912.747115260657,-108.59680932555057,0,2
2026-06-07,Jordan,Colombia,0.5,0.6,1.9,2.4,1.6,1.1,0.2999999999999998,1.2999999999999998,1780.235402293859,2057.7187420248115,-277.4833397309526,1,2
2026-06-07,Kosovo,Andorra,0.5,0.1,1.5,0.5,1.3,1.5,0.19999999999999996,-1.0,1763.9753990053655,1145.373995555695,618.6014034496704,0,0
2026-06-07,Liechtenstein,Cyprus,0.1,0.2,0.3,1.4,3.5,1.7,-3.2,-0.30000000000000004,992.1723440244244,1364.7144883311228,-372.54214430669833,0,2
2026-06-07,Morocco,Norway,0.7,0.7,2.2,3.1,0.3,0.7,1.9000000000000001,2.4000000000000004,1984.877959098271,1962.4007147230136,22.477244375257442,1,1
2026-06-07,Denmark,Ukraine,0.5,0.6,2.7,1.6,0.9,1.5,1.8000000000000003,0.10000000000000009,1915.564572551027,1847.6163130609875,67.94825949003939,0,0
2026-06-07,Ecuador,Guatemala,0.3,0.2,0.9,1.1,0.5,2.2,0.4,-1.1,2023.0051618198788,1648.0831646599197,374.9219971599591,1,0
2026-06-08,Peru,Spain,0.1,0.6,0.7,2.7,1.4,0.5,-0.7,2.2,1772.9344052051406,2211.033076601402,-438.0986713962616,1,2
2026-06-08,Mauritania,Niger,0.1,0.3,0.5,1.0,1.1,1.3,-0.6000000000000001,-0.30000000000000004,1432.2821752325056,1510.7973095824543,-78.51513434994877,1,0
2026-06-08,Netherlands,Uzbekistan,0.6,0.4,2.8,1.3,0.7,0.7,2.0999999999999996,0.6000000000000001,2004.516894651244,1825.7176609237756,178.7992337274684,1,0
2026-06-08,France,Northern Ireland,0.8,0.5,2.4,1.0,0.8,0.9,1.5999999999999999,0.09999999999999998,2120.324211838747,1662.8459404124435,457.47827142630354,0,0
2026-06-09,Liberia,Sierra Leone,0.2,0.4,1.0,1.1,1.5,0.9,-0.5,0.20000000000000007,1423.7807744723789,1483.8253799750946,-60.04460550271574,0,0
2026-06-09,Togo,Benin,0.3,0.4,1.0,0.6,1.0,1.5,0.0,-0.9,1478.0226657503897,1556.8163200840231,-78.79365433363341,0,0
2026-06-09,Russia,Trinidad and Tobago,0.5,0.1,1.6,1.0,0.7,2.0,0.9000000000000001,-1.0,1837.8837478087528,1538.0083314570566,299.87541635169623,0,0
2026-06-09,Estonia,Lithuania,0.2,0.1,0.9,0.7,1.9,2.0,-0.9999999999999999,-1.3,1414.0520279619052,1349.1472602383362,64.90476772356897,0,0
2026-06-09,Latvia,Faroe Islands,0.0,0.6,0.5,1.3,1.6,0.9,-1.1,0.4,1352.0360791298665,1420.465810891622,-68.42973176175542,0,2
2026-06-09,Philippines,Myanmar,0.7,0.4,2.5,1.5,1.1,2.0,1.4,-0.5,1331.1820118306327,1144.9145477149298,186.26746411570298,0,0
2026-06-09,Tajikistan,India,0.8,0.1,2.5,0.6,1.0,1.3,1.5,-0.7000000000000001,1444.7887810316429,1229.951501486258,214.83727954538494,0,1
2026-06-09,Saudi Arabia,Senegal,0.4,0.7,1.2,1.9,1.5,0.9,-0.30000000000000004,0.9999999999999999,1686.3534842134952,1919.236730198249,-232.88324598475378,1,1
2026-06-09,Kyrgyzstan,Palestine,0.2,0.2,1.1,0.7,1.7,0.9,-0.5999999999999999,-0.20000000000000007,1451.7848879517487,1589.2292358564955,-137.4443479047468,0,1
2026-06-09,Indonesia,Mozambique,0.5,0.3,1.7,1.0,1.1,1.8,0.5999999999999999,-0.8,1496.58282812446,1501.6916969419144,-5.108868817454322,0,0
2026-06-09,Hungary,Kazakhstan,0.5,0.3,1.6,1.0,1.2,1.2,0.40000000000000013,-0.19999999999999996,1765.157440097474,1511.324605496584,253.83283460089,0,0
2026-06-09,Equatorial Guinea,Comoros,0.2,0.1,0.8,1.1,1.6,1.5,-0.8,-0.3999999999999999,1453.5540905789935,1476.365916857174,-22.811826278180433,1,2
2026-06-09,DR Congo,Chile,0.6,0.4,1.1,1.2,0.3,1.6,0.8,-0.40000000000000013,1772.396365633786,1794.31615106239,-21.919785428603973,1,2
2026-06-09,China,Thailand,0.4,0.7,0.9,2.4,1.2,0.9,-0.29999999999999993,1.5,1556.2273611260082,1529.9488518898402,26.27850923616802,0,1
2026-06-09,Cambodia,Hong Kong,0.2,0.4,1.5,1.9,1.8,0.9,-0.30000000000000004,0.9999999999999999,1054.944287929505,1333.5527974429322,-278.6085095134272,0,0
2026-06-09,Belarus,Burkina Faso,0.3,0.6,1.2,1.9,2.3,1.2,-1.0999999999999999,0.7,1584.5248457477182,1650.7189747488378,-66.19412900111956,0,1
2026-06-09,Azerbaijan,San Marino,0.1,0.0,1.1,0.4,2.2,3.9,-1.1,-3.5,1394.2538453881684,903.805262184421,490.4485832037474,1,0
2026-06-09,Armenia,Moldova,0.1,0.0,0.9,0.8,2.9,3.3,-2.0,-2.5,1440.2379033022492,1313.2858412899418,126.95206201230735,0,1
2026-06-09,Argentina,Iceland,0.8,0.2,2.3,1.6,0.3,1.9,1.9999999999999998,-0.2999999999999998,2187.094712831101,1633.0034125349257,554.0913002961752,1,0
2026-06-09,Angola,Central African Republic,0.2,0.2,1.1,0.7,1.2,1.9,-0.09999999999999987,-1.2,1580.8449140592816,1369.5458849282777,211.29902913100386,1,0
2026-06-09,Ethiopia,Malawi,0.4,0.3,1.1,0.8,1.6,0.9,-0.5,-0.09999999999999998,1393.5898353732882,1435.977740238522,-42.38790486523385,0,1
2026-06-09,Iraq,Venezuela,0.5,0.3,1.1,1.1,0.8,1.7,0.30000000000000004,-0.5999999999999999,1750.3634889887896,1809.823257665012,-59.45976867622244,1,2
